#
# There is insufficient memory for the Java Runtime Environment to continue.
# Native memory allocation (mmap) failed to map 102760448 bytes. Error detail: G1 virtual space
# Possible reasons:
#   The system is out of physical RAM or swap space
#   This process is running with CompressedOops enabled, and the Java Heap may be blocking the growth of the native heap
# Possible solutions:
#   Reduce memory load on the system
#   Increase physical memory or swap space
#   Check if swap backing store is full
#   Decrease Java heap size (-Xmx/-Xms)
#   Decrease number of Java threads
#   Decrease Java thread stack sizes (-Xss)
#   Set larger code cache with -XX:ReservedCodeCacheSize=
#   JVM is running with Unscaled Compressed Oops mode in which the Java heap is
#     placed in the first 4GB address space. The Java Heap base address is the
#     maximum limit for the native heap growth. Please use -XX:HeapBaseMinAddress
#     to set the Java Heap base and to place the Java Heap above 4GB virtual address.
# This output file may be truncated or incomplete.
#
#  Out of Memory Error (os_windows.cpp:3926), pid=13344, tid=21820
#
# JRE version: OpenJDK Runtime Environment (21.0.10) (build 21.0.10+-14961533-b1163.108)
# Java VM: OpenJDK 64-Bit Server VM (21.0.10+-14961533-b1163.108, mixed mode, tiered, compressed oops, compressed class ptrs, g1 gc, windows-amd64)
# No core dump will be written. Minidumps are not enabled by default on client versions of Windows
#

---------------  S U M M A R Y ------------

Command Line: --add-opens=java.base/java.lang=ALL-UNNAMED --add-opens=java.base/java.lang.invoke=ALL-UNNAMED --add-opens=java.base/java.util=ALL-UNNAMED --add-opens=java.prefs/java.util.prefs=ALL-UNNAMED --add-exports=jdk.compiler/com.sun.tools.javac.api=ALL-UNNAMED --add-exports=jdk.compiler/com.sun.tools.javac.util=ALL-UNNAMED --add-opens=java.base/java.util=ALL-UNNAMED --add-opens=java.prefs/java.util.prefs=ALL-UNNAMED --add-opens=java.base/java.nio.charset=ALL-UNNAMED --add-opens=java.base/java.net=ALL-UNNAMED --add-opens=java.base/java.util.concurrent.atomic=ALL-UNNAMED --add-opens=java.xml/javax.xml.namespace=ALL-UNNAMED -Xmx2048m -Dfile.encoding=UTF-8 -Duser.country=GB -Duser.language=en -Duser.variant -javaagent:C:\Users\admin\.gradle\wrapper\dists\gradle-8.14.4-bin\92wwslzcyst3phie3o264zltu\gradle-8.14.4\lib\agents\gradle-instrumentation-agent-8.14.4.jar org.gradle.launcher.daemon.bootstrap.GradleDaemon 8.14.4

Host: AMD Ryzen 5 3500U with Radeon Vega Mobile Gfx  , 8 cores, 6G,  Windows 11 , 64 bit Build 26100 (10.0.26100.7705)
Time: Thu May 28 08:42:26 2026 South Africa Standard Time elapsed time: 80.630323 seconds (0d 0h 1m 20s)

---------------  T H R E A D  ---------------

Current thread (0x000001c57ee2ef20):  VMThread "VM Thread"          [id=21820, stack(0x0000009109e00000,0x0000009109f00000) (1024K)]

Stack: [0x0000009109e00000,0x0000009109f00000]
Native frames: (J=compiled Java code, j=interpreted, Vv=VM code, C=native code)
V  [jvm.dll+0x6d78a9]
V  [jvm.dll+0x8665b3]
V  [jvm.dll+0x868bde]
V  [jvm.dll+0x8692c3]
V  [jvm.dll+0x280ee6]
V  [jvm.dll+0x6d4165]
V  [jvm.dll+0x6c77fa]
V  [jvm.dll+0x358f4b]
V  [jvm.dll+0x360bc6]
V  [jvm.dll+0x3b2ea6]
V  [jvm.dll+0x3b3178]
V  [jvm.dll+0x32b65c]
V  [jvm.dll+0x32e066]
V  [jvm.dll+0x337f3d]
V  [jvm.dll+0x36f6a5]
V  [jvm.dll+0x86f048]
V  [jvm.dll+0x870394]
V  [jvm.dll+0x8708d0]
V  [jvm.dll+0x870b63]
V  [jvm.dll+0x80fd28]
V  [jvm.dll+0x6d60fd]
C  [ucrtbase.dll+0x37b0]
C  [KERNEL32.DLL+0x2e8d7]
C  [ntdll.dll+0x8c40c]

VM_Operation (0x00000091099ff830): G1PauseRemark, mode: safepoint, requested by thread 0x000001c57a7a8550


---------------  P R O C E S S  ---------------

Threads class SMR info:
_java_thread_list=0x000001c51ba89cb0, length=142, elements={
0x000001c57a73d2e0, 0x000001c57eff22c0, 0x000001c57f00b260, 0x000001c57eff7900,
0x000001c57f023150, 0x000001c57f023bb0, 0x000001c57f024610, 0x000001c57f025810,
0x000001c57f03a580, 0x000001c57f03b7c0, 0x000001c57f353830, 0x000001c5174cc370,
0x000001c57f6ef830, 0x000001c5177e9fa0, 0x000001c517becec0, 0x000001c5176ba100,
0x000001c517712940, 0x000001c517711590, 0x000001c5177122b0, 0x000001c51770fb50,
0x000001c5177101e0, 0x000001c517711c20, 0x000001c517710870, 0x000001c517712fd0,
0x000001c51a02f9a0, 0x000001c51a02f310, 0x000001c51a02e5f0, 0x000001c51a031a70,
0x000001c51a02ec80, 0x000001c51a030d50, 0x000001c51a032e20, 0x000001c51a032790,
0x000001c51a0341d0, 0x000001c51a034860, 0x000001c51a0313e0, 0x000001c51a035580,
0x000001c51a035c10, 0x000001c51b3aad50, 0x000001c51b3ac100, 0x000001c51b3aa6c0,
0x000001c51b3aa030, 0x000001c51b3aba70, 0x000001c51b3a8c80, 0x000001c51b3a9310,
0x000001c51b3ab3e0, 0x000001c51b3ac790, 0x000001c51b3ace20, 0x000001c51b3a99a0,
0x000001c51b3aeef0, 0x000001c51b3af580, 0x000001c51b3afc10, 0x000001c51b3ad4b0,
0x000001c51b3adb40, 0x000001c51b3ae1d0, 0x000001c51b3ae860, 0x000001c51a0379b0,
0x000001c51a037320, 0x000001c51a039a80, 0x000001c51a036600, 0x000001c51a03a110,
0x000001c51a0386d0, 0x000001c51a038d60, 0x000001c51a036c90, 0x000001c51a03a7a0,
0x000001c51a03b4c0, 0x000001c51a03ae30, 0x000001c51a038040, 0x000001c51a03c1e0,
0x000001c51a03cf00, 0x000001c51a03dc20, 0x000001c51a03c870, 0x000001c51a03d590,
0x000001c518ebb500, 0x000001c518eb9ac0, 0x000001c518eba7e0, 0x000001c518eba150,
0x000001c518ebae70, 0x000001c518ebbb90, 0x000001c518eb8da0, 0x000001c518eb8710,
0x000001c518ebc220, 0x000001c518ebc8b0, 0x000001c518eb9430, 0x000001c518ebcf40,
0x000001c518ebd5d0, 0x000001c518ebf6a0, 0x000001c518ebfd30, 0x000001c518ebdc60,
0x000001c518ebe2f0, 0x000001c518d11a00, 0x000001c518d13440, 0x000001c5212e0ca0,
0x000001c518d15ba0, 0x000001c518d168c0, 0x000001c518d18300, 0x000001c518d175e0,
0x000001c522cf4700, 0x000001c522cf4d90, 0x000001c522cf5ab0, 0x000001c522cf5420,
0x000001c522cf2cc0, 0x000001c522cf67d0, 0x000001c522cf3350, 0x000001c522cf88a0,
0x000001c522cf8f30, 0x000001c522cf95c0, 0x000001c522cf6e60, 0x000001c522cf74f0,
0x000001c522cf8210, 0x000001c5212e4120, 0x000001c5212e3a90, 0x000001c5212e61f0,
0x000001c5212e2d70, 0x000001c518ebe980, 0x000001c523117910, 0x000001c523119350,
0x000001c523116560, 0x000001c51c6f3220, 0x000001c51c6f2500, 0x000001c51c6f38b0,
0x000001c51c6f0430, 0x000001c51c6f6010, 0x000001c51c6f6d30, 0x000001c51c6f4c60,
0x000001c51c6f5980, 0x000001c51c6f3f40, 0x000001c51c6f8770, 0x000001c51c6fa1b0,
0x000001c51c6f9b20, 0x000001c51c6f8e00, 0x000001c51c6f80e0, 0x000001c51c6f9490,
0x000001c51c6faed0, 0x000001c51c6f7a50, 0x000001c51c6fdcc0, 0x000001c51c6efda0,
0x000001c5212e5b60, 0x000001c52238f380, 0x000001c52238d940, 0x000001c52238d2b0,
0x000001c52238dfd0, 0x000001c52238e660
}

Java Threads: ( => current thread )
  0x000001c57a73d2e0 JavaThread "main"                              [_thread_blocked, id=20056, stack(0x0000009109700000,0x0000009109800000) (1024K)]
  0x000001c57eff22c0 JavaThread "Common-Cleaner"             daemon [_thread_blocked, id=10728, stack(0x0000009109f00000,0x000000910a000000) (1024K)]
  0x000001c57f00b260 JavaThread "Reference Handler"          daemon [_thread_blocked, id=16260, stack(0x000000910a000000,0x000000910a100000) (1024K)]
  0x000001c57eff7900 JavaThread "Finalizer"                  daemon [_thread_blocked, id=22876, stack(0x000000910a100000,0x000000910a200000) (1024K)]
  0x000001c57f023150 JavaThread "Signal Dispatcher"          daemon [_thread_blocked, id=23020, stack(0x000000910a200000,0x000000910a300000) (1024K)]
  0x000001c57f023bb0 JavaThread "Attach Listener"            daemon [_thread_blocked, id=6800, stack(0x000000910a300000,0x000000910a400000) (1024K)]
  0x000001c57f024610 JavaThread "Service Thread"             daemon [_thread_blocked, id=7400, stack(0x000000910a400000,0x000000910a500000) (1024K)]
  0x000001c57f025810 JavaThread "Monitor Deflation Thread"   daemon [_thread_blocked, id=2164, stack(0x000000910a500000,0x000000910a600000) (1024K)]
  0x000001c57f03a580 JavaThread "C2 CompilerThread0"         daemon [_thread_blocked, id=14848, stack(0x000000910a600000,0x000000910a700000) (1024K)]
  0x000001c57f03b7c0 JavaThread "C1 CompilerThread0"         daemon [_thread_blocked, id=2960, stack(0x000000910a700000,0x000000910a800000) (1024K)]
  0x000001c57f353830 JavaThread "Notification Thread"        daemon [_thread_blocked, id=2304, stack(0x000000910a800000,0x000000910a900000) (1024K)]
  0x000001c5174cc370 JavaThread "Daemon health stats"               [_thread_blocked, id=22608, stack(0x000000910b000000,0x000000910b100000) (1024K)]
  0x000001c57f6ef830 JavaThread "Incoming local TCP Connector on port 10837"        [_thread_in_native, id=864, stack(0x000000910b100000,0x000000910b200000) (1024K)]
  0x000001c5177e9fa0 JavaThread "Daemon periodic checks"            [_thread_blocked, id=10012, stack(0x000000910b200000,0x000000910b300000) (1024K)]
  0x000001c517becec0 JavaThread "Daemon"                            [_thread_blocked, id=13692, stack(0x000000910b300000,0x000000910b400000) (1024K)]
  0x000001c5176ba100 JavaThread "Handler for socket connection from /127.0.0.1:10837 to /127.0.0.1:10838"        [_thread_in_native, id=19788, stack(0x000000910b400000,0x000000910b500000) (1024K)]
  0x000001c517712940 JavaThread "Cancel handler"                    [_thread_blocked, id=11716, stack(0x000000910b500000,0x000000910b600000) (1024K)]
  0x000001c517711590 JavaThread "Daemon worker"                     [_thread_blocked, id=24568, stack(0x000000910b600000,0x000000910b700000) (1024K)]
  0x000001c5177122b0 JavaThread "Asynchronous log dispatcher for DefaultDaemonConnection: socket connection from /127.0.0.1:10837 to /127.0.0.1:10838"        [_thread_blocked, id=19756, stack(0x000000910b700000,0x000000910b800000) (1024K)]
  0x000001c51770fb50 JavaThread "Stdin handler"                     [_thread_blocked, id=19664, stack(0x000000910b800000,0x000000910b900000) (1024K)]
  0x000001c5177101e0 JavaThread "Daemon client event forwarder"        [_thread_blocked, id=18312, stack(0x000000910b900000,0x000000910ba00000) (1024K)]
  0x000001c517711c20 JavaThread "Cache worker for journal cache (C:\Users\admin\.gradle\caches\journal-1)"        [_thread_blocked, id=7312, stack(0x000000910bc00000,0x000000910bd00000) (1024K)]
  0x000001c517710870 JavaThread "File lock request listener"        [_thread_in_native, id=20712, stack(0x000000910bd00000,0x000000910be00000) (1024K)]
  0x000001c517712fd0 JavaThread "Cache worker for file hash cache (C:\Users\admin\.gradle\caches\8.14.4\fileHashes)"        [_thread_blocked, id=20492, stack(0x000000910be00000,0x000000910bf00000) (1024K)]
  0x000001c51a02f9a0 JavaThread "Cache worker for file hash cache (C:\Users\admin\Desktop\ORGANISED\Git\android\.gradle\8.14.4\fileHashes)"        [_thread_blocked, id=9424, stack(0x000000910bf00000,0x000000910c000000) (1024K)]
  0x000001c51a02f310 JavaThread "Cache worker for Build Output Cleanup Cache (C:\Users\admin\Desktop\ORGANISED\Git\android\.gradle\buildOutputCleanup)"        [_thread_blocked, id=13432, stack(0x000000910c000000,0x000000910c100000) (1024K)]
  0x000001c51a02e5f0 JavaThread "File watcher server"        daemon [_thread_blocked, id=17716, stack(0x000000910c100000,0x000000910c200000) (1024K)]
  0x000001c51a031a70 JavaThread "File watcher consumer"      daemon [_thread_blocked, id=20576, stack(0x000000910c200000,0x000000910c300000) (1024K)]
  0x000001c51a02ec80 JavaThread "jar transforms"                    [_thread_blocked, id=6816, stack(0x000000910c300000,0x000000910c400000) (1024K)]
  0x000001c51a030d50 JavaThread "jar transforms Thread 2"           [_thread_blocked, id=13320, stack(0x000000910c400000,0x000000910c500000) (1024K)]
  0x000001c51a032e20 JavaThread "Cache worker for checksums cache (C:\Users\admin\Desktop\ORGANISED\Git\android\.gradle\8.14.4\checksums)"        [_thread_blocked, id=14144, stack(0x000000910c500000,0x000000910c600000) (1024K)]
  0x000001c51a032790 JavaThread "Cache worker for file content cache (C:\Users\admin\.gradle\caches\8.14.4\fileContent)"        [_thread_blocked, id=18260, stack(0x000000910c600000,0x000000910c700000) (1024K)]
  0x000001c51a0341d0 JavaThread "jar transforms Thread 3"           [_thread_blocked, id=19524, stack(0x000000910c700000,0x000000910c800000) (1024K)]
  0x000001c51a034860 JavaThread "jar transforms Thread 4"           [_thread_blocked, id=7656, stack(0x000000910c800000,0x000000910c900000) (1024K)]
  0x000001c51a0313e0 JavaThread "jar transforms Thread 5"           [_thread_blocked, id=19824, stack(0x000000910c900000,0x000000910ca00000) (1024K)]
  0x000001c51a035580 JavaThread "Cache worker for cache directory md-supplier (C:\Users\admin\.gradle\caches\8.14.4\md-supplier)"        [_thread_blocked, id=23188, stack(0x000000910ca00000,0x000000910cb00000) (1024K)]
  0x000001c51a035c10 JavaThread "Cache worker for cache directory md-rule (C:\Users\admin\.gradle\caches\8.14.4\md-rule)"        [_thread_blocked, id=17944, stack(0x000000910cb00000,0x000000910cc00000) (1024K)]
  0x000001c51b3aad50 JavaThread "Unconstrained build operations"        [_thread_blocked, id=11744, stack(0x000000910ab00000,0x000000910ac00000) (1024K)]
  0x000001c51b3ac100 JavaThread "Unconstrained build operations Thread 2"        [_thread_blocked, id=19952, stack(0x000000910cc00000,0x000000910cd00000) (1024K)]
  0x000001c51b3aa6c0 JavaThread "Unconstrained build operations Thread 3"        [_thread_blocked, id=3756, stack(0x000000910ce00000,0x000000910cf00000) (1024K)]
  0x000001c51b3aa030 JavaThread "Unconstrained build operations Thread 4"        [_thread_blocked, id=23272, stack(0x000000910cf00000,0x000000910d000000) (1024K)]
  0x000001c51b3aba70 JavaThread "Unconstrained build operations Thread 5"        [_thread_blocked, id=22648, stack(0x000000910d000000,0x000000910d100000) (1024K)]
  0x000001c51b3a8c80 JavaThread "Unconstrained build operations Thread 6"        [_thread_blocked, id=13416, stack(0x000000910d100000,0x000000910d200000) (1024K)]
  0x000001c51b3a9310 JavaThread "Unconstrained build operations Thread 7"        [_thread_blocked, id=24004, stack(0x000000910d200000,0x000000910d300000) (1024K)]
  0x000001c51b3ab3e0 JavaThread "Unconstrained build operations Thread 8"        [_thread_blocked, id=21984, stack(0x000000910d300000,0x000000910d400000) (1024K)]
  0x000001c51b3ac790 JavaThread "Unconstrained build operations Thread 9"        [_thread_blocked, id=22704, stack(0x000000910d400000,0x000000910d500000) (1024K)]
  0x000001c51b3ace20 JavaThread "Unconstrained build operations Thread 10"        [_thread_blocked, id=23524, stack(0x000000910d500000,0x000000910d600000) (1024K)]
  0x000001c51b3a99a0 JavaThread "Unconstrained build operations Thread 11"        [_thread_blocked, id=6108, stack(0x000000910d600000,0x000000910d700000) (1024K)]
  0x000001c51b3aeef0 JavaThread "Unconstrained build operations Thread 12"        [_thread_blocked, id=12896, stack(0x000000910d700000,0x000000910d800000) (1024K)]
  0x000001c51b3af580 JavaThread "Unconstrained build operations Thread 13"        [_thread_blocked, id=780, stack(0x000000910d800000,0x000000910d900000) (1024K)]
  0x000001c51b3afc10 JavaThread "Unconstrained build operations Thread 14"        [_thread_blocked, id=18372, stack(0x000000910d900000,0x000000910da00000) (1024K)]
  0x000001c51b3ad4b0 JavaThread "jar transforms Thread 6"           [_thread_blocked, id=3768, stack(0x000000910da00000,0x000000910db00000) (1024K)]
  0x000001c51b3adb40 JavaThread "jar transforms Thread 7"           [_thread_blocked, id=20564, stack(0x000000910db00000,0x000000910dc00000) (1024K)]
  0x000001c51b3ae1d0 JavaThread "Unconstrained build operations Thread 15"        [_thread_blocked, id=15948, stack(0x000000910cd00000,0x000000910ce00000) (1024K)]
  0x000001c51b3ae860 JavaThread "Unconstrained build operations Thread 16"        [_thread_blocked, id=17080, stack(0x000000910dc00000,0x000000910dd00000) (1024K)]
  0x000001c51a0379b0 JavaThread "Unconstrained build operations Thread 17"        [_thread_blocked, id=20324, stack(0x000000910dd00000,0x000000910de00000) (1024K)]
  0x000001c51a037320 JavaThread "Unconstrained build operations Thread 18"        [_thread_blocked, id=21008, stack(0x000000910de00000,0x000000910df00000) (1024K)]
  0x000001c51a039a80 JavaThread "Unconstrained build operations Thread 19"        [_thread_blocked, id=20072, stack(0x000000910df00000,0x000000910e000000) (1024K)]
  0x000001c51a036600 JavaThread "Unconstrained build operations Thread 20"        [_thread_blocked, id=19132, stack(0x000000910e000000,0x000000910e100000) (1024K)]
  0x000001c51a03a110 JavaThread "Unconstrained build operations Thread 21"        [_thread_blocked, id=22784, stack(0x000000910e100000,0x000000910e200000) (1024K)]
  0x000001c51a0386d0 JavaThread "jar transforms Thread 8"           [_thread_blocked, id=8576, stack(0x000000910e200000,0x000000910e300000) (1024K)]
  0x000001c51a038d60 JavaThread "Unconstrained build operations Thread 22"        [_thread_blocked, id=10472, stack(0x000000910e300000,0x000000910e400000) (1024K)]
  0x000001c51a036c90 JavaThread "Unconstrained build operations Thread 23"        [_thread_blocked, id=840, stack(0x000000910e400000,0x000000910e500000) (1024K)]
  0x000001c51a03a7a0 JavaThread "Unconstrained build operations Thread 24"        [_thread_blocked, id=4188, stack(0x000000910e500000,0x000000910e600000) (1024K)]
  0x000001c51a03b4c0 JavaThread "Unconstrained build operations Thread 25"        [_thread_blocked, id=13720, stack(0x000000910e600000,0x000000910e700000) (1024K)]
  0x000001c51a03ae30 JavaThread "Unconstrained build operations Thread 26"        [_thread_blocked, id=21004, stack(0x000000910e700000,0x000000910e800000) (1024K)]
  0x000001c51a038040 JavaThread "Unconstrained build operations Thread 27"        [_thread_blocked, id=22800, stack(0x000000910e800000,0x000000910e900000) (1024K)]
  0x000001c51a03c1e0 JavaThread "Unconstrained build operations Thread 28"        [_thread_blocked, id=21612, stack(0x000000910e900000,0x000000910ea00000) (1024K)]
  0x000001c51a03cf00 JavaThread "Unconstrained build operations Thread 29"        [_thread_blocked, id=22480, stack(0x000000910ea00000,0x000000910eb00000) (1024K)]
  0x000001c51a03dc20 JavaThread "Unconstrained build operations Thread 30"        [_thread_blocked, id=7888, stack(0x000000910eb00000,0x000000910ec00000) (1024K)]
  0x000001c51a03c870 JavaThread "Unconstrained build operations Thread 31"        [_thread_blocked, id=23024, stack(0x000000910ec00000,0x000000910ed00000) (1024K)]
  0x000001c51a03d590 JavaThread "Unconstrained build operations Thread 32"        [_thread_blocked, id=23224, stack(0x000000910ed00000,0x000000910ee00000) (1024K)]
  0x000001c518ebb500 JavaThread "Unconstrained build operations Thread 33"        [_thread_blocked, id=20444, stack(0x000000910ee00000,0x000000910ef00000) (1024K)]
  0x000001c518eb9ac0 JavaThread "Unconstrained build operations Thread 34"        [_thread_blocked, id=22468, stack(0x000000910ef00000,0x000000910f000000) (1024K)]
  0x000001c518eba7e0 JavaThread "Unconstrained build operations Thread 35"        [_thread_blocked, id=10292, stack(0x000000910f000000,0x000000910f100000) (1024K)]
  0x000001c518eba150 JavaThread "Unconstrained build operations Thread 36"        [_thread_blocked, id=2984, stack(0x000000910f100000,0x000000910f200000) (1024K)]
  0x000001c518ebae70 JavaThread "Unconstrained build operations Thread 37"        [_thread_blocked, id=23044, stack(0x000000910f200000,0x000000910f300000) (1024K)]
  0x000001c518ebbb90 JavaThread "Unconstrained build operations Thread 38"        [_thread_blocked, id=3868, stack(0x000000910f300000,0x000000910f400000) (1024K)]
  0x000001c518eb8da0 JavaThread "Unconstrained build operations Thread 39"        [_thread_blocked, id=16904, stack(0x000000910f400000,0x000000910f500000) (1024K)]
  0x000001c518eb8710 JavaThread "Unconstrained build operations Thread 40"        [_thread_blocked, id=16184, stack(0x000000910f500000,0x000000910f600000) (1024K)]
  0x000001c518ebc220 JavaThread "Unconstrained build operations Thread 41"        [_thread_blocked, id=11152, stack(0x000000910f600000,0x000000910f700000) (1024K)]
  0x000001c518ebc8b0 JavaThread "Unconstrained build operations Thread 42"        [_thread_blocked, id=10780, stack(0x000000910f800000,0x000000910f900000) (1024K)]
  0x000001c518eb9430 JavaThread "Unconstrained build operations Thread 43"        [_thread_blocked, id=19836, stack(0x000000910f900000,0x000000910fa00000) (1024K)]
  0x000001c518ebcf40 JavaThread "Unconstrained build operations Thread 44"        [_thread_blocked, id=20668, stack(0x000000910fa00000,0x000000910fb00000) (1024K)]
  0x000001c518ebd5d0 JavaThread "Unconstrained build operations Thread 45"        [_thread_blocked, id=15856, stack(0x000000910fb00000,0x000000910fc00000) (1024K)]
  0x000001c518ebf6a0 JavaThread "Unconstrained build operations Thread 46"        [_thread_blocked, id=20656, stack(0x000000910fc00000,0x000000910fd00000) (1024K)]
  0x000001c518ebfd30 JavaThread "Unconstrained build operations Thread 47"        [_thread_blocked, id=9268, stack(0x000000910fd00000,0x000000910fe00000) (1024K)]
  0x000001c518ebdc60 JavaThread "Unconstrained build operations Thread 48"        [_thread_blocked, id=13224, stack(0x000000910fe00000,0x000000910ff00000) (1024K)]
  0x000001c518ebe2f0 JavaThread "Problems report writer"            [_thread_blocked, id=24096, stack(0x000000910f700000,0x000000910f800000) (1024K)]
  0x000001c518d11a00 JavaThread "build event listener"              [_thread_blocked, id=2940, stack(0x000000910ff00000,0x0000009110000000) (1024K)]
  0x000001c518d13440 JavaThread "Memory manager"                    [_thread_blocked, id=13412, stack(0x0000009110100000,0x0000009110200000) (1024K)]
  0x000001c5212e0ca0 JavaThread "build event listener"              [_thread_blocked, id=1372, stack(0x0000009110200000,0x0000009110300000) (1024K)]
  0x000001c518d15ba0 JavaThread "pool-3-thread-1"                   [_thread_blocked, id=6468, stack(0x0000009110300000,0x0000009110400000) (1024K)]
  0x000001c518d168c0 JavaThread "build event listener"              [_thread_blocked, id=12324, stack(0x0000009110400000,0x0000009110500000) (1024K)]
  0x000001c518d18300 JavaThread "included builds"                   [_thread_blocked, id=24460, stack(0x0000009110500000,0x0000009110600000) (1024K)]
  0x000001c518d175e0 JavaThread "Execution worker"                  [_thread_blocked, id=11520, stack(0x0000009110600000,0x0000009110700000) (1024K)]
  0x000001c522cf4700 JavaThread "Execution worker Thread 2"         [_thread_blocked, id=22108, stack(0x0000009110700000,0x0000009110800000) (1024K)]
  0x000001c522cf4d90 JavaThread "Execution worker Thread 3"         [_thread_blocked, id=12208, stack(0x0000009110800000,0x0000009110900000) (1024K)]
  0x000001c522cf5ab0 JavaThread "Execution worker Thread 4"         [_thread_blocked, id=19828, stack(0x0000009110900000,0x0000009110a00000) (1024K)]
  0x000001c522cf5420 JavaThread "Execution worker Thread 5"         [_thread_blocked, id=14784, stack(0x0000009110a00000,0x0000009110b00000) (1024K)]
  0x000001c522cf2cc0 JavaThread "Execution worker Thread 6"         [_thread_blocked, id=20872, stack(0x0000009110b00000,0x0000009110c00000) (1024K)]
  0x000001c522cf67d0 JavaThread "Execution worker Thread 7"         [_thread_blocked, id=9792, stack(0x0000009110c00000,0x0000009110d00000) (1024K)]
  0x000001c522cf3350 JavaThread "Cache worker for execution history cache (C:\Users\admin\Desktop\ORGANISED\Git\android\.gradle\8.14.4\executionHistory)"        [_thread_blocked, id=20772, stack(0x0000009110000000,0x0000009110100000) (1024K)]
  0x000001c522cf88a0 JavaThread "Unconstrained build operations Thread 49"        [_thread_blocked, id=20652, stack(0x0000009109400000,0x0000009109500000) (1024K)]
  0x000001c522cf8f30 JavaThread "Unconstrained build operations Thread 50"        [_thread_blocked, id=12204, stack(0x0000009109600000,0x0000009109700000) (1024K)]
  0x000001c522cf95c0 JavaThread "Unconstrained build operations Thread 51"        [_thread_blocked, id=6020, stack(0x0000009110e00000,0x0000009110f00000) (1024K)]
  0x000001c522cf6e60 JavaThread "Unconstrained build operations Thread 52"        [_thread_blocked, id=8332, stack(0x0000009110f00000,0x0000009111000000) (1024K)]
  0x000001c522cf74f0 JavaThread "Unconstrained build operations Thread 53"        [_thread_blocked, id=15192, stack(0x0000009111000000,0x0000009111100000) (1024K)]
  0x000001c522cf8210 JavaThread "Unconstrained build operations Thread 54"        [_thread_blocked, id=21852, stack(0x0000009111100000,0x0000009111200000) (1024K)]
  0x000001c5212e4120 JavaThread "Unconstrained build operations Thread 55"        [_thread_blocked, id=6704, stack(0x0000009111200000,0x0000009111300000) (1024K)]
  0x000001c5212e3a90 JavaThread "Unconstrained build operations Thread 56"        [_thread_blocked, id=15116, stack(0x0000009111300000,0x0000009111400000) (1024K)]
  0x000001c5212e61f0 JavaThread "Unconstrained build operations Thread 57"        [_thread_blocked, id=16008, stack(0x0000009111400000,0x0000009111500000) (1024K)]
  0x000001c5212e2d70 JavaThread "Unconstrained build operations Thread 58"        [_thread_blocked, id=21660, stack(0x0000009111500000,0x0000009111600000) (1024K)]
  0x000001c518ebe980 JavaThread "Unconstrained build operations Thread 59"        [_thread_blocked, id=17296, stack(0x0000009111600000,0x0000009111700000) (1024K)]
  0x000001c523117910 JavaThread "Unconstrained build operations Thread 60"        [_thread_blocked, id=12764, stack(0x0000009111700000,0x0000009111800000) (1024K)]
  0x000001c523119350 JavaThread "Unconstrained build operations Thread 61"        [_thread_blocked, id=19548, stack(0x0000009111800000,0x0000009111900000) (1024K)]
  0x000001c523116560 JavaThread "Unconstrained build operations Thread 62"        [_thread_blocked, id=10412, stack(0x0000009111900000,0x0000009111a00000) (1024K)]
  0x000001c51c6f3220 JavaThread "Unconstrained build operations Thread 63"        [_thread_blocked, id=11720, stack(0x0000009111a00000,0x0000009111b00000) (1024K)]
  0x000001c51c6f2500 JavaThread "Unconstrained build operations Thread 64"        [_thread_blocked, id=9504, stack(0x0000009111b00000,0x0000009111c00000) (1024K)]
  0x000001c51c6f38b0 JavaThread "Unconstrained build operations Thread 65"        [_thread_blocked, id=2440, stack(0x0000009111c00000,0x0000009111d00000) (1024K)]
  0x000001c51c6f0430 JavaThread "Unconstrained build operations Thread 66"        [_thread_blocked, id=10056, stack(0x0000009111d00000,0x0000009111e00000) (1024K)]
  0x000001c51c6f6010 JavaThread "Unconstrained build operations Thread 67"        [_thread_blocked, id=724, stack(0x0000009111e00000,0x0000009111f00000) (1024K)]
  0x000001c51c6f6d30 JavaThread "Unconstrained build operations Thread 68"        [_thread_blocked, id=13296, stack(0x0000009111f00000,0x0000009112000000) (1024K)]
  0x000001c51c6f4c60 JavaThread "Unconstrained build operations Thread 69"        [_thread_blocked, id=5788, stack(0x0000009112000000,0x0000009112100000) (1024K)]
  0x000001c51c6f5980 JavaThread "Unconstrained build operations Thread 70"        [_thread_blocked, id=15012, stack(0x0000009112100000,0x0000009112200000) (1024K)]
  0x000001c51c6f3f40 JavaThread "Unconstrained build operations Thread 71"        [_thread_blocked, id=1208, stack(0x0000009112200000,0x0000009112300000) (1024K)]
  0x000001c51c6f8770 JavaThread "Unconstrained build operations Thread 72"        [_thread_blocked, id=21084, stack(0x0000009112300000,0x0000009112400000) (1024K)]
  0x000001c51c6fa1b0 JavaThread "Unconstrained build operations Thread 73"        [_thread_blocked, id=15292, stack(0x0000009112400000,0x0000009112500000) (1024K)]
  0x000001c51c6f9b20 JavaThread "Unconstrained build operations Thread 74"        [_thread_blocked, id=15400, stack(0x0000009112500000,0x0000009112600000) (1024K)]
  0x000001c51c6f8e00 JavaThread "Unconstrained build operations Thread 75"        [_thread_blocked, id=15240, stack(0x0000009112600000,0x0000009112700000) (1024K)]
  0x000001c51c6f80e0 JavaThread "Unconstrained build operations Thread 76"        [_thread_blocked, id=22996, stack(0x0000009112700000,0x0000009112800000) (1024K)]
  0x000001c51c6f9490 JavaThread "Unconstrained build operations Thread 77"        [_thread_blocked, id=12076, stack(0x0000009112800000,0x0000009112900000) (1024K)]
  0x000001c51c6faed0 JavaThread "Unconstrained build operations Thread 78"        [_thread_blocked, id=19500, stack(0x0000009112900000,0x0000009112a00000) (1024K)]
  0x000001c51c6f7a50 JavaThread "Unconstrained build operations Thread 79"        [_thread_blocked, id=17184, stack(0x0000009112a00000,0x0000009112b00000) (1024K)]
  0x000001c51c6fdcc0 JavaThread "Unconstrained build operations Thread 80"        [_thread_blocked, id=22976, stack(0x0000009112b00000,0x0000009112c00000) (1024K)]
  0x000001c51c6efda0 JavaThread "WorkerExecutor Queue"              [_thread_blocked, id=6172, stack(0x0000009112c00000,0x0000009112d00000) (1024K)]
  0x000001c5212e5b60 JavaThread "WorkerExecutor Queue Thread 2"        [_thread_blocked, id=14668, stack(0x0000009112e00000,0x0000009112f00000) (1024K)]
  0x000001c52238f380 JavaThread "WorkerExecutor Queue Thread 3"        [_thread_blocked, id=22212, stack(0x0000009112f00000,0x0000009113000000) (1024K)]
  0x000001c52238d940 JavaThread "WorkerExecutor Queue Thread 4"        [_thread_blocked, id=19536, stack(0x0000009113000000,0x0000009113100000) (1024K)]
  0x000001c52238d2b0 JavaThread "RMI Scheduler(0)"           daemon [_thread_blocked, id=2376, stack(0x0000009110d00000,0x0000009110e00000) (1024K)]
  0x000001c52238dfd0 JavaThread "RMI RenewClean-[127.0.0.1:17915,org.jetbrains.kotlin.daemon.common.LoopbackNetworkInterface$ClientLoopbackSocketFactory@7520cb98]" daemon [_thread_blocked, id=18808, stack(0x0000009112d00000,0x0000009112e00000) (1024K)]
  0x000001c52238e660 JavaThread "RMI GC Daemon"              daemon [_thread_blocked, id=24164, stack(0x0000009113100000,0x0000009113200000) (1024K)]
Total: 142

Other Threads:
=>0x000001c57ee2ef20 VMThread "VM Thread"                           [id=21820, stack(0x0000009109e00000,0x0000009109f00000) (1024K)]
  0x000001c57edebe20 WatcherThread "VM Periodic Task Thread"        [id=22616, stack(0x0000009109d00000,0x0000009109e00000) (1024K)]
  0x000001c57a796810 WorkerThread "GC Thread#0"                     [id=11560, stack(0x0000009109800000,0x0000009109900000) (1024K)]
  0x000001c57f6c90b0 WorkerThread "GC Thread#1"                     [id=22668, stack(0x000000910a900000,0x000000910aa00000) (1024K)]
  0x000001c57f53fdb0 WorkerThread "GC Thread#2"                     [id=16944, stack(0x000000910aa00000,0x000000910ab00000) (1024K)]
  0x000001c51776d480 WorkerThread "GC Thread#3"                     [id=17000, stack(0x000000910ac00000,0x000000910ad00000) (1024K)]
  0x000001c5174d92a0 WorkerThread "GC Thread#4"                     [id=14204, stack(0x000000910ad00000,0x000000910ae00000) (1024K)]
  0x000001c51828c930 WorkerThread "GC Thread#5"                     [id=13716, stack(0x000000910ae00000,0x000000910af00000) (1024K)]
  0x000001c518894530 WorkerThread "GC Thread#6"                     [id=548, stack(0x000000910af00000,0x000000910b000000) (1024K)]
  0x000001c51803b360 WorkerThread "GC Thread#7"                     [id=19596, stack(0x000000910ba00000,0x000000910bb00000) (1024K)]
  0x000001c57a7a8550 ConcurrentGCThread "G1 Main Marker"            [id=14312, stack(0x0000009109900000,0x0000009109a00000) (1024K)]
  0x000001c57a7a8f70 WorkerThread "G1 Conc#0"                       [id=6128, stack(0x0000009109a00000,0x0000009109b00000) (1024K)]
  0x000001c51764e140 WorkerThread "G1 Conc#1"                       [id=19820, stack(0x000000910bb00000,0x000000910bc00000) (1024K)]
  0x000001c57ecb5190 ConcurrentGCThread "G1 Refine#0"               [id=16284, stack(0x0000009109b00000,0x0000009109c00000) (1024K)]
  0x000001c57ecb69d0 ConcurrentGCThread "G1 Service"                [id=16732, stack(0x0000009109c00000,0x0000009109d00000) (1024K)]
Total: 15

Threads with active compile tasks:
C2 CompilerThread0  80788 15958 %     4       com.android.tools.r8.internal.vo1::a @ 27 (288 bytes)
Total: 1

VM state: at safepoint (normal execution)

VM Mutex/Monitor currently owned by a thread:  ([mutex/lock_event])
[0x00007ff8c06986d0] Threads_lock - owner thread: 0x000001c57ee2ef20
[0x00007ff8c06987d0] Heap_lock - owner thread: 0x000001c57a7a8550

Heap address: 0x0000000080000000, size: 2048 MB, Compressed Oops mode: 32-bit

CDS archive(s) not mapped
Compressed class space mapped at: 0x0000000100000000-0x0000000140000000, reserved size: 1073741824
Narrow klass base: 0x0000000000000000, Narrow klass shift: 3, Narrow klass range: 0x140000000

GC Precious Log:
 CardTable entry size: 512
 Card Set container configuration: InlinePtr #cards 5 size 8 Array Of Cards #cards 12 size 40 Howl #buckets 4 coarsen threshold 1843 Howl Bitmap #cards 512 size 80 coarsen threshold 460 Card regions per heap region 1 cards per card region 2048
 CPUs: 8 total, 8 available
 Memory: 7103M
 Large Page Support: Disabled
 NUMA Support: Disabled
 Compressed Oops: Enabled (32-bit)
 Heap Region Size: 1M
 Heap Min Capacity: 8M
 Heap Initial Capacity: 112M
 Heap Max Capacity: 2G
 Pre-touch: Disabled
 Parallel Workers: 8
 Concurrent Workers: 2
 Concurrent Refinement Workers: 8
 Periodic GC: Disabled

Heap:
 garbage-first heap   total 290816K, used 242667K [0x0000000080000000, 0x0000000100000000)
  region size 1024K, 14 young (14336K), 5 survivors (5120K)
 Metaspace       used 129185K, committed 131456K, reserved 1179648K
  class space    used 17848K, committed 18944K, reserved 1048576K

Heap Regions: E=young(eden), S=young(survivor), O=old, HS=humongous(starts), HC=humongous(continues), CS=collection set, F=free, TAMS=top-at-mark-start, PB=parsable bottom
|   0|0x0000000080000000, 0x0000000080100000, 0x0000000080100000|100%|HS|  |TAMS 0x0000000080100000| PB 0x0000000080000000| Complete 
|   1|0x0000000080100000, 0x0000000080200000, 0x0000000080200000|100%|HC|  |TAMS 0x0000000080200000| PB 0x0000000080100000| Complete 
|   2|0x0000000080200000, 0x0000000080300000, 0x0000000080300000|100%|HC|  |TAMS 0x0000000080300000| PB 0x0000000080200000| Complete 
|   3|0x0000000080300000, 0x0000000080400000, 0x0000000080400000|100%| O|  |TAMS 0x0000000080400000| PB 0x0000000080400000| Untracked 
|   4|0x0000000080400000, 0x0000000080500000, 0x0000000080500000|100%| O|  |TAMS 0x0000000080500000| PB 0x0000000080500000| Untracked 
|   5|0x0000000080500000, 0x0000000080600000, 0x0000000080600000|100%| O|  |TAMS 0x0000000080600000| PB 0x0000000080600000| Untracked 
|   6|0x0000000080600000, 0x0000000080700000, 0x0000000080700000|100%|HS|  |TAMS 0x0000000080700000| PB 0x0000000080600000| Complete 
|   7|0x0000000080700000, 0x0000000080800000, 0x0000000080800000|100%| O|  |TAMS 0x0000000080800000| PB 0x0000000080800000| Untracked 
|   8|0x0000000080800000, 0x0000000080900000, 0x0000000080900000|100%| O|  |TAMS 0x0000000080900000| PB 0x0000000080900000| Untracked 
|   9|0x0000000080900000, 0x0000000080a00000, 0x0000000080a00000|100%| O|  |TAMS 0x0000000080a00000| PB 0x0000000080a00000| Untracked 
|  10|0x0000000080a00000, 0x0000000080b00000, 0x0000000080b00000|100%| O|  |TAMS 0x0000000080b00000| PB 0x0000000080b00000| Untracked 
|  11|0x0000000080b00000, 0x0000000080c00000, 0x0000000080c00000|100%| O|  |TAMS 0x0000000080c00000| PB 0x0000000080c00000| Untracked 
|  12|0x0000000080c00000, 0x0000000080d00000, 0x0000000080d00000|100%| O|  |TAMS 0x0000000080d00000| PB 0x0000000080d00000| Updating 
|  13|0x0000000080d00000, 0x0000000080e00000, 0x0000000080e00000|100%| O|  |TAMS 0x0000000080e00000| PB 0x0000000080e00000| Untracked 
|  14|0x0000000080e00000, 0x0000000080f00000, 0x0000000080f00000|100%| O|  |TAMS 0x0000000080f00000| PB 0x0000000080f00000| Untracked 
|  15|0x0000000080f00000, 0x0000000081000000, 0x0000000081000000|100%| O|  |TAMS 0x0000000081000000| PB 0x0000000081000000| Untracked 
|  16|0x0000000081000000, 0x0000000081100000, 0x0000000081100000|100%| O|  |TAMS 0x0000000081100000| PB 0x0000000081100000| Updating 
|  17|0x0000000081100000, 0x0000000081200000, 0x0000000081200000|100%| O|  |TAMS 0x0000000081200000| PB 0x0000000081200000| Untracked 
|  18|0x0000000081200000, 0x0000000081300000, 0x0000000081300000|100%| O|  |TAMS 0x0000000081300000| PB 0x0000000081300000| Untracked 
|  19|0x0000000081300000, 0x0000000081400000, 0x0000000081400000|100%| O|  |TAMS 0x0000000081400000| PB 0x0000000081400000| Untracked 
|  20|0x0000000081400000, 0x0000000081500000, 0x0000000081500000|100%| O|  |TAMS 0x0000000081500000| PB 0x0000000081500000| Updating 
|  21|0x0000000081500000, 0x0000000081600000, 0x0000000081600000|100%| O|  |TAMS 0x0000000081600000| PB 0x0000000081600000| Updating 
|  22|0x0000000081600000, 0x0000000081700000, 0x0000000081700000|100%| O|  |TAMS 0x0000000081700000| PB 0x0000000081700000| Updating 
|  23|0x0000000081700000, 0x0000000081800000, 0x0000000081800000|100%| O|  |TAMS 0x0000000081800000| PB 0x0000000081800000| Untracked 
|  24|0x0000000081800000, 0x0000000081900000, 0x0000000081900000|100%| O|  |TAMS 0x0000000081900000| PB 0x0000000081900000| Untracked 
|  25|0x0000000081900000, 0x0000000081a00000, 0x0000000081a00000|100%| O|  |TAMS 0x0000000081a00000| PB 0x0000000081a00000| Untracked 
|  26|0x0000000081a00000, 0x0000000081b00000, 0x0000000081b00000|100%| O|  |TAMS 0x0000000081b00000| PB 0x0000000081b00000| Untracked 
|  27|0x0000000081b00000, 0x0000000081c00000, 0x0000000081c00000|100%|HS|  |TAMS 0x0000000081c00000| PB 0x0000000081b00000| Complete 
|  28|0x0000000081c00000, 0x0000000081d00000, 0x0000000081d00000|100%|HC|  |TAMS 0x0000000081d00000| PB 0x0000000081c00000| Complete 
|  29|0x0000000081d00000, 0x0000000081e00000, 0x0000000081e00000|100%| O|  |TAMS 0x0000000081e00000| PB 0x0000000081e00000| Updating 
|  30|0x0000000081e00000, 0x0000000081f00000, 0x0000000081f00000|100%| O|  |TAMS 0x0000000081f00000| PB 0x0000000081f00000| Untracked 
|  31|0x0000000081f00000, 0x0000000082000000, 0x0000000082000000|100%| O|  |TAMS 0x0000000082000000| PB 0x0000000082000000| Untracked 
|  32|0x0000000082000000, 0x0000000082100000, 0x0000000082100000|100%|HS|  |TAMS 0x0000000082100000| PB 0x0000000082000000| Complete 
|  33|0x0000000082100000, 0x0000000082200000, 0x0000000082200000|100%| O|  |TAMS 0x0000000082200000| PB 0x0000000082200000| Untracked 
|  34|0x0000000082200000, 0x0000000082300000, 0x0000000082300000|100%| O|  |TAMS 0x0000000082300000| PB 0x0000000082300000| Untracked 
|  35|0x0000000082300000, 0x0000000082400000, 0x0000000082400000|100%| O|  |TAMS 0x0000000082400000| PB 0x0000000082400000| Untracked 
|  36|0x0000000082400000, 0x0000000082500000, 0x0000000082500000|100%| O|  |TAMS 0x0000000082500000| PB 0x0000000082500000| Untracked 
|  37|0x0000000082500000, 0x0000000082600000, 0x0000000082600000|100%| O|  |TAMS 0x0000000082600000| PB 0x0000000082600000| Untracked 
|  38|0x0000000082600000, 0x0000000082700000, 0x0000000082700000|100%| O|  |TAMS 0x0000000082700000| PB 0x0000000082700000| Updating 
|  39|0x0000000082700000, 0x0000000082800000, 0x0000000082800000|100%| O|  |TAMS 0x0000000082800000| PB 0x0000000082800000| Updating 
|  40|0x0000000082800000, 0x0000000082900000, 0x0000000082900000|100%| O|  |TAMS 0x0000000082900000| PB 0x0000000082900000| Untracked 
|  41|0x0000000082900000, 0x0000000082a00000, 0x0000000082a00000|100%| O|  |TAMS 0x0000000082a00000| PB 0x0000000082a00000| Updating 
|  42|0x0000000082a00000, 0x0000000082b00000, 0x0000000082b00000|100%| O|  |TAMS 0x0000000082b00000| PB 0x0000000082b00000| Untracked 
|  43|0x0000000082b00000, 0x0000000082c00000, 0x0000000082c00000|100%| O|  |TAMS 0x0000000082c00000| PB 0x0000000082c00000| Untracked 
|  44|0x0000000082c00000, 0x0000000082d00000, 0x0000000082d00000|100%|HS|  |TAMS 0x0000000082d00000| PB 0x0000000082c00000| Complete 
|  45|0x0000000082d00000, 0x0000000082e00000, 0x0000000082e00000|100%| O|  |TAMS 0x0000000082e00000| PB 0x0000000082e00000| Untracked 
|  46|0x0000000082e00000, 0x0000000082f00000, 0x0000000082f00000|100%| O|  |TAMS 0x0000000082f00000| PB 0x0000000082f00000| Untracked 
|  47|0x0000000082f00000, 0x0000000083000000, 0x0000000083000000|100%| O|  |TAMS 0x0000000083000000| PB 0x0000000083000000| Untracked 
|  48|0x0000000083000000, 0x0000000083100000, 0x0000000083100000|100%| O|  |TAMS 0x0000000083100000| PB 0x0000000083100000| Updating 
|  49|0x0000000083100000, 0x0000000083200000, 0x0000000083200000|100%| O|  |TAMS 0x0000000083200000| PB 0x0000000083200000| Untracked 
|  50|0x0000000083200000, 0x0000000083300000, 0x0000000083300000|100%| O|  |TAMS 0x0000000083300000| PB 0x0000000083300000| Updating 
|  51|0x0000000083300000, 0x0000000083400000, 0x0000000083400000|100%| O|  |TAMS 0x0000000083400000| PB 0x0000000083400000| Untracked 
|  52|0x0000000083400000, 0x0000000083500000, 0x0000000083500000|100%| O|  |TAMS 0x0000000083500000| PB 0x0000000083500000| Updating 
|  53|0x0000000083500000, 0x0000000083600000, 0x0000000083600000|100%| O|  |TAMS 0x0000000083600000| PB 0x0000000083600000| Updating 
|  54|0x0000000083600000, 0x0000000083700000, 0x0000000083700000|100%| O|  |TAMS 0x0000000083700000| PB 0x0000000083700000| Updating 
|  55|0x0000000083700000, 0x0000000083800000, 0x0000000083800000|100%| O|  |TAMS 0x0000000083800000| PB 0x0000000083800000| Untracked 
|  56|0x0000000083800000, 0x0000000083900000, 0x0000000083900000|100%|HS|  |TAMS 0x0000000083900000| PB 0x0000000083800000| Complete 
|  57|0x0000000083900000, 0x0000000083a00000, 0x0000000083a00000|100%|HS|  |TAMS 0x0000000083a00000| PB 0x0000000083900000| Complete 
|  58|0x0000000083a00000, 0x0000000083b00000, 0x0000000083b00000|100%|HC|  |TAMS 0x0000000083b00000| PB 0x0000000083a00000| Complete 
|  59|0x0000000083b00000, 0x0000000083c00000, 0x0000000083c00000|100%|HS|  |TAMS 0x0000000083c00000| PB 0x0000000083b00000| Complete 
|  60|0x0000000083c00000, 0x0000000083d00000, 0x0000000083d00000|100%|HS|  |TAMS 0x0000000083d00000| PB 0x0000000083c00000| Complete 
|  61|0x0000000083d00000, 0x0000000083e00000, 0x0000000083e00000|100%| O|  |TAMS 0x0000000083e00000| PB 0x0000000083e00000| Untracked 
|  62|0x0000000083e00000, 0x0000000083f00000, 0x0000000083f00000|100%| O|  |TAMS 0x0000000083f00000| PB 0x0000000083f00000| Updating 
|  63|0x0000000083f00000, 0x0000000084000000, 0x0000000084000000|100%| O|  |TAMS 0x0000000084000000| PB 0x0000000084000000| Updating 
|  64|0x0000000084000000, 0x0000000084100000, 0x0000000084100000|100%| O|  |TAMS 0x0000000084100000| PB 0x0000000084100000| Updating 
|  65|0x0000000084100000, 0x0000000084200000, 0x0000000084200000|100%| O|  |TAMS 0x0000000084200000| PB 0x0000000084200000| Untracked 
|  66|0x0000000084200000, 0x0000000084300000, 0x0000000084300000|100%|HS|  |TAMS 0x0000000084300000| PB 0x0000000084200000| Complete 
|  67|0x0000000084300000, 0x0000000084400000, 0x0000000084400000|100%|HC|  |TAMS 0x0000000084400000| PB 0x0000000084300000| Complete 
|  68|0x0000000084400000, 0x0000000084500000, 0x0000000084500000|100%|HS|  |TAMS 0x0000000084500000| PB 0x0000000084400000| Complete 
|  69|0x0000000084500000, 0x0000000084600000, 0x0000000084600000|100%|HS|  |TAMS 0x0000000084600000| PB 0x0000000084500000| Complete 
|  70|0x0000000084600000, 0x0000000084700000, 0x0000000084700000|100%| O|  |TAMS 0x0000000084700000| PB 0x0000000084700000| Untracked 
|  71|0x0000000084700000, 0x0000000084800000, 0x0000000084800000|100%|HS|  |TAMS 0x0000000084800000| PB 0x0000000084700000| Complete 
|  72|0x0000000084800000, 0x0000000084900000, 0x0000000084900000|100%|HC|  |TAMS 0x0000000084900000| PB 0x0000000084800000| Complete 
|  73|0x0000000084900000, 0x0000000084a00000, 0x0000000084a00000|100%|HC|  |TAMS 0x0000000084a00000| PB 0x0000000084900000| Complete 
|  74|0x0000000084a00000, 0x0000000084b00000, 0x0000000084b00000|100%|HC|  |TAMS 0x0000000084b00000| PB 0x0000000084a00000| Complete 
|  75|0x0000000084b00000, 0x0000000084c00000, 0x0000000084c00000|100%| O|  |TAMS 0x0000000084c00000| PB 0x0000000084c00000| Untracked 
|  76|0x0000000084c00000, 0x0000000084d00000, 0x0000000084d00000|100%| O|  |TAMS 0x0000000084d00000| PB 0x0000000084d00000| Untracked 
|  77|0x0000000084d00000, 0x0000000084e00000, 0x0000000084e00000|100%| O|  |TAMS 0x0000000084e00000| PB 0x0000000084e00000| Untracked 
|  78|0x0000000084e00000, 0x0000000084f00000, 0x0000000084f00000|100%| O|  |TAMS 0x0000000084f00000| PB 0x0000000084f00000| Updating 
|  79|0x0000000084f00000, 0x0000000085000000, 0x0000000085000000|100%| O|  |TAMS 0x0000000085000000| PB 0x0000000085000000| Updating 
|  80|0x0000000085000000, 0x0000000085100000, 0x0000000085100000|100%| O|  |TAMS 0x0000000085100000| PB 0x0000000085100000| Untracked 
|  81|0x0000000085100000, 0x0000000085200000, 0x0000000085200000|100%| O|  |TAMS 0x0000000085200000| PB 0x0000000085200000| Untracked 
|  82|0x0000000085200000, 0x0000000085300000, 0x0000000085300000|100%| O|  |TAMS 0x0000000085300000| PB 0x0000000085300000| Untracked 
|  83|0x0000000085300000, 0x0000000085400000, 0x0000000085400000|100%| O|  |TAMS 0x0000000085400000| PB 0x0000000085400000| Untracked 
|  84|0x0000000085400000, 0x0000000085500000, 0x0000000085500000|100%| O|  |TAMS 0x0000000085500000| PB 0x0000000085500000| Untracked 
|  85|0x0000000085500000, 0x0000000085600000, 0x0000000085600000|100%| O|  |TAMS 0x0000000085600000| PB 0x0000000085600000| Untracked 
|  86|0x0000000085600000, 0x0000000085700000, 0x0000000085700000|100%|HS|  |TAMS 0x0000000085700000| PB 0x0000000085600000| Complete 
|  87|0x0000000085700000, 0x0000000085800000, 0x0000000085800000|100%|HC|  |TAMS 0x0000000085800000| PB 0x0000000085700000| Complete 
|  88|0x0000000085800000, 0x0000000085900000, 0x0000000085900000|100%|HC|  |TAMS 0x0000000085900000| PB 0x0000000085800000| Complete 
|  89|0x0000000085900000, 0x0000000085a00000, 0x0000000085a00000|100%|HC|  |TAMS 0x0000000085a00000| PB 0x0000000085900000| Complete 
|  90|0x0000000085a00000, 0x0000000085b00000, 0x0000000085b00000|100%| O|  |TAMS 0x0000000085b00000| PB 0x0000000085b00000| Untracked 
|  91|0x0000000085b00000, 0x0000000085c00000, 0x0000000085c00000|100%| O|  |TAMS 0x0000000085c00000| PB 0x0000000085c00000| Untracked 
|  92|0x0000000085c00000, 0x0000000085d00000, 0x0000000085d00000|100%| O|  |TAMS 0x0000000085d00000| PB 0x0000000085d00000| Untracked 
|  93|0x0000000085d00000, 0x0000000085e00000, 0x0000000085e00000|100%| O|  |TAMS 0x0000000085e00000| PB 0x0000000085e00000| Updating 
|  94|0x0000000085e00000, 0x0000000085f00000, 0x0000000085f00000|100%| O|  |TAMS 0x0000000085f00000| PB 0x0000000085f00000| Untracked 
|  95|0x0000000085f00000, 0x0000000086000000, 0x0000000086000000|100%| O|  |TAMS 0x0000000086000000| PB 0x0000000086000000| Untracked 
|  96|0x0000000086000000, 0x0000000086100000, 0x0000000086100000|100%| O|  |TAMS 0x0000000086100000| PB 0x0000000086100000| Untracked 
|  97|0x0000000086100000, 0x0000000086200000, 0x0000000086200000|100%| O|  |TAMS 0x0000000086200000| PB 0x0000000086200000| Untracked 
|  98|0x0000000086200000, 0x0000000086300000, 0x0000000086300000|100%| O|  |TAMS 0x0000000086300000| PB 0x0000000086300000| Updating 
|  99|0x0000000086300000, 0x0000000086400000, 0x0000000086400000|100%| O|  |TAMS 0x0000000086400000| PB 0x0000000086400000| Untracked 
| 100|0x0000000086400000, 0x0000000086500000, 0x0000000086500000|100%| O|  |TAMS 0x0000000086400000| PB 0x0000000086400000| Untracked 
| 101|0x0000000086500000, 0x0000000086600000, 0x0000000086600000|100%| O|  |TAMS 0x0000000086600000| PB 0x0000000086600000| Untracked 
| 102|0x0000000086600000, 0x0000000086700000, 0x0000000086700000|100%| O|  |TAMS 0x0000000086700000| PB 0x0000000086700000| Untracked 
| 103|0x0000000086700000, 0x0000000086800000, 0x0000000086800000|100%| O|  |TAMS 0x0000000086800000| PB 0x0000000086800000| Untracked 
| 104|0x0000000086800000, 0x0000000086900000, 0x0000000086900000|100%| O|  |TAMS 0x0000000086900000| PB 0x0000000086900000| Updating 
| 105|0x0000000086900000, 0x0000000086a00000, 0x0000000086a00000|100%| O|  |TAMS 0x0000000086a00000| PB 0x0000000086a00000| Updating 
| 106|0x0000000086a00000, 0x0000000086b00000, 0x0000000086b00000|100%| O|  |TAMS 0x0000000086b00000| PB 0x0000000086b00000| Updating 
| 107|0x0000000086b00000, 0x0000000086c00000, 0x0000000086c00000|100%| O|  |TAMS 0x0000000086c00000| PB 0x0000000086c00000| Untracked 
| 108|0x0000000086c00000, 0x0000000086d00000, 0x0000000086d00000|100%| O|  |TAMS 0x0000000086d00000| PB 0x0000000086d00000| Untracked 
| 109|0x0000000086d00000, 0x0000000086e00000, 0x0000000086e00000|100%| O|  |TAMS 0x0000000086e00000| PB 0x0000000086e00000| Untracked 
| 110|0x0000000086e00000, 0x0000000086f00000, 0x0000000086f00000|100%| O|  |TAMS 0x0000000086f00000| PB 0x0000000086f00000| Untracked 
| 111|0x0000000086f00000, 0x0000000087000000, 0x0000000087000000|100%| O|  |TAMS 0x0000000087000000| PB 0x0000000087000000| Untracked 
| 112|0x0000000087000000, 0x0000000087100000, 0x0000000087100000|100%| O|  |TAMS 0x0000000087100000| PB 0x0000000087100000| Untracked 
| 113|0x0000000087100000, 0x0000000087200000, 0x0000000087200000|100%| O|  |TAMS 0x0000000087200000| PB 0x0000000087200000| Updating 
| 114|0x0000000087200000, 0x0000000087300000, 0x0000000087300000|100%| O|  |TAMS 0x0000000087200000| PB 0x0000000087200000| Untracked 
| 115|0x0000000087300000, 0x0000000087400000, 0x0000000087400000|100%| O|  |TAMS 0x0000000087400000| PB 0x0000000087400000| Updating 
| 116|0x0000000087400000, 0x0000000087500000, 0x0000000087500000|100%| O|  |TAMS 0x0000000087500000| PB 0x0000000087500000| Updating 
| 117|0x0000000087500000, 0x0000000087600000, 0x0000000087600000|100%| O|  |TAMS 0x0000000087600000| PB 0x0000000087600000| Updating 
| 118|0x0000000087600000, 0x0000000087700000, 0x0000000087700000|100%| O|  |TAMS 0x0000000087700000| PB 0x0000000087700000| Untracked 
| 119|0x0000000087700000, 0x0000000087800000, 0x0000000087800000|100%| O|  |TAMS 0x0000000087800000| PB 0x0000000087800000| Untracked 
| 120|0x0000000087800000, 0x0000000087900000, 0x0000000087900000|100%| O|  |TAMS 0x0000000087900000| PB 0x0000000087900000| Untracked 
| 121|0x0000000087900000, 0x0000000087a00000, 0x0000000087a00000|100%| O|  |TAMS 0x0000000087a00000| PB 0x0000000087a00000| Updating 
| 122|0x0000000087a00000, 0x0000000087b00000, 0x0000000087b00000|100%| O|  |TAMS 0x0000000087b00000| PB 0x0000000087b00000| Untracked 
| 123|0x0000000087b00000, 0x0000000087c00000, 0x0000000087c00000|100%| O|  |TAMS 0x0000000087c00000| PB 0x0000000087c00000| Untracked 
| 124|0x0000000087c00000, 0x0000000087d00000, 0x0000000087d00000|100%| O|  |TAMS 0x0000000087d00000| PB 0x0000000087d00000| Untracked 
| 125|0x0000000087d00000, 0x0000000087e00000, 0x0000000087e00000|100%| O|  |TAMS 0x0000000087e00000| PB 0x0000000087e00000| Untracked 
| 126|0x0000000087e00000, 0x0000000087f00000, 0x0000000087f00000|100%| O|  |TAMS 0x0000000087f00000| PB 0x0000000087f00000| Untracked 
| 127|0x0000000087f00000, 0x0000000088000000, 0x0000000088000000|100%| O|  |TAMS 0x0000000088000000| PB 0x0000000088000000| Untracked 
| 128|0x0000000088000000, 0x0000000088100000, 0x0000000088100000|100%| O|  |TAMS 0x0000000088100000| PB 0x0000000088100000| Updating 
| 129|0x0000000088100000, 0x0000000088200000, 0x0000000088200000|100%| O|  |TAMS 0x0000000088200000| PB 0x0000000088200000| Untracked 
| 130|0x0000000088200000, 0x0000000088300000, 0x0000000088300000|100%| O|  |TAMS 0x0000000088300000| PB 0x0000000088300000| Updating 
| 131|0x0000000088300000, 0x0000000088400000, 0x0000000088400000|100%| O|  |TAMS 0x0000000088400000| PB 0x0000000088400000| Untracked 
| 132|0x0000000088400000, 0x0000000088500000, 0x0000000088500000|100%| O|  |TAMS 0x0000000088500000| PB 0x0000000088500000| Untracked 
| 133|0x0000000088500000, 0x0000000088600000, 0x0000000088600000|100%| O|  |TAMS 0x0000000088600000| PB 0x0000000088600000| Untracked 
| 134|0x0000000088600000, 0x0000000088700000, 0x0000000088700000|100%| O|  |TAMS 0x0000000088700000| PB 0x0000000088700000| Untracked 
| 135|0x0000000088700000, 0x0000000088800000, 0x0000000088800000|100%| O|  |TAMS 0x0000000088800000| PB 0x0000000088800000| Updating 
| 136|0x0000000088800000, 0x0000000088900000, 0x0000000088900000|100%|HS|  |TAMS 0x0000000088900000| PB 0x0000000088800000| Complete 
| 137|0x0000000088900000, 0x0000000088a00000, 0x0000000088a00000|100%|HC|  |TAMS 0x0000000088a00000| PB 0x0000000088900000| Complete 
| 138|0x0000000088a00000, 0x0000000088b00000, 0x0000000088b00000|100%|HS|  |TAMS 0x0000000088b00000| PB 0x0000000088a00000| Complete 
| 139|0x0000000088b00000, 0x0000000088c00000, 0x0000000088c00000|100%|HS|  |TAMS 0x0000000088c00000| PB 0x0000000088b00000| Complete 
| 140|0x0000000088c00000, 0x0000000088d00000, 0x0000000088d00000|100%|HC|  |TAMS 0x0000000088d00000| PB 0x0000000088c00000| Complete 
| 141|0x0000000088d00000, 0x0000000088e00000, 0x0000000088e00000|100%|HC|  |TAMS 0x0000000088e00000| PB 0x0000000088d00000| Complete 
| 142|0x0000000088e00000, 0x0000000088f00000, 0x0000000088f00000|100%|HC|  |TAMS 0x0000000088f00000| PB 0x0000000088e00000| Complete 
| 143|0x0000000088f00000, 0x0000000089000000, 0x0000000089000000|100%|HS|  |TAMS 0x0000000089000000| PB 0x0000000088f00000| Complete 
| 144|0x0000000089000000, 0x0000000089100000, 0x0000000089100000|100%|HC|  |TAMS 0x0000000089100000| PB 0x0000000089000000| Complete 
| 145|0x0000000089100000, 0x0000000089200000, 0x0000000089200000|100%|HS|  |TAMS 0x0000000089200000| PB 0x0000000089100000| Complete 
| 146|0x0000000089200000, 0x0000000089300000, 0x0000000089300000|100%|HS|  |TAMS 0x0000000089300000| PB 0x0000000089200000| Complete 
| 147|0x0000000089300000, 0x0000000089400000, 0x0000000089400000|100%|HC|  |TAMS 0x0000000089400000| PB 0x0000000089300000| Complete 
| 148|0x0000000089400000, 0x0000000089500000, 0x0000000089500000|100%|HC|  |TAMS 0x0000000089500000| PB 0x0000000089400000| Complete 
| 149|0x0000000089500000, 0x0000000089600000, 0x0000000089600000|100%|HC|  |TAMS 0x0000000089600000| PB 0x0000000089500000| Complete 
| 150|0x0000000089600000, 0x0000000089700000, 0x0000000089700000|100%|HS|  |TAMS 0x0000000089700000| PB 0x0000000089600000| Complete 
| 151|0x0000000089700000, 0x0000000089800000, 0x0000000089800000|100%|HS|  |TAMS 0x0000000089800000| PB 0x0000000089700000| Complete 
| 152|0x0000000089800000, 0x0000000089900000, 0x0000000089900000|100%|HS|  |TAMS 0x0000000089900000| PB 0x0000000089800000| Complete 
| 153|0x0000000089900000, 0x0000000089a00000, 0x0000000089a00000|100%|HS|  |TAMS 0x0000000089a00000| PB 0x0000000089900000| Complete 
| 154|0x0000000089a00000, 0x0000000089b00000, 0x0000000089b00000|100%|HC|  |TAMS 0x0000000089b00000| PB 0x0000000089a00000| Complete 
| 155|0x0000000089b00000, 0x0000000089c00000, 0x0000000089c00000|100%|HC|  |TAMS 0x0000000089c00000| PB 0x0000000089b00000| Complete 
| 156|0x0000000089c00000, 0x0000000089d00000, 0x0000000089d00000|100%|HS|  |TAMS 0x0000000089d00000| PB 0x0000000089c00000| Complete 
| 157|0x0000000089d00000, 0x0000000089e00000, 0x0000000089e00000|100%|HC|  |TAMS 0x0000000089e00000| PB 0x0000000089d00000| Complete 
| 158|0x0000000089e00000, 0x0000000089f00000, 0x0000000089f00000|100%|HS|  |TAMS 0x0000000089f00000| PB 0x0000000089e00000| Complete 
| 159|0x0000000089f00000, 0x000000008a000000, 0x000000008a000000|100%|HC|  |TAMS 0x000000008a000000| PB 0x0000000089f00000| Complete 
| 160|0x000000008a000000, 0x000000008a100000, 0x000000008a100000|100%|HS|  |TAMS 0x000000008a100000| PB 0x000000008a000000| Complete 
| 161|0x000000008a100000, 0x000000008a200000, 0x000000008a200000|100%|HC|  |TAMS 0x000000008a200000| PB 0x000000008a100000| Complete 
| 162|0x000000008a200000, 0x000000008a300000, 0x000000008a300000|100%|HS|  |TAMS 0x000000008a300000| PB 0x000000008a200000| Complete 
| 163|0x000000008a300000, 0x000000008a400000, 0x000000008a400000|100%|HC|  |TAMS 0x000000008a400000| PB 0x000000008a300000| Complete 
| 164|0x000000008a400000, 0x000000008a500000, 0x000000008a500000|100%|HS|  |TAMS 0x000000008a500000| PB 0x000000008a400000| Complete 
| 165|0x000000008a500000, 0x000000008a600000, 0x000000008a600000|100%|HC|  |TAMS 0x000000008a600000| PB 0x000000008a500000| Complete 
| 166|0x000000008a600000, 0x000000008a700000, 0x000000008a700000|100%|HC|  |TAMS 0x000000008a700000| PB 0x000000008a600000| Complete 
| 167|0x000000008a700000, 0x000000008a800000, 0x000000008a800000|100%| O|  |TAMS 0x000000008a700000| PB 0x000000008a700000| Untracked 
| 168|0x000000008a800000, 0x000000008a900000, 0x000000008a900000|100%| O|  |TAMS 0x000000008a800000| PB 0x000000008a800000| Untracked 
| 169|0x000000008a900000, 0x000000008aa00000, 0x000000008aa00000|100%| O|  |TAMS 0x000000008a900000| PB 0x000000008a900000| Untracked 
| 170|0x000000008aa00000, 0x000000008ab00000, 0x000000008ab00000|100%| O|  |TAMS 0x000000008aa00000| PB 0x000000008aa00000| Untracked 
| 171|0x000000008ab00000, 0x000000008ac00000, 0x000000008ac00000|100%| O|  |TAMS 0x000000008ab00000| PB 0x000000008ab00000| Untracked 
| 172|0x000000008ac00000, 0x000000008ad00000, 0x000000008ad00000|100%| O|  |TAMS 0x000000008ac00000| PB 0x000000008ac00000| Untracked 
| 173|0x000000008ad00000, 0x000000008ae00000, 0x000000008ae00000|100%| O|  |TAMS 0x000000008ad00000| PB 0x000000008ad00000| Untracked 
| 174|0x000000008ae00000, 0x000000008af00000, 0x000000008af00000|100%| O|  |TAMS 0x000000008ae00000| PB 0x000000008ae00000| Untracked 
| 175|0x000000008af00000, 0x000000008b000000, 0x000000008b000000|100%|HS|  |TAMS 0x000000008b000000| PB 0x000000008af00000| Complete 
| 176|0x000000008b000000, 0x000000008b100000, 0x000000008b100000|100%|HC|  |TAMS 0x000000008b100000| PB 0x000000008b000000| Complete 
| 177|0x000000008b100000, 0x000000008b1faee8, 0x000000008b200000| 98%| O|  |TAMS 0x000000008b100000| PB 0x000000008b100000| Untracked 
| 178|0x000000008b200000, 0x000000008b300000, 0x000000008b300000|100%|HS|  |TAMS 0x000000008b300000| PB 0x000000008b200000| Complete 
| 179|0x000000008b300000, 0x000000008b300000, 0x000000008b400000|  0%| F|  |TAMS 0x000000008b300000| PB 0x000000008b300000| Untracked 
| 180|0x000000008b400000, 0x000000008b400000, 0x000000008b500000|  0%| F|  |TAMS 0x000000008b400000| PB 0x000000008b400000| Untracked 
| 181|0x000000008b500000, 0x000000008b500000, 0x000000008b600000|  0%| F|  |TAMS 0x000000008b500000| PB 0x000000008b500000| Untracked 
| 182|0x000000008b600000, 0x000000008b700000, 0x000000008b700000|100%|HS|  |TAMS 0x000000008b600000| PB 0x000000008b600000| Complete 
| 183|0x000000008b700000, 0x000000008b800000, 0x000000008b800000|100%|HC|  |TAMS 0x000000008b700000| PB 0x000000008b700000| Complete 
| 184|0x000000008b800000, 0x000000008b800000, 0x000000008b900000|  0%| F|  |TAMS 0x000000008b800000| PB 0x000000008b800000| Untracked 
| 185|0x000000008b900000, 0x000000008ba00000, 0x000000008ba00000|100%|HS|  |TAMS 0x000000008b900000| PB 0x000000008b900000| Complete 
| 186|0x000000008ba00000, 0x000000008ba00000, 0x000000008bb00000|  0%| F|  |TAMS 0x000000008ba00000| PB 0x000000008ba00000| Untracked 
| 187|0x000000008bb00000, 0x000000008bb00000, 0x000000008bc00000|  0%| F|  |TAMS 0x000000008bb00000| PB 0x000000008bb00000| Untracked 
| 188|0x000000008bc00000, 0x000000008bc00000, 0x000000008bd00000|  0%| F|  |TAMS 0x000000008bc00000| PB 0x000000008bc00000| Untracked 
| 189|0x000000008bd00000, 0x000000008bd00000, 0x000000008be00000|  0%| F|  |TAMS 0x000000008bd00000| PB 0x000000008bd00000| Untracked 
| 190|0x000000008be00000, 0x000000008be00000, 0x000000008bf00000|  0%| F|  |TAMS 0x000000008be00000| PB 0x000000008be00000| Untracked 
| 191|0x000000008bf00000, 0x000000008bf00000, 0x000000008c000000|  0%| F|  |TAMS 0x000000008bf00000| PB 0x000000008bf00000| Untracked 
| 192|0x000000008c000000, 0x000000008c100000, 0x000000008c100000|100%|HS|  |TAMS 0x000000008c000000| PB 0x000000008c000000| Complete 
| 193|0x000000008c100000, 0x000000008c200000, 0x000000008c200000|100%|HC|  |TAMS 0x000000008c100000| PB 0x000000008c100000| Complete 
| 194|0x000000008c200000, 0x000000008c300000, 0x000000008c300000|100%|HC|  |TAMS 0x000000008c200000| PB 0x000000008c200000| Complete 
| 195|0x000000008c300000, 0x000000008c400000, 0x000000008c400000|100%|HC|  |TAMS 0x000000008c300000| PB 0x000000008c300000| Complete 
| 196|0x000000008c400000, 0x000000008c400000, 0x000000008c500000|  0%| F|  |TAMS 0x000000008c400000| PB 0x000000008c400000| Untracked 
| 197|0x000000008c500000, 0x000000008c600000, 0x000000008c600000|100%|HS|  |TAMS 0x000000008c500000| PB 0x000000008c500000| Complete 
| 198|0x000000008c600000, 0x000000008c600000, 0x000000008c700000|  0%| F|  |TAMS 0x000000008c600000| PB 0x000000008c600000| Untracked 
| 199|0x000000008c700000, 0x000000008c800000, 0x000000008c800000|100%|HS|  |TAMS 0x000000008c700000| PB 0x000000008c700000| Complete 
| 200|0x000000008c800000, 0x000000008c800000, 0x000000008c900000|  0%| F|  |TAMS 0x000000008c800000| PB 0x000000008c800000| Untracked 
| 201|0x000000008c900000, 0x000000008ca00000, 0x000000008ca00000|100%|HS|  |TAMS 0x000000008c900000| PB 0x000000008c900000| Complete 
| 202|0x000000008ca00000, 0x000000008ca00000, 0x000000008cb00000|  0%| F|  |TAMS 0x000000008ca00000| PB 0x000000008ca00000| Untracked 
| 203|0x000000008cb00000, 0x000000008cb00000, 0x000000008cc00000|  0%| F|  |TAMS 0x000000008cb00000| PB 0x000000008cb00000| Untracked 
| 204|0x000000008cc00000, 0x000000008cc00000, 0x000000008cd00000|  0%| F|  |TAMS 0x000000008cc00000| PB 0x000000008cc00000| Untracked 
| 205|0x000000008cd00000, 0x000000008cd00000, 0x000000008ce00000|  0%| F|  |TAMS 0x000000008cd00000| PB 0x000000008cd00000| Untracked 
| 206|0x000000008ce00000, 0x000000008ce00000, 0x000000008cf00000|  0%| F|  |TAMS 0x000000008ce00000| PB 0x000000008ce00000| Untracked 
| 207|0x000000008cf00000, 0x000000008cf00000, 0x000000008d000000|  0%| F|  |TAMS 0x000000008cf00000| PB 0x000000008cf00000| Untracked 
| 208|0x000000008d000000, 0x000000008d100000, 0x000000008d100000|100%|HS|  |TAMS 0x000000008d000000| PB 0x000000008d000000| Complete 
| 209|0x000000008d100000, 0x000000008d200000, 0x000000008d200000|100%|HC|  |TAMS 0x000000008d100000| PB 0x000000008d100000| Complete 
| 210|0x000000008d200000, 0x000000008d300000, 0x000000008d300000|100%|HC|  |TAMS 0x000000008d200000| PB 0x000000008d200000| Complete 
| 211|0x000000008d300000, 0x000000008d300000, 0x000000008d400000|  0%| F|  |TAMS 0x000000008d300000| PB 0x000000008d300000| Untracked 
| 212|0x000000008d400000, 0x000000008d400000, 0x000000008d500000|  0%| F|  |TAMS 0x000000008d400000| PB 0x000000008d400000| Untracked 
| 213|0x000000008d500000, 0x000000008d500000, 0x000000008d600000|  0%| F|  |TAMS 0x000000008d500000| PB 0x000000008d500000| Untracked 
| 214|0x000000008d600000, 0x000000008d700000, 0x000000008d700000|100%|HS|  |TAMS 0x000000008d600000| PB 0x000000008d600000| Complete 
| 215|0x000000008d700000, 0x000000008d800000, 0x000000008d800000|100%|HC|  |TAMS 0x000000008d700000| PB 0x000000008d700000| Complete 
| 216|0x000000008d800000, 0x000000008d800000, 0x000000008d900000|  0%| F|  |TAMS 0x000000008d800000| PB 0x000000008d800000| Untracked 
| 217|0x000000008d900000, 0x000000008d900000, 0x000000008da00000|  0%| F|  |TAMS 0x000000008d900000| PB 0x000000008d900000| Untracked 
| 218|0x000000008da00000, 0x000000008da00000, 0x000000008db00000|  0%| F|  |TAMS 0x000000008da00000| PB 0x000000008da00000| Untracked 
| 219|0x000000008db00000, 0x000000008dc00000, 0x000000008dc00000|100%|HS|  |TAMS 0x000000008db00000| PB 0x000000008db00000| Complete 
| 220|0x000000008dc00000, 0x000000008dd00000, 0x000000008dd00000|100%|HC|  |TAMS 0x000000008dc00000| PB 0x000000008dc00000| Complete 
| 221|0x000000008dd00000, 0x000000008dd00000, 0x000000008de00000|  0%| F|  |TAMS 0x000000008dd00000| PB 0x000000008dd00000| Untracked 
| 222|0x000000008de00000, 0x000000008de00000, 0x000000008df00000|  0%| F|  |TAMS 0x000000008de00000| PB 0x000000008de00000| Untracked 
| 223|0x000000008df00000, 0x000000008df00000, 0x000000008e000000|  0%| F|  |TAMS 0x000000008df00000| PB 0x000000008df00000| Untracked 
| 224|0x000000008e000000, 0x000000008e100000, 0x000000008e100000|100%|HS|  |TAMS 0x000000008e000000| PB 0x000000008e000000| Complete 
| 225|0x000000008e100000, 0x000000008e200000, 0x000000008e200000|100%|HC|  |TAMS 0x000000008e100000| PB 0x000000008e100000| Complete 
| 226|0x000000008e200000, 0x000000008e200000, 0x000000008e300000|  0%| F|  |TAMS 0x000000008e200000| PB 0x000000008e200000| Untracked 
| 227|0x000000008e300000, 0x000000008e300000, 0x000000008e400000|  0%| F|  |TAMS 0x000000008e300000| PB 0x000000008e300000| Untracked 
| 228|0x000000008e400000, 0x000000008e400000, 0x000000008e500000|  0%| F|  |TAMS 0x000000008e400000| PB 0x000000008e400000| Untracked 
| 229|0x000000008e500000, 0x000000008e600000, 0x000000008e600000|100%|HS|  |TAMS 0x000000008e500000| PB 0x000000008e500000| Complete 
| 230|0x000000008e600000, 0x000000008e700000, 0x000000008e700000|100%|HC|  |TAMS 0x000000008e600000| PB 0x000000008e600000| Complete 
| 231|0x000000008e700000, 0x000000008e700000, 0x000000008e800000|  0%| F|  |TAMS 0x000000008e700000| PB 0x000000008e700000| Untracked 
| 232|0x000000008e800000, 0x000000008e800000, 0x000000008e900000|  0%| F|  |TAMS 0x000000008e800000| PB 0x000000008e800000| Untracked 
| 233|0x000000008e900000, 0x000000008e900000, 0x000000008ea00000|  0%| F|  |TAMS 0x000000008e900000| PB 0x000000008e900000| Untracked 
| 234|0x000000008ea00000, 0x000000008ea00000, 0x000000008eb00000|  0%| F|  |TAMS 0x000000008ea00000| PB 0x000000008ea00000| Untracked 
| 235|0x000000008eb00000, 0x000000008eb00000, 0x000000008ec00000|  0%| F|  |TAMS 0x000000008eb00000| PB 0x000000008eb00000| Untracked 
| 236|0x000000008ec00000, 0x000000008ec00000, 0x000000008ed00000|  0%| F|  |TAMS 0x000000008ec00000| PB 0x000000008ec00000| Untracked 
| 237|0x000000008ed00000, 0x000000008ee00000, 0x000000008ee00000|100%|HS|  |TAMS 0x000000008ed00000| PB 0x000000008ed00000| Complete 
| 238|0x000000008ee00000, 0x000000008ef00000, 0x000000008ef00000|100%|HC|  |TAMS 0x000000008ee00000| PB 0x000000008ee00000| Complete 
| 239|0x000000008ef00000, 0x000000008f000000, 0x000000008f000000|100%|HC|  |TAMS 0x000000008ef00000| PB 0x000000008ef00000| Complete 
| 240|0x000000008f000000, 0x000000008f000000, 0x000000008f100000|  0%| F|  |TAMS 0x000000008f000000| PB 0x000000008f000000| Untracked 
| 241|0x000000008f100000, 0x000000008f100000, 0x000000008f200000|  0%| F|  |TAMS 0x000000008f100000| PB 0x000000008f100000| Untracked 
| 242|0x000000008f200000, 0x000000008f200000, 0x000000008f300000|  0%| F|  |TAMS 0x000000008f200000| PB 0x000000008f200000| Untracked 
| 243|0x000000008f300000, 0x000000008f400000, 0x000000008f400000|100%|HS|  |TAMS 0x000000008f400000| PB 0x000000008f300000| Complete 
| 244|0x000000008f400000, 0x000000008f500000, 0x000000008f500000|100%|HC|  |TAMS 0x000000008f500000| PB 0x000000008f400000| Complete 
| 245|0x000000008f500000, 0x000000008f600000, 0x000000008f600000|100%|HC|  |TAMS 0x000000008f600000| PB 0x000000008f500000| Complete 
| 246|0x000000008f600000, 0x000000008f700000, 0x000000008f700000|100%|HC|  |TAMS 0x000000008f700000| PB 0x000000008f600000| Complete 
| 247|0x000000008f700000, 0x000000008f700000, 0x000000008f800000|  0%| F|  |TAMS 0x000000008f700000| PB 0x000000008f700000| Untracked 
| 248|0x000000008f800000, 0x000000008f800000, 0x000000008f900000|  0%| F|  |TAMS 0x000000008f800000| PB 0x000000008f800000| Untracked 
| 249|0x000000008f900000, 0x000000008f900000, 0x000000008fa00000|  0%| F|  |TAMS 0x000000008f900000| PB 0x000000008f900000| Untracked 
| 250|0x000000008fa00000, 0x000000008fa00000, 0x000000008fb00000|  0%| F|  |TAMS 0x000000008fa00000| PB 0x000000008fa00000| Untracked 
| 251|0x000000008fb00000, 0x000000008fb00000, 0x000000008fc00000|  0%| F|  |TAMS 0x000000008fb00000| PB 0x000000008fb00000| Untracked 
| 252|0x000000008fc00000, 0x000000008fc00000, 0x000000008fd00000|  0%| F|  |TAMS 0x000000008fc00000| PB 0x000000008fc00000| Untracked 
| 253|0x000000008fd00000, 0x000000008fe00000, 0x000000008fe00000|100%| E|  |TAMS 0x000000008fd00000| PB 0x000000008fd00000| Complete 
| 254|0x000000008fe00000, 0x000000008ff00000, 0x000000008ff00000|100%| E|CS|TAMS 0x000000008fe00000| PB 0x000000008fe00000| Complete 
| 255|0x000000008ff00000, 0x0000000090000000, 0x0000000090000000|100%| E|CS|TAMS 0x000000008ff00000| PB 0x000000008ff00000| Complete 
| 256|0x0000000090000000, 0x0000000090100000, 0x0000000090100000|100%| E|CS|TAMS 0x0000000090000000| PB 0x0000000090000000| Complete 
| 257|0x0000000090100000, 0x0000000090200000, 0x0000000090200000|100%| E|CS|TAMS 0x0000000090100000| PB 0x0000000090100000| Complete 
| 258|0x0000000090200000, 0x0000000090300000, 0x0000000090300000|100%| S|CS|TAMS 0x0000000090200000| PB 0x0000000090200000| Complete 
| 259|0x0000000090300000, 0x0000000090400000, 0x0000000090400000|100%| S|CS|TAMS 0x0000000090300000| PB 0x0000000090300000| Complete 
| 260|0x0000000090400000, 0x0000000090500000, 0x0000000090500000|100%| S|CS|TAMS 0x0000000090400000| PB 0x0000000090400000| Complete 
| 261|0x0000000090500000, 0x0000000090600000, 0x0000000090600000|100%| S|CS|TAMS 0x0000000090500000| PB 0x0000000090500000| Complete 
| 262|0x0000000090600000, 0x0000000090700000, 0x0000000090700000|100%| S|CS|TAMS 0x0000000090600000| PB 0x0000000090600000| Complete 
|2027|0x00000000feb00000, 0x00000000fec00000, 0x00000000fec00000|100%| O|  |TAMS 0x00000000febab458| PB 0x00000000febab458| Updating 
|2028|0x00000000fec00000, 0x00000000fed00000, 0x00000000fed00000|100%| O|  |TAMS 0x00000000fed00000| PB 0x00000000fed00000| Updating 
|2029|0x00000000fed00000, 0x00000000fee00000, 0x00000000fee00000|100%| O|  |TAMS 0x00000000fee00000| PB 0x00000000fee00000| Updating 
|2030|0x00000000fee00000, 0x00000000fef00000, 0x00000000fef00000|100%| O|  |TAMS 0x00000000fef00000| PB 0x00000000fef00000| Updating 
|2031|0x00000000fef00000, 0x00000000ff000000, 0x00000000ff000000|100%| O|  |TAMS 0x00000000ff000000| PB 0x00000000ff000000| Untracked 
|2032|0x00000000ff000000, 0x00000000ff100000, 0x00000000ff100000|100%| O|  |TAMS 0x00000000ff100000| PB 0x00000000ff100000| Untracked 
|2033|0x00000000ff100000, 0x00000000ff200000, 0x00000000ff200000|100%| E|CS|TAMS 0x00000000ff100000| PB 0x00000000ff100000| Complete 
|2034|0x00000000ff200000, 0x00000000ff300000, 0x00000000ff300000|100%| O|  |TAMS 0x00000000ff300000| PB 0x00000000ff300000| Untracked 
|2035|0x00000000ff300000, 0x00000000ff400000, 0x00000000ff400000|100%| O|  |TAMS 0x00000000ff400000| PB 0x00000000ff400000| Untracked 
|2036|0x00000000ff400000, 0x00000000ff500000, 0x00000000ff500000|100%| O|  |TAMS 0x00000000ff500000| PB 0x00000000ff500000| Untracked 
|2037|0x00000000ff500000, 0x00000000ff600000, 0x00000000ff600000|100%| O|  |TAMS 0x00000000ff600000| PB 0x00000000ff600000| Untracked 
|2038|0x00000000ff600000, 0x00000000ff700000, 0x00000000ff700000|100%| O|  |TAMS 0x00000000ff700000| PB 0x00000000ff700000| Updating 
|2039|0x00000000ff700000, 0x00000000ff800000, 0x00000000ff800000|100%| O|  |TAMS 0x00000000ff800000| PB 0x00000000ff800000| Untracked 
|2040|0x00000000ff800000, 0x00000000ff900000, 0x00000000ff900000|100%| E|CS|TAMS 0x00000000ff800000| PB 0x00000000ff800000| Complete 
|2041|0x00000000ff900000, 0x00000000ffa00000, 0x00000000ffa00000|100%| O|  |TAMS 0x00000000ffa00000| PB 0x00000000ffa00000| Untracked 
|2042|0x00000000ffa00000, 0x00000000ffb00000, 0x00000000ffb00000|100%| E|CS|TAMS 0x00000000ffa00000| PB 0x00000000ffa00000| Complete 
|2043|0x00000000ffb00000, 0x00000000ffc00000, 0x00000000ffc00000|100%| O|  |TAMS 0x00000000ffc00000| PB 0x00000000ffc00000| Untracked 
|2044|0x00000000ffc00000, 0x00000000ffd00000, 0x00000000ffd00000|100%| O|  |TAMS 0x00000000ffd00000| PB 0x00000000ffd00000| Untracked 
|2045|0x00000000ffd00000, 0x00000000ffe00000, 0x00000000ffe00000|100%| E|CS|TAMS 0x00000000ffd00000| PB 0x00000000ffd00000| Complete 
|2046|0x00000000ffe00000, 0x00000000fff00000, 0x00000000fff00000|100%| O|  |TAMS 0x00000000fff00000| PB 0x00000000fff00000| Untracked 
|2047|0x00000000fff00000, 0x0000000100000000, 0x0000000100000000|100%| O|  |TAMS 0x0000000100000000| PB 0x0000000100000000| Updating 

Card table byte_map: [0x000001c57dfd0000,0x000001c57e3d0000] _byte_map_base: 0x000001c57dbd0000

Marking Bits: (CMBitMap*) 0x000001c57a796e30
 Bits: [0x000001c50f000000, 0x000001c511000000)

Polling page: 0x000001c578590000

Metaspace:

Usage:
  Non-class:    108.73 MB used.
      Class:     17.43 MB used.
       Both:    126.16 MB used.

Virtual space:
  Non-class space:      128.00 MB reserved,     109.88 MB ( 86%) committed,  2 nodes.
      Class space:        1.00 GB reserved,      18.50 MB (  2%) committed,  1 nodes.
             Both:        1.12 GB reserved,     128.38 MB ( 11%) committed. 

Chunk freelists:
   Non-Class:  1.72 MB
       Class:  13.51 MB
        Both:  15.24 MB

MaxMetaspaceSize: unlimited
CompressedClassSpaceSize: 1.00 GB
Initial GC threshold: 21.00 MB
Current GC threshold: 205.88 MB
CDS: off
 - commit_granule_bytes: 65536.
 - commit_granule_words: 8192.
 - virtual_space_node_default_size: 8388608.
 - enlarge_chunks_in_place: 1.
 - use_allocation_guard: 0.


Internal statistics:

num_allocs_failed_limit: 9.
num_arena_births: 4412.
num_arena_deaths: 0.
num_vsnodes_births: 3.
num_vsnodes_deaths: 0.
num_space_committed: 2053.
num_space_uncommitted: 0.
num_chunks_returned_to_freelist: 9.
num_chunks_taken_from_freelist: 10017.
num_chunk_merges: 9.
num_chunk_splits: 6500.
num_chunks_enlarged: 4036.
num_inconsistent_stats: 0.

CodeHeap 'non-profiled nmethods': size=120000Kb used=8974Kb max_used=9468Kb free=111025Kb
 bounds [0x000001c507ad0000, 0x000001c508410000, 0x000001c50f000000]
CodeHeap 'profiled nmethods': size=120000Kb used=24076Kb max_used=24957Kb free=95924Kb
 bounds [0x000001c500000000, 0x000001c501870000, 0x000001c507530000]
CodeHeap 'non-nmethods': size=5760Kb used=2774Kb max_used=2803Kb free=2986Kb
 bounds [0x000001c507530000, 0x000001c507800000, 0x000001c507ad0000]
CodeCache: size=245760Kb, used=35824Kb, max_used=37228Kb, free=209935Kb
 total_blobs=14016, nmethods=12966, adapters=953, full_count=0
Compilation: enabled, stopped_count=0, restarted_count=0

Compilation events (20 events):
Event: 79.281 Thread 0x000001c57f03b7c0 15991       3       com.android.tools.r8.graph.f6::o0 (27 bytes)
Event: 79.282 Thread 0x000001c57f03b7c0 nmethod 15991 0x000001c50185b710 code [0x000001c50185b8c0, 0x000001c50185ba68]
Event: 79.282 Thread 0x000001c57f03b7c0 15992       2       com.android.tools.r8.graph.xb::e (33 bytes)
Event: 79.282 Thread 0x000001c57f03b7c0 nmethod 15992 0x000001c5007f1590 code [0x000001c5007f1720, 0x000001c5007f1850]
Event: 79.282 Thread 0x000001c57f03b7c0 15995       3       com.android.tools.r8.internal.vf1::get (95 bytes)
Event: 79.283 Thread 0x000001c57f03b7c0 nmethod 15995 0x000001c50185bb90 code [0x000001c50185bd80, 0x000001c50185c258]
Event: 79.283 Thread 0x000001c57f03b7c0 15993       3       com.android.tools.r8.graph.l6::<init> (36 bytes)
Event: 79.284 Thread 0x000001c57f03b7c0 nmethod 15993 0x000001c50185c490 code [0x000001c50185c640, 0x000001c50185c870]
Event: 79.284 Thread 0x000001c57f03b7c0 15996       3       com.android.tools.r8.dex.c0::a (77 bytes)
Event: 79.284 Thread 0x000001c57f03b7c0 nmethod 15996 0x000001c50185c990 code [0x000001c50185cba0, 0x000001c50185d118]
Event: 79.285 Thread 0x000001c57f03b7c0 16000       3       com.android.tools.r8.dex.c0::j (52 bytes)
Event: 79.286 Thread 0x000001c57f03b7c0 nmethod 16000 0x000001c50185d390 code [0x000001c50185d5c0, 0x000001c50185de80]
Event: 79.286 Thread 0x000001c57f03b7c0 15998       3       com.android.tools.r8.internal.vf1::a (170 bytes)
Event: 79.287 Thread 0x000001c57f03b7c0 nmethod 15998 0x000001c50185e290 code [0x000001c50185e4c0, 0x000001c50185ed78]
Event: 79.287 Thread 0x000001c57f03b7c0 15999       3       com.android.tools.r8.dex.c0$$Lambda/0x0000000101275860::get (8 bytes)
Event: 79.287 Thread 0x000001c57f03b7c0 nmethod 15999 0x000001c50185f090 code [0x000001c50185f240, 0x000001c50185f380]
Event: 79.288 Thread 0x000001c57f03b7c0 16002   !   3       com.android.tools.r8.graph.y5::<init> (70 bytes)
Event: 79.290 Thread 0x000001c57f03b7c0 nmethod 16002 0x000001c50185f490 code [0x000001c50185f6a0, 0x000001c50185fb58]
Event: 79.290 Thread 0x000001c57f03b7c0 16003       3       com.android.tools.r8.graph.y5::o0 (37 bytes)
Event: 79.290 Thread 0x000001c57f03b7c0 nmethod 16003 0x000001c50185fe10 code [0x000001c50185ffe0, 0x000001c5018601c0]

GC Heap History (20 events):
Event: 57.500 GC heap before
{Heap before GC invocations=45 (full 0):
 garbage-first heap   total 209920K, used 176477K [0x0000000080000000, 0x0000000100000000)
  region size 1024K, 59 young (60416K), 8 survivors (8192K)
 Metaspace       used 116152K, committed 118272K, reserved 1179648K
  class space    used 16123K, committed 17152K, reserved 1048576K
}
Event: 57.526 GC heap after
{Heap after GC invocations=46 (full 0):
 garbage-first heap   total 209920K, used 135055K [0x0000000080000000, 0x0000000100000000)
  region size 1024K, 8 young (8192K), 8 survivors (8192K)
 Metaspace       used 116152K, committed 118272K, reserved 1179648K
  class space    used 16123K, committed 17152K, reserved 1048576K
}
Event: 61.242 GC heap before
{Heap before GC invocations=46 (full 0):
 garbage-first heap   total 209920K, used 195471K [0x0000000080000000, 0x0000000100000000)
  region size 1024K, 63 young (64512K), 8 survivors (8192K)
 Metaspace       used 120170K, committed 122368K, reserved 1179648K
  class space    used 16627K, committed 17664K, reserved 1048576K
}
Event: 61.271 GC heap after
{Heap after GC invocations=47 (full 0):
 garbage-first heap   total 216064K, used 142071K [0x0000000080000000, 0x0000000100000000)
  region size 1024K, 8 young (8192K), 8 survivors (8192K)
 Metaspace       used 120170K, committed 122368K, reserved 1179648K
  class space    used 16627K, committed 17664K, reserved 1048576K
}
Event: 63.028 GC heap before
{Heap before GC invocations=47 (full 0):
 garbage-first heap   total 216064K, used 195319K [0x0000000080000000, 0x0000000100000000)
  region size 1024K, 61 young (62464K), 8 survivors (8192K)
 Metaspace       used 120194K, committed 122368K, reserved 1179648K
  class space    used 16628K, committed 17664K, reserved 1048576K
}
Event: 63.043 GC heap after
{Heap after GC invocations=48 (full 0):
 garbage-first heap   total 216064K, used 145069K [0x0000000080000000, 0x0000000100000000)
  region size 1024K, 5 young (5120K), 5 survivors (5120K)
 Metaspace       used 120194K, committed 122368K, reserved 1179648K
  class space    used 16628K, committed 17664K, reserved 1048576K
}
Event: 65.006 GC heap before
{Heap before GC invocations=49 (full 0):
 garbage-first heap   total 242688K, used 198317K [0x0000000080000000, 0x0000000100000000)
  region size 1024K, 58 young (59392K), 5 survivors (5120K)
 Metaspace       used 120340K, committed 122560K, reserved 1179648K
  class space    used 16639K, committed 17728K, reserved 1048576K
}
Event: 65.020 GC heap after
{Heap after GC invocations=50 (full 0):
 garbage-first heap   total 242688K, used 147887K [0x0000000080000000, 0x0000000100000000)
  region size 1024K, 5 young (5120K), 5 survivors (5120K)
 Metaspace       used 120340K, committed 122560K, reserved 1179648K
  class space    used 16639K, committed 17728K, reserved 1048576K
}
Event: 67.571 GC heap before
{Heap before GC invocations=50 (full 0):
 garbage-first heap   total 242688K, used 219567K [0x0000000080000000, 0x0000000100000000)
  region size 1024K, 76 young (77824K), 5 survivors (5120K)
 Metaspace       used 120680K, committed 122944K, reserved 1179648K
  class space    used 16677K, committed 17792K, reserved 1048576K
}
Event: 67.592 GC heap after
{Heap after GC invocations=51 (full 0):
 garbage-first heap   total 242688K, used 149605K [0x0000000080000000, 0x0000000100000000)
  region size 1024K, 9 young (9216K), 9 survivors (9216K)
 Metaspace       used 120680K, committed 122944K, reserved 1179648K
  class space    used 16677K, committed 17792K, reserved 1048576K
}
Event: 72.405 GC heap before
{Heap before GC invocations=51 (full 0):
 garbage-first heap   total 242688K, used 220261K [0x0000000080000000, 0x0000000100000000)
  region size 1024K, 79 young (80896K), 9 survivors (9216K)
 Metaspace       used 124095K, committed 126400K, reserved 1179648K
  class space    used 17118K, committed 18240K, reserved 1048576K
}
Event: 72.422 GC heap after
{Heap after GC invocations=52 (full 0):
 garbage-first heap   total 242688K, used 153763K [0x0000000080000000, 0x0000000100000000)
  region size 1024K, 7 young (7168K), 7 survivors (7168K)
 Metaspace       used 124095K, committed 126400K, reserved 1179648K
  class space    used 17118K, committed 18240K, reserved 1048576K
}
Event: 75.095 GC heap before
{Heap before GC invocations=53 (full 0):
 garbage-first heap   total 258048K, used 221347K [0x0000000080000000, 0x0000000100000000)
  region size 1024K, 74 young (75776K), 7 survivors (7168K)
 Metaspace       used 124315K, committed 126528K, reserved 1179648K
  class space    used 17145K, committed 18240K, reserved 1048576K
}
Event: 75.111 GC heap after
{Heap after GC invocations=54 (full 0):
 garbage-first heap   total 258048K, used 157111K [0x0000000080000000, 0x0000000100000000)
  region size 1024K, 5 young (5120K), 5 survivors (5120K)
 Metaspace       used 124315K, committed 126528K, reserved 1179648K
  class space    used 17145K, committed 18240K, reserved 1048576K
}
Event: 78.888 GC heap before
{Heap before GC invocations=54 (full 0):
 garbage-first heap   total 268288K, used 266679K [0x0000000080000000, 0x0000000100000000)
  region size 1024K, 65 young (66560K), 5 survivors (5120K)
 Metaspace       used 128583K, committed 130880K, reserved 1179648K
  class space    used 17760K, committed 18880K, reserved 1048576K
}
Event: 78.916 GC heap after
{Heap after GC invocations=55 (full 0):
 garbage-first heap   total 285696K, used 204461K [0x0000000080000000, 0x0000000100000000)
  region size 1024K, 11 young (11264K), 11 survivors (11264K)
 Metaspace       used 128583K, committed 130880K, reserved 1179648K
  class space    used 17760K, committed 18880K, reserved 1048576K
}
Event: 78.920 GC heap before
{Heap before GC invocations=55 (full 0):
 garbage-first heap   total 285696K, used 204461K [0x0000000080000000, 0x0000000100000000)
  region size 1024K, 12 young (12288K), 11 survivors (11264K)
 Metaspace       used 128583K, committed 130880K, reserved 1179648K
  class space    used 17760K, committed 18880K, reserved 1048576K
}
Event: 78.931 GC heap after
{Heap after GC invocations=56 (full 0):
 garbage-first heap   total 285696K, used 205553K [0x0000000080000000, 0x0000000100000000)
  region size 1024K, 2 young (2048K), 2 survivors (2048K)
 Metaspace       used 128583K, committed 130880K, reserved 1179648K
  class space    used 17760K, committed 18880K, reserved 1048576K
}
Event: 79.033 GC heap before
{Heap before GC invocations=56 (full 0):
 garbage-first heap   total 285696K, used 283377K [0x0000000080000000, 0x0000000100000000)
  region size 1024K, 18 young (18432K), 2 survivors (2048K)
 Metaspace       used 128688K, committed 130944K, reserved 1179648K
  class space    used 17775K, committed 18880K, reserved 1048576K
}
Event: 79.041 GC heap after
{Heap after GC invocations=57 (full 0):
 garbage-first heap   total 290816K, used 234475K [0x0000000080000000, 0x0000000100000000)
  region size 1024K, 5 young (5120K), 5 survivors (5120K)
 Metaspace       used 128688K, committed 130944K, reserved 1179648K
  class space    used 17775K, committed 18880K, reserved 1048576K
}

Dll operation events (3 events):
Event: 0.040 Loaded shared library C:\Program Files\Android\Android Studio2\jbr\bin\java.dll
Event: 0.056 Loaded shared library C:\Program Files\Android\Android Studio2\jbr\bin\zip.dll
Event: 2.693 Loaded shared library C:\Program Files\Android\Android Studio2\jbr\bin\verify.dll

Deoptimization events (20 events):
Event: 79.306 Thread 0x000001c52238d940 DEOPT PACKING pc=0x000001c50099afe8 sp=0x00000091130fd310
Event: 79.306 Thread 0x000001c52238d940 DEOPT UNPACKING pc=0x000001c507584b42 sp=0x00000091130fc7c8 mode 0
Event: 79.308 Thread 0x000001c52238d940 DEOPT PACKING pc=0x000001c50099afe8 sp=0x00000091130fd310
Event: 79.308 Thread 0x000001c52238d940 DEOPT UNPACKING pc=0x000001c507584b42 sp=0x00000091130fc7c8 mode 0
Event: 79.311 Thread 0x000001c52238d940 DEOPT PACKING pc=0x000001c50099afe8 sp=0x00000091130fd310
Event: 79.311 Thread 0x000001c52238d940 DEOPT UNPACKING pc=0x000001c507584b42 sp=0x00000091130fc7c8 mode 0
Event: 79.313 Thread 0x000001c52238d940 DEOPT PACKING pc=0x000001c50099afe8 sp=0x00000091130fd310
Event: 79.313 Thread 0x000001c52238d940 DEOPT UNPACKING pc=0x000001c507584b42 sp=0x00000091130fc7c8 mode 0
Event: 79.315 Thread 0x000001c52238d940 DEOPT PACKING pc=0x000001c50099afe8 sp=0x00000091130fd310
Event: 79.315 Thread 0x000001c52238d940 DEOPT UNPACKING pc=0x000001c507584b42 sp=0x00000091130fc7c8 mode 0
Event: 79.322 Thread 0x000001c52238d940 DEOPT PACKING pc=0x000001c50099afe8 sp=0x00000091130fd310
Event: 79.322 Thread 0x000001c52238d940 DEOPT UNPACKING pc=0x000001c507584b42 sp=0x00000091130fc7c8 mode 0
Event: 79.326 Thread 0x000001c52238d940 DEOPT PACKING pc=0x000001c50099afe8 sp=0x00000091130fd310
Event: 79.326 Thread 0x000001c52238d940 DEOPT UNPACKING pc=0x000001c507584b42 sp=0x00000091130fc7c8 mode 0
Event: 79.327 Thread 0x000001c52238dfd0 Uncommon trap: trap_request=0xffffff45 fr.pc=0x000001c507b2beb0 relative=0x0000000000000090
Event: 79.327 Thread 0x000001c52238dfd0 Uncommon trap: reason=unstable_if action=reinterpret pc=0x000001c507b2beb0 method=java.util.concurrent.TimeUnit.toNanos(J)J @ 22 c2
Event: 79.327 Thread 0x000001c52238dfd0 DEOPT PACKING pc=0x000001c507b2beb0 sp=0x0000009112dff220
Event: 79.327 Thread 0x000001c52238dfd0 DEOPT UNPACKING pc=0x000001c5075843a2 sp=0x0000009112dff190 mode 2
Event: 79.328 Thread 0x000001c52238d940 DEOPT PACKING pc=0x000001c50099afe8 sp=0x00000091130fd310
Event: 79.328 Thread 0x000001c52238d940 DEOPT UNPACKING pc=0x000001c507584b42 sp=0x00000091130fc7c8 mode 0

Classes loaded (20 events):
Event: 79.262 Loading class sun/rmi/transport/DGCClient$EndpointEntry$RenewCleanThread
Event: 79.262 Loading class sun/rmi/transport/DGCClient$EndpointEntry$RenewCleanThread done
Event: 79.303 Loading class sun/rmi/transport/GC
Event: 79.304 Loading class sun/rmi/transport/GC done
Event: 79.304 Loading class sun/rmi/transport/GC$LatencyLock
Event: 79.304 Loading class sun/rmi/transport/GC$LatencyLock done
Event: 79.304 Loading class sun/rmi/transport/GC$1
Event: 79.304 Loading class sun/rmi/transport/GC$1 done
Event: 79.314 Loading class sun/rmi/transport/GC$LatencyRequest
Event: 79.315 Loading class sun/rmi/transport/GC$LatencyRequest done
Event: 79.316 Loading class sun/rmi/transport/GC$Daemon
Event: 79.316 Loading class sun/rmi/transport/GC$Daemon done
Event: 79.316 Loading class sun/rmi/transport/GC$Daemon$1
Event: 79.316 Loading class sun/rmi/transport/GC$Daemon$1 done
Event: 79.317 Loading class sun/rmi/transport/DGCClient$EndpointEntry$RefEntry
Event: 79.317 Loading class sun/rmi/transport/DGCClient$EndpointEntry$RefEntry done
Event: 79.318 Loading class sun/rmi/transport/DGCClient$EndpointEntry$RefEntry$PhantomLiveRef
Event: 79.318 Loading class sun/rmi/transport/DGCClient$EndpointEntry$RefEntry$PhantomLiveRef done
Event: 79.318 Loading class java/rmi/dgc/Lease
Event: 79.319 Loading class java/rmi/dgc/Lease done

Classes unloaded (0 events):
No events

Classes redefined (0 events):
No events

Internal exceptions (20 events):
Event: 71.654 Thread 0x000001c522cf4d90 Exception <a 'java/lang/NoSuchMethodError'{0x000000008b11e080}: static Lorg/jetbrains/kotlin/incremental/ClasspathChanges;.<clinit>()V> (0x000000008b11e080) 
thrown [s\src\hotspot\share\prims\jni.cpp, line 1144]
Event: 71.684 Thread 0x000001c522cf4d90 Exception <a 'java/lang/NoSuchMethodError'{0x000000008b1d85c0}: static Lorg/jetbrains/kotlin/gradle/report/GradleBuildMetricsReporter;.<clinit>()V> (0x000000008b1d85c0) 
thrown [s\src\hotspot\share\prims\jni.cpp, line 1144]
Event: 71.685 Thread 0x000001c522cf4d90 Exception <a 'java/lang/NoSuchMethodError'{0x000000008b1db268}: static Lorg/jetbrains/kotlin/build/report/metrics/BuildMetricsReporterImpl;.<clinit>()V> (0x000000008b1db268) 
thrown [s\src\hotspot\share\prims\jni.cpp, line 1144]
Event: 71.714 Thread 0x000001c522cf4d90 Exception <a 'java/lang/NoSuchMethodError'{0x000000008b043670}: static Lorg/jetbrains/kotlin/build/report/metrics/GcMetrics;.<clinit>()V> (0x000000008b043670) 
thrown [s\src\hotspot\share\prims\jni.cpp, line 1144]
Event: 71.767 Thread 0x000001c522cf4700 Exception <a 'sun/nio/fs/WindowsException'{0x000000008af98f40}> (0x000000008af98f40) 
thrown [s\src\hotspot\share\prims\jni.cpp, line 537]
Event: 71.768 Thread 0x000001c522cf4700 Exception <a 'sun/nio/fs/WindowsException'{0x000000008af99b08}> (0x000000008af99b08) 
thrown [s\src\hotspot\share\prims\jni.cpp, line 537]
Event: 72.236 Thread 0x000001c51c6efda0 Exception <a 'sun/nio/fs/WindowsException'{0x0000000089ee6a88}> (0x0000000089ee6a88) 
thrown [s\src\hotspot\share\prims\jni.cpp, line 537]
Event: 72.240 Thread 0x000001c51c6efda0 Exception <a 'sun/nio/fs/WindowsException'{0x0000000089ee7b80}> (0x0000000089ee7b80) 
thrown [s\src\hotspot\share\prims\jni.cpp, line 537]
Event: 72.244 Thread 0x000001c51c6efda0 Exception <a 'sun/nio/fs/WindowsException'{0x0000000089eed188}> (0x0000000089eed188) 
thrown [s\src\hotspot\share\prims\jni.cpp, line 537]
Event: 72.641 Thread 0x000001c51c6efda0 Exception <a 'java/lang/NoSuchMethodError'{0x000000008dd0da40}: 'void java.lang.invoke.DirectMethodHandle$Holder.invokeStatic(java.lang.Object, long)'> (0x000000008dd0da40) 
thrown [s\src\hotspot\share\interpreter\linkResolver.cpp, line 784]
Event: 73.018 Thread 0x000001c52238d2b0 Implicit null exception at 0x000001c507e264b1 to 0x000001c507e28370
Event: 76.251 Thread 0x000001c522cf2cc0 Exception <a 'java/lang/NoSuchMethodError'{0x000000008d7daa68}: static Ljava/lang/Object;.<clinit>()V> (0x000000008d7daa68) 
thrown [s\src\hotspot\share\prims\jni.cpp, line 1144]
Event: 76.755 Thread 0x000001c5177e9fa0 Exception <a 'sun/nio/fs/WindowsException'{0x000000008d1c0808}> (0x000000008d1c0808) 
thrown [s\src\hotspot\share\prims\jni.cpp, line 537]
Event: 76.764 Thread 0x000001c5177e9fa0 Exception <a 'sun/nio/fs/WindowsException'{0x000000008d1f37a0}> (0x000000008d1f37a0) 
thrown [s\src\hotspot\share\prims\jni.cpp, line 537]
Event: 78.411 Thread 0x000001c52238d2b0 Implicit null exception at 0x000001c508240f11 to 0x000001c508244364
Event: 78.849 Thread 0x000001c52238d940 Exception <a 'java/lang/NoSuchMethodError'{0x000000008b745c18}: 'java.lang.Object java.lang.invoke.DirectMethodHandle$Holder.invokeStaticInit(java.lang.Object, java.lang.Object, java.lang.Object, java.lang.Object, java.lang.Object, java.lang.Object, java.lang.Object, java.lang.Object, java.lang.Object, java.lang.Object, java.lang.Object, java.lang.Object, java.lang.Object, java.lang.Object, java.lang.Object, java.lang.Object, java.lang.Object, java.lang.Object, java.lang.Object, java.lang.Object, int, java
Event: 78.852 Thread 0x000001c52238d940 Exception <a 'java/lang/IncompatibleClassChangeError'{0x000000008b75c970}: Found class java.lang.Object, but interface was expected> (0x000000008b75c970) 
thrown [s\src\hotspot\share\interpreter\linkResolver.cpp, line 851]
Event: 78.854 Thread 0x000001c52238d940 Exception <a 'java/lang/IncompatibleClassChangeError'{0x000000008b766970}: Found class java.lang.Object, but interface was expected> (0x000000008b766970) 
thrown [s\src\hotspot\share\interpreter\linkResolver.cpp, line 851]
Event: 79.233 Thread 0x000001c51c6efda0 Exception <a 'java/lang/NoSuchMethodError'{0x00000000901ccac0}: static Lorg/jetbrains/kotlin/daemon/common/LoopbackNetworkInterface$AbstractClientLoopbackSocketFactory;.<clinit>()V> (0x00000000901ccac0) 
thrown [s\src\hotspot\share\prims\jni.cpp, line 1144]
Event: 79.236 Thread 0x000001c51c6efda0 Exception <a 'java/lang/NoSuchMethodError'{0x00000000901d93c8}: static Lorg/jetbrains/kotlin/daemon/common/LoopbackNetworkInterface$ClientLoopbackSocketFactory;.<clinit>()V> (0x00000000901d93c8) 
thrown [s\src\hotspot\share\prims\jni.cpp, line 1144]

ZGC Phase Switch (0 events):
No events

VM Operations (20 events):
Event: 76.127 Executing safepoint VM operation: Cleanup done
Event: 77.128 Executing safepoint VM operation: Cleanup
Event: 77.128 Executing safepoint VM operation: Cleanup done
Event: 77.542 Executing non-safepoint VM operation: HandshakeAllThreads (Deoptimize)
Event: 77.543 Executing non-safepoint VM operation: HandshakeAllThreads (Deoptimize) done
Event: 77.830 Executing non-safepoint VM operation: HandshakeAllThreads (Deoptimize)
Event: 77.830 Executing non-safepoint VM operation: HandshakeAllThreads (Deoptimize) done
Event: 78.392 Executing non-safepoint VM operation: HandshakeAllThreads (Deoptimize)
Event: 78.392 Executing non-safepoint VM operation: HandshakeAllThreads (Deoptimize) done
Event: 78.392 Executing safepoint VM operation: Cleanup
Event: 78.393 Executing safepoint VM operation: Cleanup done
Event: 78.539 Executing non-safepoint VM operation: HandshakeAllThreads (Deoptimize)
Event: 78.541 Executing non-safepoint VM operation: HandshakeAllThreads (Deoptimize) done
Event: 78.888 Executing safepoint VM operation: G1CollectForAllocation (G1 Evacuation Pause)
Event: 78.916 Executing safepoint VM operation: G1CollectForAllocation (G1 Evacuation Pause) done
Event: 78.919 Executing safepoint VM operation: G1TryInitiateConcMark (G1 Humongous Allocation)
Event: 78.931 Executing safepoint VM operation: G1TryInitiateConcMark (G1 Humongous Allocation) done
Event: 79.033 Executing safepoint VM operation: G1CollectForAllocation (G1 Evacuation Pause)
Event: 79.041 Executing safepoint VM operation: G1CollectForAllocation (G1 Evacuation Pause) done
Event: 79.335 Executing safepoint VM operation: G1PauseRemark

Memory protections (0 events):
No events

Nmethod flushes (20 events):
Event: 79.377 Thread 0x000001c57ee2ef20 flushing  nmethod 0x000001c500ba5090
Event: 79.377 Thread 0x000001c57ee2ef20 flushing  nmethod 0x000001c500baa910
Event: 79.377 Thread 0x000001c57ee2ef20 flushing  nmethod 0x000001c500c08d90
Event: 79.377 Thread 0x000001c57ee2ef20 flushing  nmethod 0x000001c500c0a010
Event: 79.377 Thread 0x000001c57ee2ef20 flushing  nmethod 0x000001c500c99d10
Event: 79.377 Thread 0x000001c57ee2ef20 flushing  nmethod 0x000001c500cf8a10
Event: 79.377 Thread 0x000001c57ee2ef20 flushing  nmethod 0x000001c500d01d90
Event: 79.377 Thread 0x000001c57ee2ef20 flushing  nmethod 0x000001c500d54810
Event: 79.377 Thread 0x000001c57ee2ef20 flushing  nmethod 0x000001c500d97490
Event: 79.377 Thread 0x000001c57ee2ef20 flushing  nmethod 0x000001c500dd4510
Event: 79.377 Thread 0x000001c57ee2ef20 flushing  nmethod 0x000001c500e0d610
Event: 79.377 Thread 0x000001c57ee2ef20 flushing  nmethod 0x000001c500f9a290
Event: 79.377 Thread 0x000001c57ee2ef20 flushing  nmethod 0x000001c500fc5610
Event: 79.377 Thread 0x000001c57ee2ef20 flushing  nmethod 0x000001c501465b90
Event: 79.377 Thread 0x000001c57ee2ef20 flushing  nmethod 0x000001c5015f1490
Event: 79.377 Thread 0x000001c57ee2ef20 flushing  nmethod 0x000001c501687d10
Event: 79.377 Thread 0x000001c57ee2ef20 flushing  nmethod 0x000001c501689290
Event: 79.377 Thread 0x000001c57ee2ef20 flushing  nmethod 0x000001c50160af90
Event: 79.377 Thread 0x000001c57ee2ef20 flushing  nmethod 0x000001c50160d090
Event: 79.377 Thread 0x000001c57ee2ef20 flushing  nmethod 0x000001c5017ea210

Events (20 events):
Event: 64.845 Thread 0x000001c522cf4d90 Thread added: 0x000001c51c6f7a50
Event: 64.846 Thread 0x000001c522cf4d90 Thread added: 0x000001c51c6fdcc0
Event: 66.392 Thread 0x000001c51b9d7e10 Thread exited: 0x000001c51b9d7e10
Event: 66.481 Thread 0x000001c57f03b7c0 Thread added: 0x000001c519469bb0
Event: 68.188 Thread 0x000001c519469bb0 Thread exited: 0x000001c519469bb0
Event: 71.541 Thread 0x000001c57f03b7c0 Thread added: 0x000001c51af8eba0
Event: 71.720 Thread 0x000001c522cf4d90 Thread added: 0x000001c51c6efda0
Event: 72.392 Loaded shared library C:\Users\admin\AppData\Local\Temp\native-platform18136386304331561694dir\native-platform.dll
Event: 72.661 Thread 0x000001c51af8eba0 Thread exited: 0x000001c51af8eba0
Event: 72.873 Thread 0x000001c51c6efda0 Thread added: 0x000001c52238d2b0
Event: 73.648 Thread 0x000001c57f03a580 Thread added: 0x000001c51af8d060
Event: 75.650 Thread 0x000001c522cf5420 Thread added: 0x000001c5212e5b60
Event: 76.231 Thread 0x000001c5212e5b60 Thread added: 0x000001c52238f380
Event: 76.232 Thread 0x000001c5212e5b60 Thread added: 0x000001c52238d940
Event: 77.321 Thread 0x000001c51af8d060 Thread exited: 0x000001c51af8d060
Event: 78.412 Thread 0x000001c52238d2b0 Thread exited: 0x000001c52238d2b0
Event: 79.245 Thread 0x000001c51c6efda0 Thread added: 0x000001c52238d2b0
Event: 79.303 Thread 0x000001c51c6efda0 Thread added: 0x000001c52238dfd0
Event: 79.314 Loaded shared library C:\Program Files\Android\Android Studio2\jbr\bin\rmi.dll
Event: 79.317 Thread 0x000001c51c6efda0 Thread added: 0x000001c52238e660


Dynamic libraries:
0x00007ff764840000 - 0x00007ff76484a000 	C:\Program Files\Android\Android Studio2\jbr\bin\java.exe
0x00007ff951640000 - 0x00007ff9518a8000 	C:\WINDOWS\SYSTEM32\ntdll.dll
0x00007ff94fcf0000 - 0x00007ff94fdb9000 	C:\WINDOWS\System32\KERNEL32.DLL
0x00007ff94efe0000 - 0x00007ff94f3d1000 	C:\WINDOWS\System32\KERNELBASE.dll
0x00007ff94ee90000 - 0x00007ff94efdb000 	C:\WINDOWS\System32\ucrtbase.dll
0x00007ff91a6b0000 - 0x00007ff91a6cb000 	C:\Program Files\Android\Android Studio2\jbr\bin\VCRUNTIME140.dll
0x00007ff93a310000 - 0x00007ff93a328000 	C:\Program Files\Android\Android Studio2\jbr\bin\jli.dll
0x00007ff951430000 - 0x00007ff9515f6000 	C:\WINDOWS\System32\USER32.dll
0x00007ff9328d0000 - 0x00007ff932b63000 	C:\WINDOWS\WinSxS\amd64_microsoft.windows.common-controls_6595b64144ccf1df_6.0.26100.7705_none_3e06597ae3363b04\COMCTL32.dll
0x00007ff94e8d0000 - 0x00007ff94e8f7000 	C:\WINDOWS\System32\win32u.dll
0x00007ff94f570000 - 0x00007ff94f619000 	C:\WINDOWS\System32\msvcrt.dll
0x00007ff94ff60000 - 0x00007ff94ff8b000 	C:\WINDOWS\System32\GDI32.dll
0x00007ff94eb40000 - 0x00007ff94ec6b000 	C:\WINDOWS\System32\gdi32full.dll
0x00007ff94ede0000 - 0x00007ff94ee83000 	C:\WINDOWS\System32\msvcp_win.dll
0x00007ff94f620000 - 0x00007ff94f651000 	C:\WINDOWS\System32\IMM32.DLL
0x00007ff93e2b0000 - 0x00007ff93e2bc000 	C:\Program Files\Android\Android Studio2\jbr\bin\vcruntime140_1.dll
0x00007ff910040000 - 0x00007ff9100cd000 	C:\Program Files\Android\Android Studio2\jbr\bin\msvcp140.dll
0x00007ff8bfae0000 - 0x00007ff8c0776000 	C:\Program Files\Android\Android Studio2\jbr\bin\server\jvm.dll
0x00007ff94f8f0000 - 0x00007ff94f9a4000 	C:\WINDOWS\System32\ADVAPI32.dll
0x00007ff94f3e0000 - 0x00007ff94f486000 	C:\WINDOWS\System32\sechost.dll
0x00007ff950500000 - 0x00007ff950618000 	C:\WINDOWS\System32\RPCRT4.dll
0x00007ff94fc70000 - 0x00007ff94fce4000 	C:\WINDOWS\System32\WS2_32.dll
0x00007ff94dda0000 - 0x00007ff94ddfe000 	C:\WINDOWS\SYSTEM32\POWRPROF.dll
0x00007ff94b080000 - 0x00007ff94b0b5000 	C:\WINDOWS\SYSTEM32\WINMM.dll
0x00007ff9471d0000 - 0x00007ff9471db000 	C:\WINDOWS\SYSTEM32\VERSION.dll
0x00007ff94dd80000 - 0x00007ff94dd94000 	C:\WINDOWS\SYSTEM32\UMPDC.dll
0x00007ff94ccb0000 - 0x00007ff94cccb000 	C:\WINDOWS\SYSTEM32\kernel.appcore.dll
0x00007ff93cc30000 - 0x00007ff93cc3a000 	C:\Program Files\Android\Android Studio2\jbr\bin\jimage.dll
0x00007ff94ba00000 - 0x00007ff94bc42000 	C:\WINDOWS\SYSTEM32\DBGHELP.DLL
0x00007ff9510a0000 - 0x00007ff951426000 	C:\WINDOWS\System32\combase.dll
0x00007ff94f9b0000 - 0x00007ff94fa87000 	C:\WINDOWS\System32\OLEAUT32.dll
0x00007ff934a70000 - 0x00007ff934aab000 	C:\WINDOWS\SYSTEM32\dbgcore.DLL
0x00007ff94df20000 - 0x00007ff94dfc5000 	C:\WINDOWS\System32\bcryptPrimitives.dll
0x00007ff93cb00000 - 0x00007ff93cb0e000 	C:\Program Files\Android\Android Studio2\jbr\bin\instrument.dll
0x00007ff916ba0000 - 0x00007ff916bc0000 	C:\Program Files\Android\Android Studio2\jbr\bin\java.dll
0x00007ff9100d0000 - 0x00007ff9100e8000 	C:\Program Files\Android\Android Studio2\jbr\bin\zip.dll
0x00007ff950750000 - 0x00007ff950ea1000 	C:\WINDOWS\System32\SHELL32.dll
0x00007ff94ec70000 - 0x00007ff94edda000 	C:\WINDOWS\System32\wintypes.dll
0x00007ff94e060000 - 0x00007ff94e8c2000 	C:\WINDOWS\System32\windows.storage.dll
0x00007ff950650000 - 0x00007ff950746000 	C:\WINDOWS\System32\SHCORE.dll
0x00007ff950420000 - 0x00007ff950487000 	C:\WINDOWS\System32\shlwapi.dll
0x00007ff94de40000 - 0x00007ff94de69000 	C:\WINDOWS\SYSTEM32\profapi.dll
0x00007ff93aab0000 - 0x00007ff93aac0000 	C:\Program Files\Android\Android Studio2\jbr\bin\net.dll
0x00007ff943870000 - 0x00007ff943997000 	C:\WINDOWS\SYSTEM32\WINHTTP.dll
0x00007ff94d240000 - 0x00007ff94d2ab000 	C:\WINDOWS\system32\mswsock.dll
0x00007ff90fd90000 - 0x00007ff90fda6000 	C:\Program Files\Android\Android Studio2\jbr\bin\nio.dll
0x00007ff92c950000 - 0x00007ff92c960000 	C:\Program Files\Android\Android Studio2\jbr\bin\verify.dll
0x00007ff948d00000 - 0x00007ff948d27000 	C:\Users\admin\.gradle\native\1def1411415f61bf3af743bc5b6707747c0891f09f0c88961ee8f79bc544acac\windows-amd64\native-platform.dll
0x00007ff90c960000 - 0x00007ff90c9d8000 	C:\Users\admin\.gradle\native\0.2.7\x86_64-windows-gnu\gradle-fileevents.dll
0x00007ff937910000 - 0x00007ff937919000 	C:\Program Files\Android\Android Studio2\jbr\bin\management.dll
0x00007ff936540000 - 0x00007ff93654b000 	C:\Program Files\Android\Android Studio2\jbr\bin\management_ext.dll
0x00007ff94f8e0000 - 0x00007ff94f8e8000 	C:\WINDOWS\System32\PSAPI.DLL
0x00007ff94c6f0000 - 0x00007ff94c724000 	C:\WINDOWS\SYSTEM32\IPHLPAPI.DLL
0x00007ff94f760000 - 0x00007ff94f76a000 	C:\WINDOWS\System32\NSI.dll
0x00007ff9387b0000 - 0x00007ff9387b9000 	C:\Program Files\Android\Android Studio2\jbr\bin\extnet.dll
0x00007ff94d500000 - 0x00007ff94d51b000 	C:\WINDOWS\SYSTEM32\CRYPTSP.dll
0x00007ff94cc10000 - 0x00007ff94cc49000 	C:\WINDOWS\system32\rsaenh.dll
0x00007ff94d2f0000 - 0x00007ff94d31b000 	C:\WINDOWS\SYSTEM32\USERENV.dll
0x00007ff94de10000 - 0x00007ff94de3a000 	C:\WINDOWS\SYSTEM32\bcrypt.dll
0x00007ff94d520000 - 0x00007ff94d52c000 	C:\WINDOWS\SYSTEM32\CRYPTBASE.dll
0x00007ff8deb20000 - 0x00007ff8deb28000 	C:\WINDOWS\system32\wshunix.dll
0x00007ff8de850000 - 0x00007ff8de868000 	C:\WINDOWS\system32\napinsp.dll
0x00007ff94c790000 - 0x00007ff94c8bc000 	C:\WINDOWS\SYSTEM32\DNSAPI.dll
0x00007ff8de830000 - 0x00007ff8de842000 	C:\WINDOWS\System32\winrnr.dll
0x00007ff8de990000 - 0x00007ff8de9b2000 	C:\WINDOWS\system32\nlansp_c.dll
0x00007ff942b10000 - 0x00007ff942b26000 	C:\WINDOWS\system32\wshbth.dll
0x00007ff942040000 - 0x00007ff94204b000 	C:\Windows\System32\rasadhlp.dll
0x00007ff942200000 - 0x00007ff942286000 	C:\WINDOWS\System32\fwpuclnt.dll
0x00007ff91c4f0000 - 0x00007ff91c50e000 	C:\Users\admin\AppData\Local\Temp\native-platform18136386304331561694dir\native-platform.dll
0x00007ff93ce50000 - 0x00007ff93ce57000 	C:\Program Files\Android\Android Studio2\jbr\bin\rmi.dll

JVMTI agents:
C:\Users\admin\.gradle\wrapper\dists\gradle-8.14.4-bin\92wwslzcyst3phie3o264zltu\gradle-8.14.4\lib\agents\gradle-instrumentation-agent-8.14.4.jar path:C:\Program Files\Android\Android Studio2\jbr\bin\instrument.dll, loaded, initialized, instrumentlib options:none

dbghelp: loaded successfully - version: 4.0.5 - missing functions: none
symbol engine: initialized successfully - sym options: 0x614 - pdb path: .;C:\Program Files\Android\Android Studio2\jbr\bin;C:\WINDOWS\SYSTEM32;C:\WINDOWS\WinSxS\amd64_microsoft.windows.common-controls_6595b64144ccf1df_6.0.26100.7705_none_3e06597ae3363b04;C:\Program Files\Android\Android Studio2\jbr\bin\server;C:\Users\admin\.gradle\native\1def1411415f61bf3af743bc5b6707747c0891f09f0c88961ee8f79bc544acac\windows-amd64;C:\Users\admin\.gradle\native\0.2.7\x86_64-windows-gnu;C:\Users\admin\AppData\Local\Temp\native-platform18136386304331561694dir

VM Arguments:
jvm_args: --add-opens=java.base/java.lang=ALL-UNNAMED --add-opens=java.base/java.lang.invoke=ALL-UNNAMED --add-opens=java.base/java.util=ALL-UNNAMED --add-opens=java.prefs/java.util.prefs=ALL-UNNAMED --add-exports=jdk.compiler/com.sun.tools.javac.api=ALL-UNNAMED --add-exports=jdk.compiler/com.sun.tools.javac.util=ALL-UNNAMED --add-opens=java.base/java.util=ALL-UNNAMED --add-opens=java.prefs/java.util.prefs=ALL-UNNAMED --add-opens=java.base/java.nio.charset=ALL-UNNAMED --add-opens=java.base/java.net=ALL-UNNAMED --add-opens=java.base/java.util.concurrent.atomic=ALL-UNNAMED --add-opens=java.xml/javax.xml.namespace=ALL-UNNAMED -Xmx2048m -Dfile.encoding=UTF-8 -Duser.country=GB -Duser.language=en -Duser.variant -javaagent:C:\Users\admin\.gradle\wrapper\dists\gradle-8.14.4-bin\92wwslzcyst3phie3o264zltu\gradle-8.14.4\lib\agents\gradle-instrumentation-agent-8.14.4.jar 
java_command: org.gradle.launcher.daemon.bootstrap.GradleDaemon 8.14.4
java_class_path (initial): C:\Users\admin\.gradle\wrapper\dists\gradle-8.14.4-bin\92wwslzcyst3phie3o264zltu\gradle-8.14.4\lib\gradle-daemon-main-8.14.4.jar
Launcher Type: SUN_STANDARD

[Global flags]
     intx CICompilerCount                          = 4                                         {product} {ergonomic}
     uint ConcGCThreads                            = 2                                         {product} {ergonomic}
     uint G1ConcRefinementThreads                  = 8                                         {product} {ergonomic}
   size_t G1HeapRegionSize                         = 1048576                                   {product} {ergonomic}
    uintx GCDrainStackTargetSize                   = 64                                        {product} {ergonomic}
   size_t InitialHeapSize                          = 117440512                                 {product} {ergonomic}
   size_t MarkStackSize                            = 4194304                                   {product} {ergonomic}
   size_t MaxHeapSize                              = 2147483648                                {product} {command line}
   size_t MaxNewSize                               = 1287651328                                {product} {ergonomic}
   size_t MinHeapDeltaBytes                        = 1048576                                   {product} {ergonomic}
   size_t MinHeapSize                              = 8388608                                   {product} {ergonomic}
    uintx NonNMethodCodeHeapSize                   = 5839372                                {pd product} {ergonomic}
    uintx NonProfiledCodeHeapSize                  = 122909434                              {pd product} {ergonomic}
    uintx ProfiledCodeHeapSize                     = 122909434                              {pd product} {ergonomic}
    uintx ReservedCodeCacheSize                    = 251658240                              {pd product} {ergonomic}
     bool SegmentedCodeCache                       = true                                      {product} {ergonomic}
   size_t SoftMaxHeapSize                          = 2147483648                             {manageable} {ergonomic}
     bool UseCompressedOops                        = true                           {product lp64_product} {ergonomic}
     bool UseG1GC                                  = true                                      {product} {ergonomic}
     bool UseLargePagesIndividualAllocation        = false                                  {pd product} {ergonomic}

Logging:
Log output configuration:
 #0: stdout all=warning uptime,level,tags foldmultilines=false
 #1: stderr all=off uptime,level,tags foldmultilines=false

Release file:
JAVA_VERSION="21.0.10" 
MODULES="java.base java.compiler java.datatransfer java.xml java.prefs java.desktop java.instrument java.logging java.management java.security.sasl java.naming java.rmi java.management.rmi java.net.http java.scripting java.security.jgss java.transaction.xa java.sql java.sql.rowset java.xml.crypto java.se java.smartcardio jdk.accessibility jdk.internal.jvmstat jdk.attach jdk.charsets jdk.internal.opt jdk.zipfs jdk.compiler jdk.crypto.ec jdk.crypto.cryptoki jdk.dynalink jdk.hotspot.agent jdk.httpserver jdk.internal.ed jdk.internal.le jdk.internal.vm.ci jdk.jartool jdk.javadoc jdk.jcmd jdk.jdeps jdk.jdwp.agent jdk.jdi jdk.jfr jdk.jlink jdk.jsobject jdk.localedata jdk.management jdk.management.agent jdk.management.jfr jdk.naming.dns jdk.naming.rmi jdk.net jdk.sctp jdk.security.auth jdk.security.jgss jdk.unsupported jdk.unsupported.desktop jdk.xml.dom" 
IMPLEMENTOR="JetBrains s.r.o." 
JAVA_RUNTIME_VERSION="21.0.10+-14961533-b1163.108" 
LIBC="default" 
OS_ARCH="x86_64" 
OS_NAME="Windows" 
SOURCE=".:git:1351622c2ff2" 

Environment Variables:
JAVA_HOME=C:\Program Files\Java\jdk-20
PATH=C:\Program Files\Common Files\Oracle\Java\javapath;C:\WINDOWS\system32;C:\WINDOWS;C:\WINDOWS\System32\Wbem;C:\WINDOWS\System32\WindowsPowerShell\v1.0\;C:\WINDOWS\System32\OpenSSH\;C:\Program Files\Java\jdk-20\bin;C:\Users\admin\AppData\Local\Packages\PythonSoftwareFoundation.Python.3.11_qbz5n2kfra8p0\LocalCache\local-packages\Python311\Scripts;C:\Users\admin\AppData\Local\Programs\Python\Python311\python.exe;C:\Users\admin\OneDrive\Apps\Documents\chromedriver-win64\chromedriver.exe;C:\Program Files\Git\cmd;C:\Users\admin\AppData\Local\Pub\Cache\bin\flutterfire.bat;C:\Users\admin\Documents\firebase-tools-instant-win.exe;C:\Users\admin\shorebird\bin;C:\Users\admin\flutter\bin;C:\Users\admin\flutter\dev;C:\Program Files\Docker\Docker\resources\bin;C:\Program Files\Amazon\AWSCLIV2\;C:\Program Files\PowerShell\7\;%NVM_HOME%;%NVM_SYMLINK%;C:\Users\admin\.local\bin;C:\Users\admin\AppData\Local\Programs\Python\Python311\Scripts\;C:\Users\admin\AppData\Local\Programs\Python\Python311\;C:\Users\admin\AppData\Local\Microsoft\WindowsApps;C:\Program Files\JetBrains\IntelliJ IDEA Community Edition 2023.1.2\bin;C:\Program Files\JetBrains\PyCharm 2023.2.1\bin;C:\Program Files\JetBrains\PyCharm Community Edition 2023.2.1\bin;C:\Users\admin\AppData\Local\JetBrains\Toolbox\scripts;C:\Program Files\JetBrains\PyCharm 2024.1.1\bin;;C:\dart-sdk\bin;C:\Users\admin\Documents\firebase-tools-instant-win.exe;C:\Users\admin\AppData\Local\Pub\Cache\bin;C:\Users\admin\AppData\Roaming\npm;C:\Users\admin\shorebird\bin;C:\Users\admin\flutter\bin;C:\Users\admin\flutter\dev;C:\Users\admin\AppData\Local\Microsoft\WindowsApps;C:\Users\admin\AppData\Local\Programs\Ollama;C:\Users\admin\AppData\Local\Programs\Microsoft VS Code\bin;C:\Users\admin\AppData\Local\nvm;C:\nvm4w\nodejs
USERNAME=admin
OS=Windows_NT
PROCESSOR_IDENTIFIER=AMD64 Family 23 Model 24 Stepping 1, AuthenticAMD
TMP=C:\Users\admin\AppData\Local\Temp
TEMP=C:\Users\admin\AppData\Local\Temp




Periodic native trim disabled

JNI global refs:
JNI global refs: 28, weak refs: 11

JNI global refs memory usage: 835, weak refs: 833

Process memory usage:
Resident Set Size: 502752K (6% of 7274124K total physical memory with 511120K free physical memory)

OOME stack traces (most recent first):
Classloader memory used:
Loader org.gradle.internal.classloader.VisitableURLClassLoader                         : 45937K
Loader org.gradle.internal.classloader.VisitableURLClassLoader$InstrumentingVisitableURLClassLoader: 38113K
Loader bootstrap                                                                       : 30589K
Loader org.gradle.initialization.MixInLegacyTypesClassLoader                           : 12731K
Loader jdk.internal.loader.ClassLoaders$PlatformClassLoader                            : 525K
Loader org.gradle.groovy.scripts.internal.DefaultScriptCompilationHandler$ScriptClassLoader: 498K
Loader jdk.internal.reflect.DelegatingClassLoader                                      : 494K
Loader jdk.internal.loader.ClassLoaders$AppClassLoader                                 : 237K
Loader org.codehaus.groovy.runtime.callsite.CallSiteClassLoader                        : 55392B
Loader sun.reflect.misc.MethodUtil                                                     : 2984B

Classes loaded by more than one classloader:
Class com.google.common.base.Equivalence$Identity                                     : loaded 2 times (x 82B)
Class com.google.common.base.PairwiseEquivalence                                      : loaded 2 times (x 83B)
Class com.google.common.collect.RegularImmutableMap$KeySet                            : loaded 2 times (x 152B)
Class org.gradle.internal.classloader.FilteringClassLoader                            : loaded 2 times (x 105B)
Class net.rubygrapefruit.platform.internal.Platform$FreeBSD64Bit                      : loaded 2 times (x 82B)
Class com.google.common.base.CharMatcher$IsEither                                     : loaded 2 times (x 111B)
Class org.gradle.internal.classloader.ClassLoaderHierarchy                            : loaded 2 times (x 70B)
Class net.rubygrapefruit.platform.internal.Platform$FreeBSD                           : loaded 2 times (x 82B)
Class com.google.common.collect.ImmutableEnumSet                                      : loaded 2 times (x 146B)
Class com.google.common.util.concurrent.ExecutionError                                : loaded 2 times (x 82B)
Class com.google.common.collect.ImmutableList$1                                       : loaded 2 times (x 97B)
Class org.gradle.api.internal.classpath.ManifestUtil                                  : loaded 2 times (x 71B)
Class net.rubygrapefruit.platform.NativeException                                     : loaded 2 times (x 82B)
Class com.google.common.collect.RegularImmutableMap                                   : loaded 2 times (x 121B)
Class com.google.common.collect.ImmutableMap$MapViewOfValuesAsSingletonSets           : loaded 2 times (x 126B)
Class [Lorg.objectweb.asm.Symbol;                                                     : loaded 2 times (x 69B)
Class org.objectweb.asm.ClassVisitor                                                  : loaded 2 times (x 88B)
Class com.google.common.collect.UnmodifiableListIterator                              : loaded 2 times (x 95B)
Class com.google.common.base.Platform$JdkPatternCompiler                              : loaded 2 times (x 75B)
Class org.objectweb.asm.MethodTooLargeException                                       : loaded 2 times (x 83B)
Class [Lcom.google.common.cache.CacheBuilder$OneWeigher;                              : loaded 2 times (x 69B)
Class com.google.common.base.Suppliers                                                : loaded 2 times (x 71B)
Class org.gradle.internal.classloader.DefaultClassLoaderFactory                       : loaded 2 times (x 82B)
Class org.gradle.internal.classloader.ClassLoaderVisitor                              : loaded 2 times (x 76B)
Class net.rubygrapefruit.platform.NativeIntegrationUnavailableException               : loaded 2 times (x 82B)
Class net.rubygrapefruit.platform.internal.Platform                                   : loaded 2 times (x 79B)
Class [Lcom.google.common.collect.ImmutableMapEntry;                                  : loaded 2 times (x 69B)
Class org.gradle.api.internal.classpath.EffectiveClassPath                            : loaded 2 times (x 90B)
Class com.google.common.collect.ListMultimap                                          : loaded 2 times (x 70B)
Class com.google.common.collect.ImmutableEnumMap                                      : loaded 2 times (x 126B)
Class com.google.common.collect.Sets$1                                                : loaded 2 times (x 139B)
Class org.objectweb.asm.AnnotationVisitor                                             : loaded 2 times (x 78B)
Class org.gradle.api.internal.DefaultClassPathProvider                                : loaded 2 times (x 76B)
Class com.google.common.collect.Sets$2                                                : loaded 2 times (x 139B)
Class [Lorg.gradle.api.internal.ClassPathProvider;                                    : loaded 2 times (x 69B)
Class org.gradle.api.internal.ClassPathProvider                                       : loaded 2 times (x 70B)
Class com.google.common.collect.Sets$3                                                : loaded 2 times (x 139B)
Class com.google.common.cache.LocalCache$LocalLoadingCache                            : loaded 2 times (x 134B)
Class org.gradle.internal.service.UnknownServiceException                             : loaded 2 times (x 83B)
Class com.google.common.collect.Sets$4                                                : loaded 2 times (x 139B)
Class org.objectweb.asm.ModuleVisitor                                                 : loaded 2 times (x 81B)
Class com.google.common.cache.LocalCache$Strength$1                                   : loaded 2 times (x 81B)
Class build_9jckm90gyrxqgybibs47fmmkb                                                 : loaded 2 times (x 180B)
Class net.rubygrapefruit.platform.internal.Platform$MacOs64Bit                        : loaded 2 times (x 82B)
Class com.google.common.util.concurrent.SettableFuture                                : loaded 2 times (x 114B)
Class com.google.common.cache.LocalCache$Strength$2                                   : loaded 2 times (x 81B)
Class net.rubygrapefruit.platform.internal.Platform$Posix                             : loaded 2 times (x 81B)
Class com.google.common.cache.LocalCache$Strength$3                                   : loaded 2 times (x 81B)
Class com.google.common.collect.MapDifference                                         : loaded 2 times (x 70B)
Class org.objectweb.asm.FieldWriter                                                   : loaded 2 times (x 78B)
Class com.google.common.cache.CacheBuilder$NullListener                               : loaded 2 times (x 82B)
Class settings_74z0l2fagy64pvqu004t2r6v9                                              : loaded 2 times (x 179B)
Class org.gradle.internal.classpath.TransformedClassPath                              : loaded 2 times (x 96B)
Class org.gradle.internal.classloader.InstrumentingClassLoader                        : loaded 2 times (x 70B)
Class com.google.common.cache.CacheLoader$FunctionToCacheLoader                       : loaded 2 times (x 75B)
Class com.google.common.collect.Iterators$ArrayItr                                    : loaded 2 times (x 97B)
Class com.google.common.collect.ImmutableCollection$Builder                           : loaded 2 times (x 76B)
Class ijKotlinCoroutineJvmDebugInit1_1mmaeqeq6pesofomjq0eqj1s9$_run_closure1          : loaded 2 times (x 139B)
Class com.google.common.base.Joiner                                                   : loaded 2 times (x 79B)
Class com.google.common.base.MoreObjects                                              : loaded 2 times (x 71B)
Class com.google.common.collect.Platform                                              : loaded 2 times (x 71B)
Class [Lorg.objectweb.asm.Type;                                                       : loaded 2 times (x 69B)
Class com.google.common.collect.UnmodifiableIterator                                  : loaded 2 times (x 80B)
Class org.gradle.internal.service.ServiceLocator                                      : loaded 2 times (x 70B)
Class com.google.common.base.Ascii                                                    : loaded 2 times (x 71B)
Class com.google.common.cache.LocalCache$1                                            : loaded 2 times (x 89B)
Class com.google.common.collect.SingletonImmutableBiMap                               : loaded 2 times (x 143B)
Class com.google.common.collect.Iterators$SingletonIterator                           : loaded 2 times (x 81B)
Class com.google.common.collect.AbstractMapEntry                                      : loaded 2 times (x 81B)
Class com.google.common.collect.Sets$ImprovedAbstractSet                              : loaded 2 times (x 135B)
Class com.google.common.collect.ImmutableList$Builder                                 : loaded 2 times (x 77B)
Class com.google.common.collect.AbstractMultimap                                      : loaded 2 times (x 123B)
Class com.google.common.cache.LocalCache$2                                            : loaded 2 times (x 142B)
Class com.google.common.collect.RegularImmutableAsList                                : loaded 2 times (x 217B)
Class com.google.common.util.concurrent.AbstractFuture$Trusted                        : loaded 2 times (x 70B)
Class com.google.common.collect.Iterators                                             : loaded 2 times (x 71B)
Class net.rubygrapefruit.platform.internal.Platform$Linux32Bit                        : loaded 2 times (x 83B)
Class com.google.common.collect.Lists$StringAsImmutableList                           : loaded 2 times (x 207B)
Class com.google.common.util.concurrent.UncheckedExecutionException                   : loaded 2 times (x 82B)
Class net.rubygrapefruit.platform.Native                                              : loaded 2 times (x 71B)
Class net.rubygrapefruit.platform.NativeIntegration                                   : loaded 2 times (x 70B)
Class org.gradle.internal.InternalTransformer                                         : loaded 2 times (x 70B)
Class [Lnet.rubygrapefruit.platform.internal.FunctionResult$Failure;                  : loaded 2 times (x 69B)
Class com.google.common.collect.AbstractMapBasedMultimap$KeySet$1                     : loaded 2 times (x 82B)
Class org.objectweb.asm.ClassWriter                                                   : loaded 2 times (x 106B)
Class com.google.common.base.CharMatcher$And                                          : loaded 2 times (x 112B)
Class com.google.common.cache.CacheLoader$UnsupportedLoadingOperationException        : loaded 2 times (x 82B)
Class org.gradle.internal.classloader.ClasspathUtil$1                                 : loaded 2 times (x 76B)
Class build_9jckm90gyrxqgybibs47fmmkb$_run_closure1                                   : loaded 2 times (x 139B)
Class com.google.common.base.Objects                                                  : loaded 2 times (x 71B)
Class org.objectweb.asm.FieldVisitor                                                  : loaded 2 times (x 77B)
Class com.google.common.collect.IndexedImmutableSet                                   : loaded 2 times (x 152B)
Class com.google.common.collect.ImmutableMap$1                                        : loaded 2 times (x 81B)
Class com.google.common.collect.BiMap                                                 : loaded 2 times (x 70B)
Class org.gradle.api.internal.classpath.DefaultModuleRegistry$DefaultModule           : loaded 2 times (x 86B)
Class com.google.common.primitives.Ints                                               : loaded 2 times (x 71B)
Class com.google.common.collect.AbstractIterator                                      : loaded 2 times (x 82B)
Class com.google.common.collect.ObjectArrays                                          : loaded 2 times (x 71B)
Class com.google.common.collect.Multiset                                              : loaded 2 times (x 70B)
Class com.google.common.collect.ArrayListMultimapGwtSerializationDependencies         : loaded 2 times (x 172B)
Class com.google.common.collect.AbstractIndexedListIterator                           : loaded 2 times (x 96B)
Class com.google.common.math.MathPreconditions                                        : loaded 2 times (x 71B)
Class com.google.common.collect.ImmutableMapEntrySet                                  : loaded 2 times (x 152B)
Class org.gradle.api.internal.classpath.Module                                        : loaded 2 times (x 70B)
Class com.google.common.cache.Weigher                                                 : loaded 2 times (x 70B)
Class org.gradle.api.internal.classpath.UnknownModuleException                        : loaded 2 times (x 82B)
Class com.google.common.base.Stopwatch                                                : loaded 2 times (x 72B)
Class com.google.common.cache.LocalCache$Strength                                     : loaded 2 times (x 81B)
Class com.google.common.cache.Cache                                                   : loaded 2 times (x 70B)
Class com.google.common.util.concurrent.AbstractFuture$Cancellation                   : loaded 2 times (x 72B)
Class com.google.common.collect.ImmutableMap$Builder                                  : loaded 2 times (x 82B)
Class net.rubygrapefruit.platform.internal.FunctionResult                             : loaded 2 times (x 77B)
Class com.google.common.cache.RemovalListener                                         : loaded 2 times (x 70B)
Class org.gradle.api.internal.DefaultClassPathRegistry                                : loaded 2 times (x 76B)
Class net.rubygrapefruit.platform.NativeIntegrationLinkageException                   : loaded 2 times (x 82B)
Class com.google.common.primitives.IntsMethodsForWeb                                  : loaded 2 times (x 71B)
Class com.google.common.collect.Multimap                                              : loaded 2 times (x 70B)
Class org.gradle.api.internal.ClassPathRegistry                                       : loaded 2 times (x 70B)
Class org.gradle.internal.classpath.DefaultClassPath$ImmutableUniqueList              : loaded 2 times (x 199B)
Class com.google.common.base.ExtraObjectsMethodsForWeb                                : loaded 2 times (x 71B)
Class net.rubygrapefruit.platform.internal.jni.NativeLibraryFunctions                 : loaded 2 times (x 71B)
Class com.google.common.cache.CacheBuilder                                            : loaded 2 times (x 72B)
Class com.google.common.collect.SingletonImmutableList                                : loaded 2 times (x 207B)
Class org.gradle.internal.classpath.ClassPath                                         : loaded 2 times (x 70B)
Class org.gradle.api.UncheckedIOException                                             : loaded 2 times (x 82B)
Class com.google.common.base.JdkPattern                                               : loaded 2 times (x 75B)
Class com.google.common.collect.ImmutableList$ReverseImmutableList                    : loaded 2 times (x 209B)
Class net.rubygrapefruit.platform.internal.Platform$Windows                           : loaded 2 times (x 79B)
Class org.objectweb.asm.SymbolTable$Entry                                             : loaded 2 times (x 74B)
Class org.gradle.internal.Factory                                                     : loaded 2 times (x 70B)
Class org.objectweb.asm.Edge                                                          : loaded 2 times (x 72B)
Class com.google.common.base.Suppliers$SupplierOfInstance                             : loaded 2 times (x 79B)
Class com.google.common.collect.Iterators$1                                           : loaded 2 times (x 81B)
Class com.google.common.cache.LocalCache$ComputingValueReference                      : loaded 2 times (x 96B)
Class com.google.common.collect.SingletonImmutableSet                                 : loaded 2 times (x 146B)
Class com.google.common.collect.ImmutableMap$IteratorBasedImmutableMap                : loaded 2 times (x 126B)
Class com.google.common.cache.LocalCache$Segment                                      : loaded 2 times (x 154B)
Class net.rubygrapefruit.platform.internal.LibraryDef                                 : loaded 2 times (x 72B)
Class com.google.common.collect.AbstractListMultimap                                  : loaded 2 times (x 172B)
Class [Lorg.objectweb.asm.SymbolTable$Entry;                                          : loaded 2 times (x 69B)
Class com.google.common.cache.CacheLoader                                             : loaded 2 times (x 74B)
Class com.google.common.collect.Iterators$4                                           : loaded 2 times (x 82B)
Class com.google.common.collect.ImmutableBiMap                                        : loaded 2 times (x 143B)
Class org.gradle.internal.installation.GradleInstallation$1                           : loaded 2 times (x 75B)
Class org.gradle.api.internal.classpath.ModuleRegistry                                : loaded 2 times (x 70B)
Class com.google.common.util.concurrent.internal.InternalFutureFailureAccess          : loaded 2 times (x 72B)
Class com.google.common.collect.Iterators$5                                           : loaded 2 times (x 82B)
Class com.google.common.collect.ImmutableSet$JdkBackedSetBuilderImpl                  : loaded 2 times (x 76B)
Class com.google.common.base.CharMatcher$ForPredicate                                 : loaded 2 times (x 112B)
Class com.google.common.cache.LocalCache$LocalManualCache$1                           : loaded 2 times (x 75B)
Class net.rubygrapefruit.platform.internal.Platform$Window32Bit                       : loaded 2 times (x 79B)
Class com.google.common.base.CharMatcher$AnyOf                                        : loaded 2 times (x 112B)
Class com.google.common.collect.ImmutableCollection                                   : loaded 2 times (x 125B)
Class org.gradle.api.internal.classpath.DefaultModuleRegistry                         : loaded 2 times (x 86B)
Class com.google.common.collect.Lists                                                 : loaded 2 times (x 71B)
Class com.google.common.util.concurrent.ListenableFuture                              : loaded 2 times (x 70B)
Class com.google.common.cache.ReferenceEntry                                          : loaded 2 times (x 70B)
Class com.google.common.base.Converter                                                : loaded 2 times (x 90B)
Class com.google.common.collect.ImmutableSet$CachingAsList                            : loaded 2 times (x 148B)
Class com.google.common.collect.AbstractMapBasedMultimap                              : loaded 2 times (x 139B)
Class com.google.common.util.concurrent.AbstractFuture                                : loaded 2 times (x 106B)
Class com.google.common.base.FunctionalEquivalence                                    : loaded 2 times (x 83B)
Class com.google.common.collect.Iterators$9                                           : loaded 2 times (x 81B)
Class com.google.common.collect.ImmutableAsList                                       : loaded 2 times (x 209B)
Class org.objectweb.asm.RecordComponentVisitor                                        : loaded 2 times (x 77B)
Class com.google.common.cache.CacheLoader$SupplierToCacheLoader                       : loaded 2 times (x 75B)
Class org.gradle.internal.service.ServiceLookupException                              : loaded 2 times (x 82B)
Class [Lcom.google.common.cache.LocalCache$EntryFactory;                              : loaded 2 times (x 69B)
Class org.gradle.internal.classloader.ClassLoaderFactory                              : loaded 2 times (x 70B)
Class net.rubygrapefruit.platform.internal.Platform$Linux                             : loaded 2 times (x 83B)
Class com.google.common.base.CommonPattern                                            : loaded 2 times (x 74B)
Class com.google.common.base.CharMatcher$IsNot                                        : loaded 2 times (x 111B)
Class com.google.common.cache.LocalCache$LocalManualCache                             : loaded 2 times (x 99B)
Class org.gradle.internal.service.CachingServiceLocator                               : loaded 2 times (x 82B)
Class com.google.common.collect.AbstractMapBasedMultimap$KeySet                       : loaded 2 times (x 137B)
Class com.google.common.math.IntMath                                                  : loaded 2 times (x 71B)
Class com.google.common.collect.ImmutableMapEntry                                     : loaded 2 times (x 85B)
Class com.google.common.base.Equivalence                                              : loaded 2 times (x 82B)
Class com.google.common.base.Function                                                 : loaded 2 times (x 70B)
Class com.google.common.collect.ImmutableMapEntry$NonTerminalImmutableMapEntry        : loaded 2 times (x 85B)
Class com.google.common.cache.CacheBuilder$OneWeigher                                 : loaded 2 times (x 82B)
Class com.google.common.collect.RegularImmutableList                                  : loaded 2 times (x 213B)
Class net.rubygrapefruit.platform.internal.Platform$Unsupported                       : loaded 2 times (x 79B)
Class net.rubygrapefruit.platform.internal.Platform$FreeBSD32Bit                      : loaded 2 times (x 82B)
Class org.gradle.internal.classloader.ClasspathUtil                                   : loaded 2 times (x 71B)
Class net.rubygrapefruit.platform.internal.Platform$Unix                              : loaded 2 times (x 82B)
Class com.google.common.util.concurrent.Uninterruptibles                              : loaded 2 times (x 71B)
Class com.google.common.util.concurrent.LazyLogger                                    : loaded 2 times (x 72B)
Class com.google.common.collect.Maps                                                  : loaded 2 times (x 71B)
Class org.gradle.api.specs.Spec                                                       : loaded 2 times (x 70B)
Class [Lcom.google.common.collect.ImmutableEntry;                                     : loaded 2 times (x 69B)
Class ijKotlinCoroutineJvmDebugInit1_1mmaeqeq6pesofomjq0eqj1s9                        : loaded 2 times (x 179B)
Class com.google.common.cache.LocalCache$LoadingValueReference                        : loaded 2 times (x 96B)
Class com.google.common.base.Platform                                                 : loaded 2 times (x 71B)
Class com.google.common.collect.Maps$8                                                : loaded 2 times (x 82B)
Class ijKotlinCoroutineJvmDebugInit1_1mmaeqeq6pesofomjq0eqj1s9$_run_closure1$_closure2: loaded 2 times (x 139B)
Class com.google.common.collect.Sets$SetView                                          : loaded 2 times (x 138B)
Class com.google.common.cache.LocalCache$StrongValueReference                         : loaded 2 times (x 90B)
Class ijJvmDebugger1_1hd7xic4c10wao9oph84r8fkv                                        : loaded 2 times (x 179B)
Class org.objectweb.asm.Type                                                          : loaded 2 times (x 72B)
Class org.gradle.internal.classloader.VisitableURLClassLoader$InstrumentingVisitableURLClassLoader: loaded 2 times (x 123B)
Class org.objectweb.asm.ByteVector                                                    : loaded 2 times (x 79B)
Class [Lcom.google.common.cache.CacheBuilder$NullListener;                            : loaded 2 times (x 69B)
Class com.google.common.math.IntMath$1                                                : loaded 2 times (x 71B)
Class build_eza7a9j2c2vb3rxwipt3s2sn9$_run_closure1                                   : loaded 2 times (x 139B)
Class org.gradle.internal.classloader.VisitableURLClassLoader$Spec                    : loaded 2 times (x 74B)
Class org.gradle.internal.classpath.DefaultClassPath                                  : loaded 2 times (x 90B)
Class org.objectweb.asm.Symbol                                                        : loaded 2 times (x 73B)
Class com.google.common.io.Closer                                                     : loaded 2 times (x 78B)
Class com.google.common.base.CharMatcher$BitSetMatcher                                : loaded 2 times (x 112B)
Class com.google.common.collect.RegularImmutableMap$Values                            : loaded 2 times (x 207B)
Class com.google.common.collect.ImmutableSet                                          : loaded 2 times (x 145B)
Class org.gradle.internal.classloader.ClassLoaderSpec                                 : loaded 2 times (x 71B)
Class net.rubygrapefruit.platform.internal.Platform$MacOs32Bit                        : loaded 2 times (x 82B)
Class net.rubygrapefruit.platform.internal.Platform$Linux64Bit                        : loaded 2 times (x 83B)
Class org.objectweb.asm.AnnotationWriter                                              : loaded 2 times (x 79B)
Class com.google.common.cache.CacheStats                                              : loaded 2 times (x 71B)
Class com.google.common.io.Closer$Suppressor                                          : loaded 2 times (x 70B)
Class org.objectweb.asm.RecordComponentWriter                                         : loaded 2 times (x 78B)
Class com.google.common.util.concurrent.AbstractFuture$Listener                       : loaded 2 times (x 72B)
Class com.google.common.base.CharMatcher$Or                                           : loaded 2 times (x 112B)
Class org.objectweb.asm.Attribute                                                     : loaded 2 times (x 77B)
Class com.google.common.base.Supplier                                                 : loaded 2 times (x 70B)
Class org.gradle.internal.classloader.VisitableURLClassLoader                         : loaded 2 times (x 117B)
Class net.rubygrapefruit.platform.internal.FunctionResult$Failure                     : loaded 2 times (x 79B)
Class net.rubygrapefruit.platform.internal.NativeLibraryLoader                        : loaded 2 times (x 73B)
Class org.gradle.internal.Cast                                                        : loaded 2 times (x 71B)
Class org.gradle.api.Action                                                           : loaded 2 times (x 70B)
Class com.google.common.base.Strings                                                  : loaded 2 times (x 71B)
Class com.google.common.collect.Sets                                                  : loaded 2 times (x 71B)
Class org.objectweb.asm.Handler                                                       : loaded 2 times (x 72B)
Class com.google.common.base.CharMatcher$FastMatcher                                  : loaded 2 times (x 111B)
Class com.google.common.base.Ticker                                                   : loaded 2 times (x 72B)
Class [Lcom.google.common.cache.LocalCache$Segment;                                   : loaded 2 times (x 69B)
Class com.google.common.base.Predicate                                                : loaded 2 times (x 70B)
Class [Lcom.google.common.cache.LocalCache$Strength;                                  : loaded 2 times (x 69B)
Class com.google.common.cache.CacheBuilder$1                                          : loaded 2 times (x 85B)
Class com.google.common.collect.ImmutableMap                                          : loaded 2 times (x 120B)
Class org.gradle.internal.classpath.DefaultClassPath$ImmutableUniqueList$Builder      : loaded 2 times (x 75B)
Class com.google.common.base.CharMatcher$NegatedFastMatcher                           : loaded 2 times (x 113B)
Class com.google.common.cache.LocalCache                                              : loaded 2 times (x 187B)
Class com.google.common.cache.CacheBuilder$2                                          : loaded 2 times (x 79B)
Class com.google.common.collect.ArrayListMultimap                                     : loaded 2 times (x 172B)
Class com.google.common.cache.CacheBuilder$3                                          : loaded 2 times (x 72B)
Class [Lcom.google.common.collect.AbstractMapEntry;                                   : loaded 2 times (x 69B)
Class com.google.common.collect.ImmutableEntry                                        : loaded 2 times (x 82B)
Class org.gradle.api.GradleException                                                  : loaded 2 times (x 82B)
Class com.google.common.collect.CollectPreconditions                                  : loaded 2 times (x 71B)
Class build_eza7a9j2c2vb3rxwipt3s2sn9                                                 : loaded 2 times (x 180B)
Class com.google.common.collect.SortedMapDifference                                   : loaded 2 times (x 70B)
Class net.rubygrapefruit.platform.internal.NativeLibraryLocator                       : loaded 2 times (x 73B)
Class net.rubygrapefruit.platform.Process                                             : loaded 2 times (x 70B)
Class com.google.common.cache.LocalCache$EntryFactory                                 : loaded 2 times (x 83B)
Class ijJvmDebugger1_1hd7xic4c10wao9oph84r8fkv$_run_closure1$_closure2                : loaded 2 times (x 140B)
Class com.google.common.cache.LocalCache$AbstractReferenceEntry                       : loaded 2 times (x 107B)
Class org.gradle.internal.IoActions                                                   : loaded 2 times (x 71B)
Class org.objectweb.asm.SymbolTable                                                   : loaded 2 times (x 72B)
Class com.google.common.cache.CacheLoader$InvalidCacheLoadException                   : loaded 2 times (x 82B)
Class com.google.common.collect.ImmutableSet$RegularSetBuilderImpl                    : loaded 2 times (x 77B)
Class org.gradle.internal.classloader.SystemClassLoaderSpec                           : loaded 2 times (x 71B)
Class com.google.common.cache.LocalCache$StrongEntry                                  : loaded 2 times (x 108B)
Class com.google.common.util.concurrent.AbstractFuture$TrustedFuture                  : loaded 2 times (x 114B)
Class com.google.common.cache.LoadingCache                                            : loaded 2 times (x 70B)
Class net.rubygrapefruit.platform.ProcessLauncher                                     : loaded 2 times (x 70B)
Class org.objectweb.asm.MethodWriter                                                  : loaded 2 times (x 106B)
Class [Lcom.google.common.cache.Weigher;                                              : loaded 2 times (x 69B)
Class com.google.common.collect.RegularImmutableMap$BucketOverflowException           : loaded 2 times (x 82B)
Class com.google.common.base.CharMatcher$Is                                           : loaded 2 times (x 111B)
Class com.google.common.base.CharMatcher$Negated                                      : loaded 2 times (x 113B)
Class com.google.common.cache.LocalCache$ValueReference                               : loaded 2 times (x 70B)
Class com.google.common.collect.RegularImmutableBiMap                                 : loaded 2 times (x 149B)
Class com.google.common.base.PatternCompiler                                          : loaded 2 times (x 70B)
Class com.google.common.util.concurrent.AbstractFuture$Failure                        : loaded 2 times (x 72B)
Class com.google.common.base.Equivalence$Equals                                       : loaded 2 times (x 82B)
Class com.google.common.collect.Hashing                                               : loaded 2 times (x 71B)
Class com.google.common.base.Preconditions                                            : loaded 2 times (x 71B)
Class com.google.common.base.Joiner$1                                                 : loaded 2 times (x 80B)
Class org.objectweb.asm.Label                                                         : loaded 2 times (x 73B)
Class org.objectweb.asm.CurrentFrame                                                  : loaded 2 times (x 73B)
Class org.objectweb.asm.ClassTooLargeException                                        : loaded 2 times (x 83B)
Class com.google.common.base.CharMatcher                                              : loaded 2 times (x 111B)
Class com.google.common.collect.PeekingIterator                                       : loaded 2 times (x 70B)
Class com.google.common.collect.Maps$IteratorBasedAbstractMap                         : loaded 2 times (x 125B)
Class com.google.common.base.Joiner$2                                                 : loaded 2 times (x 79B)
Class org.objectweb.asm.Frame                                                         : loaded 2 times (x 73B)
Class org.objectweb.asm.MethodVisitor                                                 : loaded 2 times (x 105B)
Class com.google.common.base.CharMatcher$1                                            : loaded 2 times (x 113B)
Class com.google.common.base.CharMatcher$NamedFastMatcher                             : loaded 2 times (x 112B)
Class com.google.common.cache.LocalCache$EntryFactory$1                               : loaded 2 times (x 83B)
Class [Lcom.google.common.cache.RemovalListener;                                      : loaded 2 times (x 69B)
Class com.google.common.cache.LocalCache$EntryFactory$2                               : loaded 2 times (x 83B)
Class org.gradle.api.internal.classpath.GlobalCacheRootsProvider                      : loaded 2 times (x 70B)
Class org.objectweb.asm.ModuleWriter                                                  : loaded 2 times (x 82B)
Class com.google.common.cache.LocalCache$EntryFactory$3                               : loaded 2 times (x 83B)
Class com.google.common.base.Ticker$1                                                 : loaded 2 times (x 72B)
Class com.google.common.collect.Maps$BiMapConverter                                   : loaded 2 times (x 90B)
Class com.google.common.collect.ImmutableMapEntrySet$RegularEntrySet                  : loaded 2 times (x 152B)
Class net.rubygrapefruit.platform.internal.Platform$MacOs                             : loaded 2 times (x 82B)
Class net.rubygrapefruit.platform.internal.Platform$Window64Bit                       : loaded 2 times (x 79B)
Class com.google.common.base.CharMatcher$InRange                                      : loaded 2 times (x 111B)
Class com.google.common.cache.LocalCache$EntryFactory$4                               : loaded 2 times (x 83B)
Class com.google.common.collect.ImmutableSet$Builder                                  : loaded 2 times (x 85B)
Class com.google.common.cache.LocalCache$EntryFactory$5                               : loaded 2 times (x 83B)
Class com.google.common.cache.LocalCache$EntryFactory$6                               : loaded 2 times (x 83B)
Class org.gradle.internal.installation.CurrentGradleInstallationLocator               : loaded 2 times (x 71B)
Class com.google.common.collect.Maps$KeySet                                           : loaded 2 times (x 137B)
Class com.google.common.cache.LocalCache$EntryFactory$7                               : loaded 2 times (x 83B)
Class com.google.common.collect.ImmutableSet$EmptySetBuilderImpl                      : loaded 2 times (x 76B)
Class com.google.common.collect.ImmutableList                                         : loaded 2 times (x 206B)
Class org.gradle.internal.service.DefaultServiceLocator                               : loaded 2 times (x 83B)
Class com.google.common.cache.LocalCache$EntryFactory$8                               : loaded 2 times (x 83B)
Class com.google.common.collect.ImmutableSet$SetBuilderImpl                           : loaded 2 times (x 76B)
Class org.gradle.internal.installation.CurrentGradleInstallation                      : loaded 2 times (x 73B)
Class com.google.common.cache.CacheLoader$1                                           : loaded 2 times (x 75B)
Class com.google.common.collect.ForwardingObject                                      : loaded 2 times (x 72B)
Class com.google.common.collect.ImmutableList$SubList                                 : loaded 2 times (x 209B)
Class org.gradle.util.internal.GUtil                                                  : loaded 2 times (x 71B)
Class com.google.common.cache.AbstractCache$StatsCounter                              : loaded 2 times (x 70B)
Class build_eza7a9j2c2vb3rxwipt3s2sn9$_run_closure1$_closure3                         : loaded 2 times (x 139B)
Class ijJvmDebugger1_1hd7xic4c10wao9oph84r8fkv$_run_closure1                          : loaded 2 times (x 139B)
Class com.google.common.collect.Iterators$MergingIterator                             : loaded 2 times (x 81B)
Class com.google.common.collect.RegularImmutableSet                                   : loaded 2 times (x 149B)
Class org.gradle.internal.installation.GradleInstallation                             : loaded 2 times (x 75B)
Class com.google.common.collect.Iterables                                             : loaded 2 times (x 71B)

---------------  S Y S T E M  ---------------

OS:
 Windows 11 , 64 bit Build 26100 (10.0.26100.7705)
OS uptime: 0 days 14:48 hours
Hyper-V role detected

CPU: total 8 (initial active 8) (8 cores per cpu, 2 threads per core) family 23 model 24 stepping 1 microcode 0x8108109, cx8, cmov, fxsr, ht, mmx, 3dnowpref, sse, sse2, sse3, ssse3, sse4a, sse4.1, sse4.2, popcnt, lzcnt, tsc, tscinvbit, avx, avx2, aes, clmul, bmi1, bmi2, adx, sha, fma, vzeroupper, clflush, clflushopt, hv, rdtscp, f16c
Processor Information for the first 8 processors :
  Max Mhz: 2100, Current Mhz: 2100, Mhz Limit: 2100

Memory: 4k page, system-wide physical 7103M (524M free)
TotalPageFile size 15103M (AvailPageFile size 272M)
current process WorkingSet (physical memory assigned to process): 492M, peak: 504M
current process commit charge ("private bytes"): 657M, peak: 755M

vm_info: OpenJDK 64-Bit Server VM (21.0.10+-14961533-b1163.108) for windows-amd64 JRE (21.0.10+-14961533-b1163.108), built on 2026-03-02T19:58:50Z by "builder" with MS VC++ 16.10 / 16.11 (VS2019)

END.
