#
# There is insufficient memory for the Java Runtime Environment to continue.
# Native memory allocation (mmap) failed to map 176160768 bytes. Error detail: G1 virtual space
# Possible reasons:
#   The system is out of physical RAM or swap space
#   This process is running with CompressedOops enabled, and the Java Heap may be blocking the growth of the native heap
# Possible solutions:
#   Reduce memory load on the system
#   Increase physical memory or swap space
#   Check if swap backing store is full
#   Decrease Java heap size (-Xmx/-Xms)
#   Decrease number of Java threads
#   Decrease Java thread stack sizes (-Xss)
#   Set larger code cache with -XX:ReservedCodeCacheSize=
#   JVM is running with Unscaled Compressed Oops mode in which the Java heap is
#     placed in the first 4GB address space. The Java Heap base address is the
#     maximum limit for the native heap growth. Please use -XX:HeapBaseMinAddress
#     to set the Java Heap base and to place the Java Heap above 4GB virtual address.
# This output file may be truncated or incomplete.
#
#  Out of Memory Error (os_windows.cpp:3926), pid=19764, tid=9584
#
# JRE version: OpenJDK Runtime Environment (21.0.10) (build 21.0.10+-14961533-b1163.108)
# Java VM: OpenJDK 64-Bit Server VM (21.0.10+-14961533-b1163.108, mixed mode, tiered, compressed oops, compressed class ptrs, g1 gc, windows-amd64)
# No core dump will be written. Minidumps are not enabled by default on client versions of Windows
#

---------------  S U M M A R Y ------------

Command Line: --add-opens=java.base/java.lang=ALL-UNNAMED --add-opens=java.base/java.lang.invoke=ALL-UNNAMED --add-opens=java.base/java.util=ALL-UNNAMED --add-opens=java.prefs/java.util.prefs=ALL-UNNAMED --add-exports=jdk.compiler/com.sun.tools.javac.api=ALL-UNNAMED --add-exports=jdk.compiler/com.sun.tools.javac.util=ALL-UNNAMED --add-opens=java.base/java.util=ALL-UNNAMED --add-opens=java.prefs/java.util.prefs=ALL-UNNAMED --add-opens=java.base/java.nio.charset=ALL-UNNAMED --add-opens=java.base/java.net=ALL-UNNAMED --add-opens=java.base/java.util.concurrent.atomic=ALL-UNNAMED --add-opens=java.xml/javax.xml.namespace=ALL-UNNAMED -Xmx2048m -Dfile.encoding=UTF-8 -Duser.country=GB -Duser.language=en -Duser.variant -javaagent:C:\Users\admin\.gradle\wrapper\dists\gradle-8.14.4-bin\92wwslzcyst3phie3o264zltu\gradle-8.14.4\lib\agents\gradle-instrumentation-agent-8.14.4.jar org.gradle.launcher.daemon.bootstrap.GradleDaemon 8.14.4

Host: AMD Ryzen 5 3500U with Radeon Vega Mobile Gfx  , 8 cores, 6G,  Windows 11 , 64 bit Build 26100 (10.0.26100.7705)
Time: Thu May 28 08:49:39 2026 South Africa Standard Time elapsed time: 96.355588 seconds (0d 0h 1m 36s)

---------------  T H R E A D  ---------------

Current thread (0x00000220c0008690):  VMThread "VM Thread"          [id=9584, stack(0x000000972f600000,0x000000972f700000) (1024K)]

Stack: [0x000000972f600000,0x000000972f700000]
Native frames: (J=compiled Java code, j=interpreted, Vv=VM code, C=native code)
V  [jvm.dll+0x6d78a9]
V  [jvm.dll+0x8665b3]
V  [jvm.dll+0x868bde]
V  [jvm.dll+0x8692c3]
V  [jvm.dll+0x280ee6]
V  [jvm.dll+0x6d4165]
V  [jvm.dll+0x6c77fa]
V  [jvm.dll+0x358f4b]
V  [jvm.dll+0x360bc6]
V  [jvm.dll+0x3b2ea6]
V  [jvm.dll+0x3b3178]
V  [jvm.dll+0x32b65c]
V  [jvm.dll+0x32e066]
V  [jvm.dll+0x337f3d]
V  [jvm.dll+0x36f6a5]
V  [jvm.dll+0x86f048]
V  [jvm.dll+0x870394]
V  [jvm.dll+0x8708d0]
V  [jvm.dll+0x870b63]
V  [jvm.dll+0x80fd28]
V  [jvm.dll+0x6d60fd]
C  [ucrtbase.dll+0x37b0]
C  [KERNEL32.DLL+0x2e8d7]
C  [ntdll.dll+0x8c40c]

VM_Operation (0x000000972f1ff7a0): G1PauseRemark, mode: safepoint, requested by thread 0x00000220a44f83d0


---------------  P R O C E S S  ---------------

Threads class SMR info:
_java_thread_list=0x00000220cc372820, length=154, elements={
0x00000220a21b7e40, 0x00000220c00522b0, 0x00000220c005ff10, 0x00000220c0071610,
0x00000220c0091c30, 0x00000220c0096040, 0x00000220c00938e0, 0x00000220c0093f70,
0x00000220c0083f80, 0x00000220c009d190, 0x00000220c0094600, 0x00000220c0094c90,
0x00000220c00966d0, 0x00000220c0093250, 0x00000220c062a990, 0x00000220c0628f50,
0x00000220c06295e0, 0x00000220c06288c0, 0x00000220c062a300, 0x00000220c062b020,
0x00000220c062b6b0, 0x00000220c062bd40, 0x00000220c0629c70, 0x00000220c062e4a0,
0x00000220c062c3d0, 0x00000220c062d780, 0x00000220c062de10, 0x00000220c062eb30,
0x00000220c062f1c0, 0x00000220c062f850, 0x00000220c3d3b870, 0x00000220c3d3d2b0,
0x00000220c3d3bf00, 0x00000220c3d3c590, 0x00000220c3d3cc20, 0x00000220c3d40730,
0x00000220c3d3dfd0, 0x00000220c3d3ecf0, 0x00000220c3d400a0, 0x00000220c3d3e660,
0x00000220c3d41ae0, 0x00000220c3d40dc0, 0x00000220c3d41450, 0x00000220c3d3f380,
0x00000220c3a7e660, 0x00000220c3a81450, 0x00000220c3a80dc0, 0x00000220c3a81ae0,
0x00000220c3a7f380, 0x00000220c3a7ecf0, 0x00000220c3a82170, 0x00000220c3a80730,
0x00000220c3a82800, 0x00000220c3a82e90, 0x00000220c3a7fa10, 0x00000220c3a83520,
0x00000220c3a800a0, 0x00000220c3a83bb0, 0x00000220c3a848d0, 0x00000220c3a84f60,
0x00000220c3a84240, 0x00000220c3a85c80, 0x00000220c28224e0, 0x00000220c281f060,
0x00000220c2820410, 0x00000220c2820aa0, 0x00000220c281f6f0, 0x00000220c2823200,
0x00000220c28217c0, 0x00000220c2822b70, 0x00000220c281fd80, 0x00000220c2823890,
0x00000220c2823f20, 0x00000220c28245b0, 0x00000220c2821130, 0x00000220c28252d0,
0x00000220c2825960, 0x00000220c2824c40, 0x00000220c2825ff0, 0x00000220c2826680,
0x00000220c26472c0, 0x00000220c2646c30, 0x00000220c2648d00, 0x00000220c2645880,
0x00000220c2645f10, 0x00000220c26465a0, 0x00000220c264a740, 0x00000220c2649390,
0x00000220c2648670, 0x00000220c2647fe0, 0x00000220c264baf0, 0x00000220c264a0b0,
0x00000220c2b31ca0, 0x00000220c2b35e40, 0x00000220c2b336e0, 0x00000220c2b33d70,
0x00000220c2b34400, 0x00000220c264add0, 0x00000220c6ecff40, 0x00000220c6ed2d30,
0x00000220c6ed05d0, 0x00000220c6ed33c0, 0x00000220c6ed26a0, 0x00000220c6ed12f0,
0x00000220c6ed1980, 0x00000220c6ed2010, 0x00000220c7691f90, 0x00000220c7692620,
0x00000220c768f1a0, 0x00000220c7690be0, 0x00000220c7693340, 0x00000220c768fec0,
0x00000220c76946f0, 0x00000220c7696130, 0x00000220c76967c0, 0x00000220c7694d80,
0x00000220c7695aa0, 0x00000220cc309970, 0x00000220cc30ad20, 0x00000220cc30a000,
0x00000220cc30b3b0, 0x00000220cc30a690, 0x00000220cc308c50, 0x00000220cc30ba40,
0x00000220c3901030, 0x00000220c3900310, 0x00000220c39016c0, 0x00000220c3901d50,
0x00000220c39023e0, 0x00000220c3902a70, 0x00000220c38ff5f0, 0x00000220c3903100,
0x00000220c3903790, 0x00000220c39009a0, 0x00000220c3905860, 0x00000220c38fc800,
0x00000220c76939d0, 0x00000220c7691270, 0x00000220c7695410, 0x00000220c38fadc0,
0x00000220c38fef60, 0x00000220c3906c10, 0x00000220c3904b40, 0x00000220c39072a0,
0x00000220c3905ef0, 0x00000220c33fdb70, 0x00000220cc1977c0, 0x00000220cc199200,
0x00000220cc198b70, 0x00000220cc197e50, 0x00000220cc199890, 0x00000220cc199f20,
0x00000220cc19a5b0, 0x00000220cc197130
}

Java Threads: ( => current thread )
  0x00000220a21b7e40 JavaThread "main"                              [_thread_blocked, id=24492, stack(0x000000972ef00000,0x000000972f000000) (1024K)]
  0x00000220c00522b0 JavaThread "Common-Cleaner"             daemon [_thread_blocked, id=15508, stack(0x000000972f700000,0x000000972f800000) (1024K)]
  0x00000220c005ff10 JavaThread "Reference Handler"          daemon [_thread_blocked, id=7212, stack(0x000000972f800000,0x000000972f900000) (1024K)]
  0x00000220c0071610 JavaThread "Finalizer"                  daemon [_thread_blocked, id=9288, stack(0x000000972f900000,0x000000972fa00000) (1024K)]
  0x00000220c0091c30 JavaThread "Signal Dispatcher"          daemon [_thread_blocked, id=20028, stack(0x000000972fa00000,0x000000972fb00000) (1024K)]
  0x00000220c0096040 JavaThread "Attach Listener"            daemon [_thread_blocked, id=9104, stack(0x000000972fb00000,0x000000972fc00000) (1024K)]
  0x00000220c00938e0 JavaThread "Service Thread"             daemon [_thread_blocked, id=19936, stack(0x000000972fc00000,0x000000972fd00000) (1024K)]
  0x00000220c0093f70 JavaThread "Monitor Deflation Thread"   daemon [_thread_blocked, id=11168, stack(0x000000972fd00000,0x000000972fe00000) (1024K)]
  0x00000220c0083f80 JavaThread "C2 CompilerThread0"         daemon [_thread_blocked, id=13364, stack(0x000000972fe00000,0x000000972ff00000) (1024K)]
  0x00000220c009d190 JavaThread "C1 CompilerThread0"         daemon [_thread_blocked, id=7436, stack(0x000000972ff00000,0x0000009730000000) (1024K)]
  0x00000220c0094600 JavaThread "Notification Thread"        daemon [_thread_blocked, id=2760, stack(0x0000009730000000,0x0000009730100000) (1024K)]
  0x00000220c0094c90 JavaThread "Daemon health stats"               [_thread_blocked, id=20828, stack(0x0000009730800000,0x0000009730900000) (1024K)]
  0x00000220c00966d0 JavaThread "Incoming local TCP Connector on port 1665"        [_thread_in_native, id=16304, stack(0x0000009730900000,0x0000009730a00000) (1024K)]
  0x00000220c0093250 JavaThread "Daemon periodic checks"            [_thread_blocked, id=24032, stack(0x0000009730a00000,0x0000009730b00000) (1024K)]
  0x00000220c062a990 JavaThread "Daemon"                            [_thread_blocked, id=23420, stack(0x0000009730b00000,0x0000009730c00000) (1024K)]
  0x00000220c0628f50 JavaThread "Handler for socket connection from /127.0.0.1:1665 to /127.0.0.1:1666"        [_thread_in_native, id=20660, stack(0x0000009730c00000,0x0000009730d00000) (1024K)]
  0x00000220c06295e0 JavaThread "Cancel handler"                    [_thread_blocked, id=5996, stack(0x0000009730d00000,0x0000009730e00000) (1024K)]
  0x00000220c06288c0 JavaThread "Daemon worker"                     [_thread_blocked, id=19660, stack(0x0000009730e00000,0x0000009730f00000) (1024K)]
  0x00000220c062a300 JavaThread "Asynchronous log dispatcher for DefaultDaemonConnection: socket connection from /127.0.0.1:1665 to /127.0.0.1:1666"        [_thread_blocked, id=3544, stack(0x0000009730f00000,0x0000009731000000) (1024K)]
  0x00000220c062b020 JavaThread "Stdin handler"                     [_thread_blocked, id=2412, stack(0x0000009731000000,0x0000009731100000) (1024K)]
  0x00000220c062b6b0 JavaThread "Daemon client event forwarder"        [_thread_blocked, id=21348, stack(0x0000009731100000,0x0000009731200000) (1024K)]
  0x00000220c062bd40 JavaThread "Cache worker for journal cache (C:\Users\admin\.gradle\caches\journal-1)"        [_thread_blocked, id=14920, stack(0x0000009730300000,0x0000009730400000) (1024K)]
  0x00000220c0629c70 JavaThread "File lock request listener"        [_thread_in_native, id=11632, stack(0x0000009731400000,0x0000009731500000) (1024K)]
  0x00000220c062e4a0 JavaThread "Cache worker for file hash cache (C:\Users\admin\.gradle\caches\8.14.4\fileHashes)"        [_thread_blocked, id=2956, stack(0x0000009731600000,0x0000009731700000) (1024K)]
  0x00000220c062c3d0 JavaThread "Cache worker for file hash cache (C:\Users\admin\Desktop\ORGANISED\Git\android\.gradle\8.14.4\fileHashes)"        [_thread_blocked, id=8808, stack(0x0000009731700000,0x0000009731800000) (1024K)]
  0x00000220c062d780 JavaThread "Cache worker for Build Output Cleanup Cache (C:\Users\admin\Desktop\ORGANISED\Git\android\.gradle\buildOutputCleanup)"        [_thread_blocked, id=12840, stack(0x0000009731500000,0x0000009731600000) (1024K)]
  0x00000220c062de10 JavaThread "File watcher server"        daemon [_thread_blocked, id=15560, stack(0x0000009731800000,0x0000009731900000) (1024K)]
  0x00000220c062eb30 JavaThread "File watcher consumer"      daemon [_thread_blocked, id=20220, stack(0x0000009731900000,0x0000009731a00000) (1024K)]
  0x00000220c062f1c0 JavaThread "jar transforms"                    [_thread_blocked, id=1404, stack(0x0000009731b00000,0x0000009731c00000) (1024K)]
  0x00000220c062f850 JavaThread "jar transforms Thread 2"           [_thread_blocked, id=15888, stack(0x0000009731c00000,0x0000009731d00000) (1024K)]
  0x00000220c3d3b870 JavaThread "Cache worker for checksums cache (C:\Users\admin\Desktop\ORGANISED\Git\android\.gradle\8.14.4\checksums)"        [_thread_blocked, id=17360, stack(0x0000009731d00000,0x0000009731e00000) (1024K)]
  0x00000220c3d3d2b0 JavaThread "Cache worker for file content cache (C:\Users\admin\.gradle\caches\8.14.4\fileContent)"        [_thread_blocked, id=8284, stack(0x0000009731e00000,0x0000009731f00000) (1024K)]
  0x00000220c3d3bf00 JavaThread "jar transforms Thread 3"           [_thread_blocked, id=13464, stack(0x0000009731a00000,0x0000009731b00000) (1024K)]
  0x00000220c3d3c590 JavaThread "Cache worker for cache directory md-supplier (C:\Users\admin\.gradle\caches\8.14.4\md-supplier)"        [_thread_blocked, id=17260, stack(0x0000009732000000,0x0000009732100000) (1024K)]
  0x00000220c3d3cc20 JavaThread "Cache worker for cache directory md-rule (C:\Users\admin\.gradle\caches\8.14.4\md-rule)"        [_thread_blocked, id=4176, stack(0x0000009732100000,0x0000009732200000) (1024K)]
  0x00000220c3d40730 JavaThread "Unconstrained build operations"        [_thread_blocked, id=24188, stack(0x0000009732200000,0x0000009732300000) (1024K)]
  0x00000220c3d3dfd0 JavaThread "Unconstrained build operations Thread 2"        [_thread_blocked, id=12780, stack(0x0000009732300000,0x0000009732400000) (1024K)]
  0x00000220c3d3ecf0 JavaThread "Unconstrained build operations Thread 3"        [_thread_blocked, id=12712, stack(0x0000009732400000,0x0000009732500000) (1024K)]
  0x00000220c3d400a0 JavaThread "Unconstrained build operations Thread 4"        [_thread_blocked, id=11468, stack(0x0000009732500000,0x0000009732600000) (1024K)]
  0x00000220c3d3e660 JavaThread "Unconstrained build operations Thread 5"        [_thread_blocked, id=19620, stack(0x0000009732600000,0x0000009732700000) (1024K)]
  0x00000220c3d41ae0 JavaThread "Unconstrained build operations Thread 6"        [_thread_blocked, id=22684, stack(0x0000009732700000,0x0000009732800000) (1024K)]
  0x00000220c3d40dc0 JavaThread "Unconstrained build operations Thread 7"        [_thread_blocked, id=11776, stack(0x0000009732800000,0x0000009732900000) (1024K)]
  0x00000220c3d41450 JavaThread "Unconstrained build operations Thread 8"        [_thread_blocked, id=19480, stack(0x0000009732900000,0x0000009732a00000) (1024K)]
  0x00000220c3d3f380 JavaThread "Unconstrained build operations Thread 9"        [_thread_blocked, id=18120, stack(0x0000009732a00000,0x0000009732b00000) (1024K)]
  0x00000220c3a7e660 JavaThread "Unconstrained build operations Thread 10"        [_thread_blocked, id=19380, stack(0x0000009732b00000,0x0000009732c00000) (1024K)]
  0x00000220c3a81450 JavaThread "Unconstrained build operations Thread 11"        [_thread_blocked, id=18864, stack(0x0000009732c00000,0x0000009732d00000) (1024K)]
  0x00000220c3a80dc0 JavaThread "Unconstrained build operations Thread 12"        [_thread_blocked, id=16648, stack(0x0000009732d00000,0x0000009732e00000) (1024K)]
  0x00000220c3a81ae0 JavaThread "Unconstrained build operations Thread 13"        [_thread_blocked, id=22492, stack(0x0000009732e00000,0x0000009732f00000) (1024K)]
  0x00000220c3a7f380 JavaThread "Unconstrained build operations Thread 14"        [_thread_blocked, id=23976, stack(0x0000009732f00000,0x0000009733000000) (1024K)]
  0x00000220c3a7ecf0 JavaThread "jar transforms Thread 4"           [_thread_blocked, id=13896, stack(0x0000009733000000,0x0000009733100000) (1024K)]
  0x00000220c3a82170 JavaThread "jar transforms Thread 5"           [_thread_blocked, id=14596, stack(0x0000009733100000,0x0000009733200000) (1024K)]
  0x00000220c3a80730 JavaThread "Unconstrained build operations Thread 15"        [_thread_blocked, id=24396, stack(0x0000009733200000,0x0000009733300000) (1024K)]
  0x00000220c3a82800 JavaThread "Unconstrained build operations Thread 16"        [_thread_blocked, id=11140, stack(0x0000009733300000,0x0000009733400000) (1024K)]
  0x00000220c3a82e90 JavaThread "Unconstrained build operations Thread 17"        [_thread_blocked, id=23768, stack(0x0000009733400000,0x0000009733500000) (1024K)]
  0x00000220c3a7fa10 JavaThread "Unconstrained build operations Thread 18"        [_thread_blocked, id=23628, stack(0x0000009733500000,0x0000009733600000) (1024K)]
  0x00000220c3a83520 JavaThread "Unconstrained build operations Thread 19"        [_thread_blocked, id=5500, stack(0x0000009733600000,0x0000009733700000) (1024K)]
  0x00000220c3a800a0 JavaThread "Unconstrained build operations Thread 20"        [_thread_blocked, id=18220, stack(0x0000009733700000,0x0000009733800000) (1024K)]
  0x00000220c3a83bb0 JavaThread "Unconstrained build operations Thread 21"        [_thread_blocked, id=19964, stack(0x0000009733800000,0x0000009733900000) (1024K)]
  0x00000220c3a848d0 JavaThread "jar transforms Thread 6"           [_thread_blocked, id=23800, stack(0x0000009733900000,0x0000009733a00000) (1024K)]
  0x00000220c3a84f60 JavaThread "jar transforms Thread 7"           [_thread_blocked, id=20376, stack(0x0000009733a00000,0x0000009733b00000) (1024K)]
  0x00000220c3a84240 JavaThread "jar transforms Thread 8"           [_thread_blocked, id=22816, stack(0x0000009733b00000,0x0000009733c00000) (1024K)]
  0x00000220c3a85c80 JavaThread "Unconstrained build operations Thread 22"        [_thread_blocked, id=17840, stack(0x0000009733c00000,0x0000009733d00000) (1024K)]
  0x00000220c28224e0 JavaThread "Unconstrained build operations Thread 23"        [_thread_blocked, id=7040, stack(0x0000009733d00000,0x0000009733e00000) (1024K)]
  0x00000220c281f060 JavaThread "Unconstrained build operations Thread 24"        [_thread_blocked, id=2800, stack(0x0000009733e00000,0x0000009733f00000) (1024K)]
  0x00000220c2820410 JavaThread "Unconstrained build operations Thread 25"        [_thread_blocked, id=9196, stack(0x0000009733f00000,0x0000009734000000) (1024K)]
  0x00000220c2820aa0 JavaThread "Unconstrained build operations Thread 26"        [_thread_blocked, id=19424, stack(0x0000009734000000,0x0000009734100000) (1024K)]
  0x00000220c281f6f0 JavaThread "Unconstrained build operations Thread 27"        [_thread_blocked, id=22536, stack(0x0000009734100000,0x0000009734200000) (1024K)]
  0x00000220c2823200 JavaThread "Unconstrained build operations Thread 28"        [_thread_blocked, id=10320, stack(0x0000009731f00000,0x0000009732000000) (1024K)]
  0x00000220c28217c0 JavaThread "Unconstrained build operations Thread 29"        [_thread_blocked, id=4524, stack(0x0000009734200000,0x0000009734300000) (1024K)]
  0x00000220c2822b70 JavaThread "Unconstrained build operations Thread 30"        [_thread_blocked, id=9512, stack(0x0000009734300000,0x0000009734400000) (1024K)]
  0x00000220c281fd80 JavaThread "Unconstrained build operations Thread 31"        [_thread_blocked, id=9208, stack(0x0000009734400000,0x0000009734500000) (1024K)]
  0x00000220c2823890 JavaThread "Unconstrained build operations Thread 32"        [_thread_blocked, id=21484, stack(0x0000009734500000,0x0000009734600000) (1024K)]
  0x00000220c2823f20 JavaThread "Unconstrained build operations Thread 33"        [_thread_blocked, id=6728, stack(0x0000009734600000,0x0000009734700000) (1024K)]
  0x00000220c28245b0 JavaThread "Unconstrained build operations Thread 34"        [_thread_blocked, id=24532, stack(0x0000009734700000,0x0000009734800000) (1024K)]
  0x00000220c2821130 JavaThread "Unconstrained build operations Thread 35"        [_thread_blocked, id=7888, stack(0x0000009734800000,0x0000009734900000) (1024K)]
  0x00000220c28252d0 JavaThread "Unconstrained build operations Thread 36"        [_thread_blocked, id=21612, stack(0x0000009734900000,0x0000009734a00000) (1024K)]
  0x00000220c2825960 JavaThread "Unconstrained build operations Thread 37"        [_thread_blocked, id=20576, stack(0x0000009734a00000,0x0000009734b00000) (1024K)]
  0x00000220c2824c40 JavaThread "Unconstrained build operations Thread 38"        [_thread_blocked, id=2380, stack(0x0000009734b00000,0x0000009734c00000) (1024K)]
  0x00000220c2825ff0 JavaThread "Unconstrained build operations Thread 39"        [_thread_blocked, id=644, stack(0x0000009734c00000,0x0000009734d00000) (1024K)]
  0x00000220c2826680 JavaThread "Unconstrained build operations Thread 40"        [_thread_blocked, id=21392, stack(0x0000009734d00000,0x0000009734e00000) (1024K)]
  0x00000220c26472c0 JavaThread "Unconstrained build operations Thread 41"        [_thread_blocked, id=11152, stack(0x0000009734e00000,0x0000009734f00000) (1024K)]
  0x00000220c2646c30 JavaThread "Unconstrained build operations Thread 42"        [_thread_blocked, id=22348, stack(0x0000009735000000,0x0000009735100000) (1024K)]
  0x00000220c2648d00 JavaThread "Unconstrained build operations Thread 43"        [_thread_blocked, id=17016, stack(0x0000009735100000,0x0000009735200000) (1024K)]
  0x00000220c2645880 JavaThread "Unconstrained build operations Thread 44"        [_thread_blocked, id=24096, stack(0x0000009735200000,0x0000009735300000) (1024K)]
  0x00000220c2645f10 JavaThread "Unconstrained build operations Thread 45"        [_thread_blocked, id=14124, stack(0x0000009735300000,0x0000009735400000) (1024K)]
  0x00000220c26465a0 JavaThread "Unconstrained build operations Thread 46"        [_thread_blocked, id=23024, stack(0x0000009735400000,0x0000009735500000) (1024K)]
  0x00000220c264a740 JavaThread "Unconstrained build operations Thread 47"        [_thread_blocked, id=22776, stack(0x0000009735500000,0x0000009735600000) (1024K)]
  0x00000220c2649390 JavaThread "Unconstrained build operations Thread 48"        [_thread_blocked, id=8276, stack(0x0000009735600000,0x0000009735700000) (1024K)]
  0x00000220c2648670 JavaThread "Problems report writer"            [_thread_blocked, id=16072, stack(0x0000009734f00000,0x0000009735000000) (1024K)]
  0x00000220c2647fe0 JavaThread "build event listener"              [_thread_blocked, id=10700, stack(0x0000009735700000,0x0000009735800000) (1024K)]
  0x00000220c264baf0 JavaThread "Memory manager"                    [_thread_blocked, id=16268, stack(0x0000009735900000,0x0000009735a00000) (1024K)]
  0x00000220c264a0b0 JavaThread "build event listener"              [_thread_blocked, id=1424, stack(0x0000009735a00000,0x0000009735b00000) (1024K)]
  0x00000220c2b31ca0 JavaThread "pool-3-thread-1"                   [_thread_blocked, id=15248, stack(0x0000009735b00000,0x0000009735c00000) (1024K)]
  0x00000220c2b35e40 JavaThread "build event listener"              [_thread_blocked, id=16676, stack(0x0000009735c00000,0x0000009735d00000) (1024K)]
  0x00000220c2b336e0 JavaThread "included builds"                   [_thread_blocked, id=21036, stack(0x000000972ec00000,0x000000972ed00000) (1024K)]
  0x00000220c2b33d70 JavaThread "Execution worker"                  [_thread_blocked, id=20188, stack(0x000000972ee00000,0x000000972ef00000) (1024K)]
  0x00000220c2b34400 JavaThread "Execution worker Thread 2"         [_thread_blocked, id=19656, stack(0x0000009735800000,0x0000009735900000) (1024K)]
  0x00000220c264add0 JavaThread "Execution worker Thread 3"         [_thread_blocked, id=16140, stack(0x0000009735d00000,0x0000009735e00000) (1024K)]
  0x00000220c6ecff40 JavaThread "Execution worker Thread 4"         [_thread_blocked, id=6196, stack(0x0000009735e00000,0x0000009735f00000) (1024K)]
  0x00000220c6ed2d30 JavaThread "Execution worker Thread 5"         [_thread_blocked, id=9320, stack(0x0000009735f00000,0x0000009736000000) (1024K)]
  0x00000220c6ed05d0 JavaThread "Execution worker Thread 6"         [_thread_blocked, id=19092, stack(0x0000009736000000,0x0000009736100000) (1024K)]
  0x00000220c6ed33c0 JavaThread "Execution worker Thread 7"         [_thread_blocked, id=15008, stack(0x0000009736100000,0x0000009736200000) (1024K)]
  0x00000220c6ed26a0 JavaThread "Cache worker for execution history cache (C:\Users\admin\Desktop\ORGANISED\Git\android\.gradle\8.14.4\executionHistory)"        [_thread_blocked, id=2640, stack(0x0000009736200000,0x0000009736300000) (1024K)]
  0x00000220c6ed12f0 JavaThread "Unconstrained build operations Thread 49"        [_thread_blocked, id=20332, stack(0x0000009736300000,0x0000009736400000) (1024K)]
  0x00000220c6ed1980 JavaThread "Unconstrained build operations Thread 50"        [_thread_blocked, id=10692, stack(0x0000009736400000,0x0000009736500000) (1024K)]
  0x00000220c6ed2010 JavaThread "Unconstrained build operations Thread 51"        [_thread_blocked, id=23008, stack(0x0000009736500000,0x0000009736600000) (1024K)]
  0x00000220c7691f90 JavaThread "Unconstrained build operations Thread 52"        [_thread_blocked, id=15236, stack(0x0000009736600000,0x0000009736700000) (1024K)]
  0x00000220c7692620 JavaThread "Unconstrained build operations Thread 53"        [_thread_blocked, id=22076, stack(0x0000009736700000,0x0000009736800000) (1024K)]
  0x00000220c768f1a0 JavaThread "Unconstrained build operations Thread 54"        [_thread_blocked, id=4820, stack(0x0000009736800000,0x0000009736900000) (1024K)]
  0x00000220c7690be0 JavaThread "Unconstrained build operations Thread 55"        [_thread_blocked, id=5044, stack(0x0000009736900000,0x0000009736a00000) (1024K)]
  0x00000220c7693340 JavaThread "Unconstrained build operations Thread 56"        [_thread_blocked, id=13496, stack(0x0000009736a00000,0x0000009736b00000) (1024K)]
  0x00000220c768fec0 JavaThread "Unconstrained build operations Thread 57"        [_thread_blocked, id=19780, stack(0x0000009736b00000,0x0000009736c00000) (1024K)]
  0x00000220c76946f0 JavaThread "Unconstrained build operations Thread 58"        [_thread_blocked, id=19512, stack(0x0000009736c00000,0x0000009736d00000) (1024K)]
  0x00000220c7696130 JavaThread "Unconstrained build operations Thread 59"        [_thread_blocked, id=20808, stack(0x0000009736d00000,0x0000009736e00000) (1024K)]
  0x00000220c76967c0 JavaThread "Unconstrained build operations Thread 60"        [_thread_blocked, id=10644, stack(0x0000009736e00000,0x0000009736f00000) (1024K)]
  0x00000220c7694d80 JavaThread "Unconstrained build operations Thread 61"        [_thread_blocked, id=19524, stack(0x0000009736f00000,0x0000009737000000) (1024K)]
  0x00000220c7695aa0 JavaThread "Unconstrained build operations Thread 62"        [_thread_blocked, id=18744, stack(0x0000009737000000,0x0000009737100000) (1024K)]
  0x00000220cc309970 JavaThread "Unconstrained build operations Thread 63"        [_thread_blocked, id=22464, stack(0x0000009737200000,0x0000009737300000) (1024K)]
  0x00000220cc30ad20 JavaThread "Unconstrained build operations Thread 64"        [_thread_blocked, id=23600, stack(0x0000009737300000,0x0000009737400000) (1024K)]
  0x00000220cc30a000 JavaThread "Unconstrained build operations Thread 65"        [_thread_blocked, id=23316, stack(0x0000009737400000,0x0000009737500000) (1024K)]
  0x00000220cc30b3b0 JavaThread "Unconstrained build operations Thread 66"        [_thread_blocked, id=19872, stack(0x0000009737500000,0x0000009737600000) (1024K)]
  0x00000220cc30a690 JavaThread "Unconstrained build operations Thread 67"        [_thread_blocked, id=4900, stack(0x0000009737600000,0x0000009737700000) (1024K)]
  0x00000220cc308c50 JavaThread "Unconstrained build operations Thread 68"        [_thread_blocked, id=2776, stack(0x0000009737700000,0x0000009737800000) (1024K)]
  0x00000220cc30ba40 JavaThread "Unconstrained build operations Thread 69"        [_thread_blocked, id=16852, stack(0x0000009737800000,0x0000009737900000) (1024K)]
  0x00000220c3901030 JavaThread "Unconstrained build operations Thread 70"        [_thread_blocked, id=23684, stack(0x0000009737100000,0x0000009737200000) (1024K)]
  0x00000220c3900310 JavaThread "Unconstrained build operations Thread 71"        [_thread_blocked, id=21716, stack(0x0000009737900000,0x0000009737a00000) (1024K)]
  0x00000220c39016c0 JavaThread "Unconstrained build operations Thread 72"        [_thread_blocked, id=13276, stack(0x0000009737a00000,0x0000009737b00000) (1024K)]
  0x00000220c3901d50 JavaThread "Unconstrained build operations Thread 73"        [_thread_blocked, id=9084, stack(0x0000009737b00000,0x0000009737c00000) (1024K)]
  0x00000220c39023e0 JavaThread "Unconstrained build operations Thread 74"        [_thread_blocked, id=23676, stack(0x0000009737c00000,0x0000009737d00000) (1024K)]
  0x00000220c3902a70 JavaThread "Unconstrained build operations Thread 75"        [_thread_blocked, id=4660, stack(0x0000009737d00000,0x0000009737e00000) (1024K)]
  0x00000220c38ff5f0 JavaThread "Unconstrained build operations Thread 76"        [_thread_blocked, id=14152, stack(0x0000009737e00000,0x0000009737f00000) (1024K)]
  0x00000220c3903100 JavaThread "Unconstrained build operations Thread 77"        [_thread_blocked, id=19132, stack(0x0000009737f00000,0x0000009738000000) (1024K)]
  0x00000220c3903790 JavaThread "Unconstrained build operations Thread 78"        [_thread_blocked, id=21276, stack(0x0000009738000000,0x0000009738100000) (1024K)]
  0x00000220c39009a0 JavaThread "Unconstrained build operations Thread 79"        [_thread_blocked, id=23708, stack(0x0000009738100000,0x0000009738200000) (1024K)]
  0x00000220c3905860 JavaThread "Unconstrained build operations Thread 80"        [_thread_blocked, id=12204, stack(0x0000009738200000,0x0000009738300000) (1024K)]
  0x00000220c38fc800 JavaThread "WorkerExecutor Queue"              [_thread_in_native, id=23956, stack(0x0000009738400000,0x0000009738500000) (1024K)]
  0x00000220c76939d0 JavaThread "WorkerExecutor Queue Thread 2"        [_thread_blocked, id=14012, stack(0x0000009738600000,0x0000009738700000) (1024K)]
  0x00000220c7691270 JavaThread "WorkerExecutor Queue Thread 3"        [_thread_blocked, id=14028, stack(0x0000009738700000,0x0000009738800000) (1024K)]
  0x00000220c7695410 JavaThread "WorkerExecutor Queue Thread 4"        [_thread_blocked, id=14032, stack(0x0000009738800000,0x0000009738900000) (1024K)]
  0x00000220c38fadc0 JavaThread "RMI Scheduler(0)"           daemon [_thread_blocked, id=18392, stack(0x0000009738500000,0x0000009738600000) (1024K)]
  0x00000220c38fef60 JavaThread "RMI RenewClean-[127.0.0.1:17411,org.jetbrains.kotlin.daemon.common.LoopbackNetworkInterface$ClientLoopbackSocketFactory@3c37214f]" daemon [_thread_blocked, id=4276, stack(0x0000009738a00000,0x0000009738b00000) (1024K)]
  0x00000220c3906c10 JavaThread "RMI GC Daemon"              daemon [_thread_blocked, id=16908, stack(0x0000009738b00000,0x0000009738c00000) (1024K)]
  0x00000220c3904b40 JavaThread "RMI TCP Accept-0"           daemon [_thread_in_native, id=15384, stack(0x0000009738d00000,0x0000009738e00000) (1024K)]
  0x00000220c39072a0 JavaThread "RMI Reaper"                        [_thread_blocked, id=17232, stack(0x0000009738e00000,0x0000009738f00000) (1024K)]
  0x00000220c3905ef0 JavaThread "RMI TCP Connection(1)-127.0.0.1" daemon [_thread_in_native, id=23936, stack(0x0000009738f00000,0x0000009739000000) (1024K)]
  0x00000220c33fdb70 JavaThread "C2 CompilerThread1"         daemon [_thread_blocked, id=22484, stack(0x0000009738c00000,0x0000009738d00000) (1024K)]
  0x00000220cc1977c0 JavaThread "ForkJoinPool-1-worker-1"    daemon [_thread_blocked, id=19992, stack(0x000000972ed00000,0x000000972ee00000) (1024K)]
  0x00000220cc199200 JavaThread "ForkJoinPool-1-worker-2"    daemon [_thread_blocked, id=3180, stack(0x0000009739000000,0x0000009739100000) (1024K)]
  0x00000220cc198b70 JavaThread "ForkJoinPool-1-worker-3"    daemon [_thread_blocked, id=852, stack(0x0000009739100000,0x0000009739200000) (1024K)]
  0x00000220cc197e50 JavaThread "ForkJoinPool-1-worker-4"    daemon [_thread_blocked, id=22156, stack(0x0000009739200000,0x0000009739300000) (1024K)]
  0x00000220cc199890 JavaThread "ForkJoinPool-1-worker-5"    daemon [_thread_blocked, id=9300, stack(0x0000009739300000,0x0000009739400000) (1024K)]
  0x00000220cc199f20 JavaThread "ForkJoinPool-1-worker-6"    daemon [_thread_blocked, id=14524, stack(0x0000009739400000,0x0000009739500000) (1024K)]
  0x00000220cc19a5b0 JavaThread "ForkJoinPool-1-worker-7"    daemon [_thread_blocked, id=3272, stack(0x0000009739500000,0x0000009739600000) (1024K)]
  0x00000220cc197130 JavaThread "ForkJoinPool-1-worker-8"    daemon [_thread_blocked, id=20196, stack(0x0000009739600000,0x0000009739700000) (1024K)]
Total: 154

Other Threads:
=>0x00000220c0008690 VMThread "VM Thread"                           [id=9584, stack(0x000000972f600000,0x000000972f700000) (1024K)]
  0x00000220bbb261a0 WatcherThread "VM Periodic Task Thread"        [id=3216, stack(0x000000972f500000,0x000000972f600000) (1024K)]
  0x00000220a44e6690 WorkerThread "GC Thread#0"                     [id=20400, stack(0x000000972f000000,0x000000972f100000) (1024K)]
  0x00000220c0541080 WorkerThread "GC Thread#1"                     [id=12864, stack(0x0000009730100000,0x0000009730200000) (1024K)]
  0x00000220c051fd90 WorkerThread "GC Thread#2"                     [id=23152, stack(0x0000009730200000,0x0000009730300000) (1024K)]
  0x00000220c10b23d0 WorkerThread "GC Thread#3"                     [id=22612, stack(0x0000009730400000,0x0000009730500000) (1024K)]
  0x00000220c1074b80 WorkerThread "GC Thread#4"                     [id=2300, stack(0x0000009730500000,0x0000009730600000) (1024K)]
  0x00000220c143a5d0 WorkerThread "GC Thread#5"                     [id=23508, stack(0x0000009730600000,0x0000009730700000) (1024K)]
  0x00000220c15157e0 WorkerThread "GC Thread#6"                     [id=6924, stack(0x0000009730700000,0x0000009730800000) (1024K)]
  0x00000220c1776eb0 WorkerThread "GC Thread#7"                     [id=22824, stack(0x0000009731200000,0x0000009731300000) (1024K)]
  0x00000220a44f83d0 ConcurrentGCThread "G1 Main Marker"            [id=19460, stack(0x000000972f100000,0x000000972f200000) (1024K)]
  0x00000220a44f9590 WorkerThread "G1 Conc#0"                       [id=4544, stack(0x000000972f200000,0x000000972f300000) (1024K)]
  0x00000220c1dde7b0 WorkerThread "G1 Conc#1"                       [id=17744, stack(0x0000009731300000,0x0000009731400000) (1024K)]
  0x00000220a454e480 ConcurrentGCThread "G1 Refine#0"               [id=20040, stack(0x000000972f300000,0x000000972f400000) (1024K)]
  0x00000220c2a7e330 ConcurrentGCThread "G1 Refine#1"               [id=3716, stack(0x0000009739700000,0x0000009739800000) (1024K)]
  0x00000220bb9f9c90 ConcurrentGCThread "G1 Service"                [id=9728, stack(0x000000972f400000,0x000000972f500000) (1024K)]
Total: 16

Threads with active compile tasks:
C2 CompilerThread0  96652 16375       4       com.android.tools.r8.internal.kc0::a (3327 bytes)
C2 CompilerThread1  96653 16520       4       com.android.tools.r8.dex.c0::a (1016 bytes)
Total: 2

VM state: at safepoint (normal execution)

VM Mutex/Monitor currently owned by a thread:  ([mutex/lock_event])
[0x00007ff8c06986d0] Threads_lock - owner thread: 0x00000220c0008690
[0x00007ff8c06987d0] Heap_lock - owner thread: 0x00000220a44f83d0

Heap address: 0x0000000080000000, size: 2048 MB, Compressed Oops mode: 32-bit

CDS archive(s) not mapped
Compressed class space mapped at: 0x0000000100000000-0x0000000140000000, reserved size: 1073741824
Narrow klass base: 0x0000000000000000, Narrow klass shift: 3, Narrow klass range: 0x140000000

GC Precious Log:
 CardTable entry size: 512
 Card Set container configuration: InlinePtr #cards 5 size 8 Array Of Cards #cards 12 size 40 Howl #buckets 4 coarsen threshold 1843 Howl Bitmap #cards 512 size 80 coarsen threshold 460 Card regions per heap region 1 cards per card region 2048
 CPUs: 8 total, 8 available
 Memory: 7103M
 Large Page Support: Disabled
 NUMA Support: Disabled
 Compressed Oops: Enabled (32-bit)
 Heap Region Size: 1M
 Heap Min Capacity: 8M
 Heap Initial Capacity: 112M
 Heap Max Capacity: 2G
 Pre-touch: Disabled
 Parallel Workers: 8
 Concurrent Workers: 2
 Concurrent Refinement Workers: 8
 Periodic GC: Disabled

Heap:
 garbage-first heap   total 429056K, used 360448K [0x0000000080000000, 0x0000000100000000)
  region size 1024K, 9 young (9216K), 8 survivors (8192K)
 Metaspace       used 131974K, committed 134208K, reserved 1179648K
  class space    used 18425K, committed 19520K, reserved 1048576K

Heap Regions: E=young(eden), S=young(survivor), O=old, HS=humongous(starts), HC=humongous(continues), CS=collection set, F=free, TAMS=top-at-mark-start, PB=parsable bottom
|   0|0x0000000080000000, 0x0000000080100000, 0x0000000080100000|100%|HS|  |TAMS 0x0000000080100000| PB 0x0000000080000000| Complete 
|   1|0x0000000080100000, 0x0000000080200000, 0x0000000080200000|100%|HC|  |TAMS 0x0000000080200000| PB 0x0000000080100000| Complete 
|   2|0x0000000080200000, 0x0000000080300000, 0x0000000080300000|100%|HC|  |TAMS 0x0000000080300000| PB 0x0000000080200000| Complete 
|   3|0x0000000080300000, 0x0000000080400000, 0x0000000080400000|100%| O|  |TAMS 0x0000000080400000| PB 0x0000000080400000| Untracked 
|   4|0x0000000080400000, 0x0000000080500000, 0x0000000080500000|100%| O|  |TAMS 0x0000000080500000| PB 0x0000000080500000| Untracked 
|   5|0x0000000080500000, 0x0000000080600000, 0x0000000080600000|100%| O|  |TAMS 0x0000000080600000| PB 0x0000000080600000| Untracked 
|   6|0x0000000080600000, 0x0000000080700000, 0x0000000080700000|100%|HS|  |TAMS 0x0000000080700000| PB 0x0000000080600000| Complete 
|   7|0x0000000080700000, 0x0000000080800000, 0x0000000080800000|100%| O|  |TAMS 0x0000000080800000| PB 0x0000000080800000| Untracked 
|   8|0x0000000080800000, 0x0000000080900000, 0x0000000080900000|100%| O|  |TAMS 0x0000000080900000| PB 0x0000000080900000| Untracked 
|   9|0x0000000080900000, 0x0000000080a00000, 0x0000000080a00000|100%| O|  |TAMS 0x0000000080a00000| PB 0x0000000080a00000| Untracked 
|  10|0x0000000080a00000, 0x0000000080b00000, 0x0000000080b00000|100%| O|  |TAMS 0x0000000080b00000| PB 0x0000000080b00000| Untracked 
|  11|0x0000000080b00000, 0x0000000080c00000, 0x0000000080c00000|100%| O|  |TAMS 0x0000000080c00000| PB 0x0000000080c00000| Untracked 
|  12|0x0000000080c00000, 0x0000000080d00000, 0x0000000080d00000|100%| O|  |TAMS 0x0000000080d00000| PB 0x0000000080d00000| Untracked 
|  13|0x0000000080d00000, 0x0000000080e00000, 0x0000000080e00000|100%| O|  |TAMS 0x0000000080e00000| PB 0x0000000080e00000| Untracked 
|  14|0x0000000080e00000, 0x0000000080f00000, 0x0000000080f00000|100%| O|  |TAMS 0x0000000080f00000| PB 0x0000000080f00000| Untracked 
|  15|0x0000000080f00000, 0x0000000081000000, 0x0000000081000000|100%| O|  |TAMS 0x0000000081000000| PB 0x0000000081000000| Untracked 
|  16|0x0000000081000000, 0x0000000081100000, 0x0000000081100000|100%| O|  |TAMS 0x0000000081100000| PB 0x0000000081100000| Untracked 
|  17|0x0000000081100000, 0x0000000081200000, 0x0000000081200000|100%| O|  |TAMS 0x0000000081200000| PB 0x0000000081200000| Untracked 
|  18|0x0000000081200000, 0x0000000081300000, 0x0000000081300000|100%| O|  |TAMS 0x0000000081300000| PB 0x0000000081300000| Untracked 
|  19|0x0000000081300000, 0x0000000081400000, 0x0000000081400000|100%| O|  |TAMS 0x0000000081400000| PB 0x0000000081400000| Untracked 
|  20|0x0000000081400000, 0x0000000081500000, 0x0000000081500000|100%| O|  |TAMS 0x0000000081500000| PB 0x0000000081500000| Untracked 
|  21|0x0000000081500000, 0x0000000081600000, 0x0000000081600000|100%| O|  |TAMS 0x0000000081600000| PB 0x0000000081600000| Updating 
|  22|0x0000000081600000, 0x0000000081700000, 0x0000000081700000|100%| O|  |TAMS 0x0000000081700000| PB 0x0000000081700000| Updating 
|  23|0x0000000081700000, 0x0000000081800000, 0x0000000081800000|100%|HS|  |TAMS 0x0000000081800000| PB 0x0000000081700000| Complete 
|  24|0x0000000081800000, 0x0000000081900000, 0x0000000081900000|100%|HC|  |TAMS 0x0000000081900000| PB 0x0000000081800000| Complete 
|  25|0x0000000081900000, 0x0000000081a00000, 0x0000000081a00000|100%| O|  |TAMS 0x0000000081a00000| PB 0x0000000081a00000| Untracked 
|  26|0x0000000081a00000, 0x0000000081b00000, 0x0000000081b00000|100%| O|  |TAMS 0x0000000081b00000| PB 0x0000000081b00000| Untracked 
|  27|0x0000000081b00000, 0x0000000081c00000, 0x0000000081c00000|100%| O|  |TAMS 0x0000000081c00000| PB 0x0000000081c00000| Untracked 
|  28|0x0000000081c00000, 0x0000000081d00000, 0x0000000081d00000|100%| O|  |TAMS 0x0000000081d00000| PB 0x0000000081d00000| Untracked 
|  29|0x0000000081d00000, 0x0000000081e00000, 0x0000000081e00000|100%| O|  |TAMS 0x0000000081e00000| PB 0x0000000081e00000| Untracked 
|  30|0x0000000081e00000, 0x0000000081f00000, 0x0000000081f00000|100%| O|  |TAMS 0x0000000081f00000| PB 0x0000000081f00000| Untracked 
|  31|0x0000000081f00000, 0x0000000082000000, 0x0000000082000000|100%| O|  |TAMS 0x0000000082000000| PB 0x0000000082000000| Untracked 
|  32|0x0000000082000000, 0x0000000082100000, 0x0000000082100000|100%| O|  |TAMS 0x0000000082100000| PB 0x0000000082100000| Untracked 
|  33|0x0000000082100000, 0x0000000082200000, 0x0000000082200000|100%|HS|  |TAMS 0x0000000082200000| PB 0x0000000082100000| Complete 
|  34|0x0000000082200000, 0x0000000082300000, 0x0000000082300000|100%| O|  |TAMS 0x0000000082300000| PB 0x0000000082300000| Untracked 
|  35|0x0000000082300000, 0x0000000082400000, 0x0000000082400000|100%| O|  |TAMS 0x0000000082400000| PB 0x0000000082400000| Untracked 
|  36|0x0000000082400000, 0x0000000082500000, 0x0000000082500000|100%| O|  |TAMS 0x0000000082500000| PB 0x0000000082500000| Untracked 
|  37|0x0000000082500000, 0x0000000082600000, 0x0000000082600000|100%| O|  |TAMS 0x0000000082600000| PB 0x0000000082600000| Untracked 
|  38|0x0000000082600000, 0x0000000082700000, 0x0000000082700000|100%| O|  |TAMS 0x0000000082700000| PB 0x0000000082700000| Updating 
|  39|0x0000000082700000, 0x0000000082800000, 0x0000000082800000|100%| O|  |TAMS 0x0000000082800000| PB 0x0000000082800000| Updating 
|  40|0x0000000082800000, 0x0000000082900000, 0x0000000082900000|100%| O|  |TAMS 0x0000000082900000| PB 0x0000000082900000| Untracked 
|  41|0x0000000082900000, 0x0000000082a00000, 0x0000000082a00000|100%| O|  |TAMS 0x0000000082a00000| PB 0x0000000082a00000| Untracked 
|  42|0x0000000082a00000, 0x0000000082b00000, 0x0000000082b00000|100%| O|  |TAMS 0x0000000082b00000| PB 0x0000000082b00000| Untracked 
|  43|0x0000000082b00000, 0x0000000082c00000, 0x0000000082c00000|100%| O|  |TAMS 0x0000000082c00000| PB 0x0000000082c00000| Untracked 
|  44|0x0000000082c00000, 0x0000000082d00000, 0x0000000082d00000|100%| O|  |TAMS 0x0000000082d00000| PB 0x0000000082d00000| Untracked 
|  45|0x0000000082d00000, 0x0000000082e00000, 0x0000000082e00000|100%| O|  |TAMS 0x0000000082e00000| PB 0x0000000082e00000| Untracked 
|  46|0x0000000082e00000, 0x0000000082f00000, 0x0000000082f00000|100%| O|  |TAMS 0x0000000082f00000| PB 0x0000000082f00000| Untracked 
|  47|0x0000000082f00000, 0x0000000083000000, 0x0000000083000000|100%| O|  |TAMS 0x0000000083000000| PB 0x0000000083000000| Untracked 
|  48|0x0000000083000000, 0x0000000083100000, 0x0000000083100000|100%| O|  |TAMS 0x0000000083100000| PB 0x0000000083100000| Untracked 
|  49|0x0000000083100000, 0x0000000083200000, 0x0000000083200000|100%| O|  |TAMS 0x0000000083200000| PB 0x0000000083200000| Untracked 
|  50|0x0000000083200000, 0x0000000083300000, 0x0000000083300000|100%| O|  |TAMS 0x0000000083300000| PB 0x0000000083300000| Untracked 
|  51|0x0000000083300000, 0x0000000083400000, 0x0000000083400000|100%| O|  |TAMS 0x0000000083400000| PB 0x0000000083400000| Untracked 
|  52|0x0000000083400000, 0x0000000083500000, 0x0000000083500000|100%| O|  |TAMS 0x0000000083500000| PB 0x0000000083500000| Untracked 
|  53|0x0000000083500000, 0x0000000083600000, 0x0000000083600000|100%| O|  |TAMS 0x0000000083600000| PB 0x0000000083600000| Untracked 
|  54|0x0000000083600000, 0x0000000083700000, 0x0000000083700000|100%| O|  |TAMS 0x0000000083700000| PB 0x0000000083700000| Untracked 
|  55|0x0000000083700000, 0x0000000083800000, 0x0000000083800000|100%| O|  |TAMS 0x0000000083800000| PB 0x0000000083800000| Updating 
|  56|0x0000000083800000, 0x0000000083900000, 0x0000000083900000|100%|HS|  |TAMS 0x0000000083900000| PB 0x0000000083800000| Complete 
|  57|0x0000000083900000, 0x0000000083a00000, 0x0000000083a00000|100%|HC|  |TAMS 0x0000000083a00000| PB 0x0000000083900000| Complete 
|  58|0x0000000083a00000, 0x0000000083b00000, 0x0000000083b00000|100%|HS|  |TAMS 0x0000000083b00000| PB 0x0000000083a00000| Complete 
|  59|0x0000000083b00000, 0x0000000083c00000, 0x0000000083c00000|100%|HS|  |TAMS 0x0000000083c00000| PB 0x0000000083b00000| Complete 
|  60|0x0000000083c00000, 0x0000000083d00000, 0x0000000083d00000|100%|HS|  |TAMS 0x0000000083d00000| PB 0x0000000083c00000| Complete 
|  61|0x0000000083d00000, 0x0000000083e00000, 0x0000000083e00000|100%| O|  |TAMS 0x0000000083e00000| PB 0x0000000083e00000| Untracked 
|  62|0x0000000083e00000, 0x0000000083f00000, 0x0000000083f00000|100%| O|  |TAMS 0x0000000083f00000| PB 0x0000000083f00000| Untracked 
|  63|0x0000000083f00000, 0x0000000084000000, 0x0000000084000000|100%| O|  |TAMS 0x0000000084000000| PB 0x0000000084000000| Untracked 
|  64|0x0000000084000000, 0x0000000084100000, 0x0000000084100000|100%| O|  |TAMS 0x0000000084100000| PB 0x0000000084100000| Untracked 
|  65|0x0000000084100000, 0x0000000084200000, 0x0000000084200000|100%| O|  |TAMS 0x0000000084200000| PB 0x0000000084200000| Updating 
|  66|0x0000000084200000, 0x0000000084300000, 0x0000000084300000|100%|HS|  |TAMS 0x0000000084300000| PB 0x0000000084200000| Complete 
|  67|0x0000000084300000, 0x0000000084400000, 0x0000000084400000|100%|HC|  |TAMS 0x0000000084400000| PB 0x0000000084300000| Complete 
|  68|0x0000000084400000, 0x0000000084500000, 0x0000000084500000|100%|HC|  |TAMS 0x0000000084500000| PB 0x0000000084400000| Complete 
|  69|0x0000000084500000, 0x0000000084600000, 0x0000000084600000|100%|HC|  |TAMS 0x0000000084600000| PB 0x0000000084500000| Complete 
|  70|0x0000000084600000, 0x0000000084700000, 0x0000000084700000|100%| O|  |TAMS 0x0000000084700000| PB 0x0000000084700000| Updating 
|  71|0x0000000084700000, 0x0000000084800000, 0x0000000084800000|100%| O|  |TAMS 0x0000000084800000| PB 0x0000000084800000| Untracked 
|  72|0x0000000084800000, 0x0000000084900000, 0x0000000084900000|100%|HS|  |TAMS 0x0000000084900000| PB 0x0000000084800000| Complete 
|  73|0x0000000084900000, 0x0000000084a00000, 0x0000000084a00000|100%|HC|  |TAMS 0x0000000084a00000| PB 0x0000000084900000| Complete 
|  74|0x0000000084a00000, 0x0000000084b00000, 0x0000000084b00000|100%|HS|  |TAMS 0x0000000084b00000| PB 0x0000000084a00000| Complete 
|  75|0x0000000084b00000, 0x0000000084c00000, 0x0000000084c00000|100%|HS|  |TAMS 0x0000000084c00000| PB 0x0000000084b00000| Complete 
|  76|0x0000000084c00000, 0x0000000084d00000, 0x0000000084d00000|100%| O|  |TAMS 0x0000000084d00000| PB 0x0000000084d00000| Updating 
|  77|0x0000000084d00000, 0x0000000084e00000, 0x0000000084e00000|100%| O|  |TAMS 0x0000000084e00000| PB 0x0000000084e00000| Untracked 
|  78|0x0000000084e00000, 0x0000000084f00000, 0x0000000084f00000|100%| O|  |TAMS 0x0000000084f00000| PB 0x0000000084f00000| Untracked 
|  79|0x0000000084f00000, 0x0000000085000000, 0x0000000085000000|100%| O|  |TAMS 0x0000000085000000| PB 0x0000000085000000| Untracked 
|  80|0x0000000085000000, 0x0000000085100000, 0x0000000085100000|100%|HS|  |TAMS 0x0000000085100000| PB 0x0000000085000000| Complete 
|  81|0x0000000085100000, 0x0000000085200000, 0x0000000085200000|100%| O|  |TAMS 0x0000000085200000| PB 0x0000000085200000| Untracked 
|  82|0x0000000085200000, 0x0000000085300000, 0x0000000085300000|100%| O|  |TAMS 0x0000000085300000| PB 0x0000000085300000| Untracked 
|  83|0x0000000085300000, 0x0000000085400000, 0x0000000085400000|100%|HS|  |TAMS 0x0000000085400000| PB 0x0000000085300000| Complete 
|  84|0x0000000085400000, 0x0000000085500000, 0x0000000085500000|100%|HC|  |TAMS 0x0000000085500000| PB 0x0000000085400000| Complete 
|  85|0x0000000085500000, 0x0000000085600000, 0x0000000085600000|100%|HC|  |TAMS 0x0000000085600000| PB 0x0000000085500000| Complete 
|  86|0x0000000085600000, 0x0000000085700000, 0x0000000085700000|100%|HC|  |TAMS 0x0000000085700000| PB 0x0000000085600000| Complete 
|  87|0x0000000085700000, 0x0000000085800000, 0x0000000085800000|100%| O|  |TAMS 0x0000000085800000| PB 0x0000000085800000| Updating 
|  88|0x0000000085800000, 0x0000000085900000, 0x0000000085900000|100%| O|  |TAMS 0x0000000085900000| PB 0x0000000085900000| Untracked 
|  89|0x0000000085900000, 0x0000000085a00000, 0x0000000085a00000|100%| O|  |TAMS 0x0000000085a00000| PB 0x0000000085a00000| Untracked 
|  90|0x0000000085a00000, 0x0000000085b00000, 0x0000000085b00000|100%| O|  |TAMS 0x0000000085b00000| PB 0x0000000085b00000| Untracked 
|  91|0x0000000085b00000, 0x0000000085c00000, 0x0000000085c00000|100%| O|  |TAMS 0x0000000085c00000| PB 0x0000000085c00000| Untracked 
|  92|0x0000000085c00000, 0x0000000085d00000, 0x0000000085d00000|100%| O|  |TAMS 0x0000000085d00000| PB 0x0000000085d00000| Untracked 
|  93|0x0000000085d00000, 0x0000000085e00000, 0x0000000085e00000|100%| O|  |TAMS 0x0000000085e00000| PB 0x0000000085e00000| Updating 
|  94|0x0000000085e00000, 0x0000000085f00000, 0x0000000085f00000|100%| O|  |TAMS 0x0000000085f00000| PB 0x0000000085f00000| Updating 
|  95|0x0000000085f00000, 0x0000000086000000, 0x0000000086000000|100%| O|  |TAMS 0x0000000086000000| PB 0x0000000086000000| Updating 
|  96|0x0000000086000000, 0x0000000086100000, 0x0000000086100000|100%| O|  |TAMS 0x0000000086100000| PB 0x0000000086100000| Untracked 
|  97|0x0000000086100000, 0x0000000086200000, 0x0000000086200000|100%| O|  |TAMS 0x0000000086200000| PB 0x0000000086200000| Untracked 
|  98|0x0000000086200000, 0x0000000086300000, 0x0000000086300000|100%| O|  |TAMS 0x0000000086300000| PB 0x0000000086300000| Untracked 
|  99|0x0000000086300000, 0x0000000086400000, 0x0000000086400000|100%| O|  |TAMS 0x0000000086400000| PB 0x0000000086400000| Untracked 
| 100|0x0000000086400000, 0x0000000086500000, 0x0000000086500000|100%| O|  |TAMS 0x0000000086500000| PB 0x0000000086500000| Untracked 
| 101|0x0000000086500000, 0x0000000086600000, 0x0000000086600000|100%| O|  |TAMS 0x0000000086600000| PB 0x0000000086600000| Updating 
| 102|0x0000000086600000, 0x0000000086700000, 0x0000000086700000|100%| O|  |TAMS 0x0000000086700000| PB 0x0000000086700000| Untracked 
| 103|0x0000000086700000, 0x0000000086800000, 0x0000000086800000|100%| O|  |TAMS 0x0000000086800000| PB 0x0000000086800000| Updating 
| 104|0x0000000086800000, 0x0000000086900000, 0x0000000086900000|100%| O|  |TAMS 0x0000000086900000| PB 0x0000000086900000| Untracked 
| 105|0x0000000086900000, 0x0000000086a00000, 0x0000000086a00000|100%| O|  |TAMS 0x0000000086a00000| PB 0x0000000086a00000| Updating 
| 106|0x0000000086a00000, 0x0000000086b00000, 0x0000000086b00000|100%| O|  |TAMS 0x0000000086b00000| PB 0x0000000086b00000| Untracked 
| 107|0x0000000086b00000, 0x0000000086c00000, 0x0000000086c00000|100%| O|  |TAMS 0x0000000086c00000| PB 0x0000000086c00000| Untracked 
| 108|0x0000000086c00000, 0x0000000086d00000, 0x0000000086d00000|100%| O|  |TAMS 0x0000000086d00000| PB 0x0000000086d00000| Untracked 
| 109|0x0000000086d00000, 0x0000000086e00000, 0x0000000086e00000|100%| O|  |TAMS 0x0000000086e00000| PB 0x0000000086e00000| Untracked 
| 110|0x0000000086e00000, 0x0000000086f00000, 0x0000000086f00000|100%| O|  |TAMS 0x0000000086f00000| PB 0x0000000086f00000| Untracked 
| 111|0x0000000086f00000, 0x0000000087000000, 0x0000000087000000|100%| O|  |TAMS 0x0000000087000000| PB 0x0000000087000000| Untracked 
| 112|0x0000000087000000, 0x0000000087100000, 0x0000000087100000|100%| O|  |TAMS 0x0000000087100000| PB 0x0000000087100000| Untracked 
| 113|0x0000000087100000, 0x0000000087200000, 0x0000000087200000|100%| O|  |TAMS 0x0000000087200000| PB 0x0000000087200000| Untracked 
| 114|0x0000000087200000, 0x0000000087300000, 0x0000000087300000|100%| O|  |TAMS 0x0000000087300000| PB 0x0000000087300000| Untracked 
| 115|0x0000000087300000, 0x0000000087400000, 0x0000000087400000|100%| O|  |TAMS 0x0000000087400000| PB 0x0000000087400000| Untracked 
| 116|0x0000000087400000, 0x0000000087500000, 0x0000000087500000|100%| O|  |TAMS 0x0000000087500000| PB 0x0000000087500000| Updating 
| 117|0x0000000087500000, 0x0000000087600000, 0x0000000087600000|100%| O|  |TAMS 0x0000000087600000| PB 0x0000000087600000| Untracked 
| 118|0x0000000087600000, 0x0000000087700000, 0x0000000087700000|100%| O|  |TAMS 0x0000000087700000| PB 0x0000000087700000| Untracked 
| 119|0x0000000087700000, 0x0000000087800000, 0x0000000087800000|100%| O|  |TAMS 0x0000000087800000| PB 0x0000000087800000| Updating 
| 120|0x0000000087800000, 0x0000000087900000, 0x0000000087900000|100%| O|  |TAMS 0x0000000087900000| PB 0x0000000087900000| Untracked 
| 121|0x0000000087900000, 0x0000000087a00000, 0x0000000087a00000|100%| O|  |TAMS 0x0000000087a00000| PB 0x0000000087a00000| Untracked 
| 122|0x0000000087a00000, 0x0000000087b00000, 0x0000000087b00000|100%| O|  |TAMS 0x0000000087b00000| PB 0x0000000087b00000| Untracked 
| 123|0x0000000087b00000, 0x0000000087c00000, 0x0000000087c00000|100%| O|  |TAMS 0x0000000087c00000| PB 0x0000000087c00000| Untracked 
| 124|0x0000000087c00000, 0x0000000087d00000, 0x0000000087d00000|100%| O|  |TAMS 0x0000000087d00000| PB 0x0000000087d00000| Untracked 
| 125|0x0000000087d00000, 0x0000000087e00000, 0x0000000087e00000|100%| O|  |TAMS 0x0000000087e00000| PB 0x0000000087e00000| Untracked 
| 126|0x0000000087e00000, 0x0000000087f00000, 0x0000000087f00000|100%| O|  |TAMS 0x0000000087f00000| PB 0x0000000087f00000| Untracked 
| 127|0x0000000087f00000, 0x0000000088000000, 0x0000000088000000|100%| O|  |TAMS 0x0000000088000000| PB 0x0000000088000000| Updating 
| 128|0x0000000088000000, 0x0000000088100000, 0x0000000088100000|100%| O|  |TAMS 0x0000000088100000| PB 0x0000000088100000| Untracked 
| 129|0x0000000088100000, 0x0000000088200000, 0x0000000088200000|100%| O|  |TAMS 0x0000000088200000| PB 0x0000000088200000| Updating 
| 130|0x0000000088200000, 0x0000000088300000, 0x0000000088300000|100%| O|  |TAMS 0x0000000088300000| PB 0x0000000088300000| Untracked 
| 131|0x0000000088300000, 0x0000000088400000, 0x0000000088400000|100%| O|  |TAMS 0x0000000088400000| PB 0x0000000088400000| Untracked 
| 132|0x0000000088400000, 0x0000000088500000, 0x0000000088500000|100%| O|  |TAMS 0x0000000088500000| PB 0x0000000088500000| Untracked 
| 133|0x0000000088500000, 0x0000000088600000, 0x0000000088600000|100%| O|  |TAMS 0x0000000088600000| PB 0x0000000088600000| Updating 
| 134|0x0000000088600000, 0x0000000088700000, 0x0000000088700000|100%| O|  |TAMS 0x0000000088700000| PB 0x0000000088700000| Untracked 
| 135|0x0000000088700000, 0x0000000088800000, 0x0000000088800000|100%| O|  |TAMS 0x0000000088800000| PB 0x0000000088800000| Updating 
| 136|0x0000000088800000, 0x0000000088900000, 0x0000000088900000|100%|HS|  |TAMS 0x0000000088900000| PB 0x0000000088800000| Complete 
| 137|0x0000000088900000, 0x0000000088a00000, 0x0000000088a00000|100%|HC|  |TAMS 0x0000000088a00000| PB 0x0000000088900000| Complete 
| 138|0x0000000088a00000, 0x0000000088b00000, 0x0000000088b00000|100%|HS|  |TAMS 0x0000000088b00000| PB 0x0000000088a00000| Complete 
| 139|0x0000000088b00000, 0x0000000088c00000, 0x0000000088c00000|100%|HS|  |TAMS 0x0000000088c00000| PB 0x0000000088b00000| Complete 
| 140|0x0000000088c00000, 0x0000000088d00000, 0x0000000088d00000|100%|HC|  |TAMS 0x0000000088d00000| PB 0x0000000088c00000| Complete 
| 141|0x0000000088d00000, 0x0000000088e00000, 0x0000000088e00000|100%|HC|  |TAMS 0x0000000088e00000| PB 0x0000000088d00000| Complete 
| 142|0x0000000088e00000, 0x0000000088f00000, 0x0000000088f00000|100%|HC|  |TAMS 0x0000000088f00000| PB 0x0000000088e00000| Complete 
| 143|0x0000000088f00000, 0x0000000089000000, 0x0000000089000000|100%|HS|  |TAMS 0x0000000089000000| PB 0x0000000088f00000| Complete 
| 144|0x0000000089000000, 0x0000000089100000, 0x0000000089100000|100%|HC|  |TAMS 0x0000000089100000| PB 0x0000000089000000| Complete 
| 145|0x0000000089100000, 0x0000000089200000, 0x0000000089200000|100%|HS|  |TAMS 0x0000000089200000| PB 0x0000000089100000| Complete 
| 146|0x0000000089200000, 0x0000000089300000, 0x0000000089300000|100%|HS|  |TAMS 0x0000000089300000| PB 0x0000000089200000| Complete 
| 147|0x0000000089300000, 0x0000000089400000, 0x0000000089400000|100%|HC|  |TAMS 0x0000000089400000| PB 0x0000000089300000| Complete 
| 148|0x0000000089400000, 0x0000000089500000, 0x0000000089500000|100%|HC|  |TAMS 0x0000000089500000| PB 0x0000000089400000| Complete 
| 149|0x0000000089500000, 0x0000000089600000, 0x0000000089600000|100%|HC|  |TAMS 0x0000000089600000| PB 0x0000000089500000| Complete 
| 150|0x0000000089600000, 0x0000000089700000, 0x0000000089700000|100%|HS|  |TAMS 0x0000000089700000| PB 0x0000000089600000| Complete 
| 151|0x0000000089700000, 0x0000000089800000, 0x0000000089800000|100%| O|  |TAMS 0x0000000089800000| PB 0x0000000089800000| Untracked 
| 152|0x0000000089800000, 0x0000000089900000, 0x0000000089900000|100%| O|  |TAMS 0x0000000089900000| PB 0x0000000089900000| Updating 
| 153|0x0000000089900000, 0x0000000089900000, 0x0000000089a00000|  0%| F|  |TAMS 0x0000000089900000| PB 0x0000000089900000| Untracked 
| 154|0x0000000089a00000, 0x0000000089b00000, 0x0000000089b00000|100%|HS|  |TAMS 0x0000000089b00000| PB 0x0000000089a00000| Complete 
| 155|0x0000000089b00000, 0x0000000089c00000, 0x0000000089c00000|100%|HC|  |TAMS 0x0000000089c00000| PB 0x0000000089b00000| Complete 
| 156|0x0000000089c00000, 0x0000000089d00000, 0x0000000089d00000|100%|HS|  |TAMS 0x0000000089d00000| PB 0x0000000089c00000| Complete 
| 157|0x0000000089d00000, 0x0000000089e00000, 0x0000000089e00000|100%|HS|  |TAMS 0x0000000089e00000| PB 0x0000000089d00000| Complete 
| 158|0x0000000089e00000, 0x0000000089f00000, 0x0000000089f00000|100%|HS|  |TAMS 0x0000000089f00000| PB 0x0000000089e00000| Complete 
| 159|0x0000000089f00000, 0x000000008a000000, 0x000000008a000000|100%|HS|  |TAMS 0x000000008a000000| PB 0x0000000089f00000| Complete 
| 160|0x000000008a000000, 0x000000008a100000, 0x000000008a100000|100%|HS|  |TAMS 0x000000008a100000| PB 0x000000008a000000| Complete 
| 161|0x000000008a100000, 0x000000008a200000, 0x000000008a200000|100%|HC|  |TAMS 0x000000008a200000| PB 0x000000008a100000| Complete 
| 162|0x000000008a200000, 0x000000008a300000, 0x000000008a300000|100%|HC|  |TAMS 0x000000008a300000| PB 0x000000008a200000| Complete 
| 163|0x000000008a300000, 0x000000008a400000, 0x000000008a400000|100%|HS|  |TAMS 0x000000008a400000| PB 0x000000008a300000| Complete 
| 164|0x000000008a400000, 0x000000008a500000, 0x000000008a500000|100%|HC|  |TAMS 0x000000008a500000| PB 0x000000008a400000| Complete 
| 165|0x000000008a500000, 0x000000008a600000, 0x000000008a600000|100%|HS|  |TAMS 0x000000008a600000| PB 0x000000008a500000| Complete 
| 166|0x000000008a600000, 0x000000008a700000, 0x000000008a700000|100%|HC|  |TAMS 0x000000008a700000| PB 0x000000008a600000| Complete 
| 167|0x000000008a700000, 0x000000008a800000, 0x000000008a800000|100%|HS|  |TAMS 0x000000008a800000| PB 0x000000008a700000| Complete 
| 168|0x000000008a800000, 0x000000008a900000, 0x000000008a900000|100%|HC|  |TAMS 0x000000008a900000| PB 0x000000008a800000| Complete 
| 169|0x000000008a900000, 0x000000008aa00000, 0x000000008aa00000|100%|HS|  |TAMS 0x000000008aa00000| PB 0x000000008a900000| Complete 
| 170|0x000000008aa00000, 0x000000008ab00000, 0x000000008ab00000|100%|HC|  |TAMS 0x000000008ab00000| PB 0x000000008aa00000| Complete 
| 171|0x000000008ab00000, 0x000000008ac00000, 0x000000008ac00000|100%|HS|  |TAMS 0x000000008ac00000| PB 0x000000008ab00000| Complete 
| 172|0x000000008ac00000, 0x000000008ad00000, 0x000000008ad00000|100%|HC|  |TAMS 0x000000008ad00000| PB 0x000000008ac00000| Complete 
| 173|0x000000008ad00000, 0x000000008ae00000, 0x000000008ae00000|100%|HC|  |TAMS 0x000000008ae00000| PB 0x000000008ad00000| Complete 
| 174|0x000000008ae00000, 0x000000008af00000, 0x000000008af00000|100%|HS|  |TAMS 0x000000008af00000| PB 0x000000008ae00000| Complete 
| 175|0x000000008af00000, 0x000000008b000000, 0x000000008b000000|100%|HC|  |TAMS 0x000000008b000000| PB 0x000000008af00000| Complete 
| 176|0x000000008b000000, 0x000000008b100000, 0x000000008b100000|100%|HS|  |TAMS 0x000000008b100000| PB 0x000000008b000000| Complete 
| 177|0x000000008b100000, 0x000000008b200000, 0x000000008b200000|100%|HC|  |TAMS 0x000000008b200000| PB 0x000000008b100000| Complete 
| 178|0x000000008b200000, 0x000000008b300000, 0x000000008b300000|100%|HS|  |TAMS 0x000000008b300000| PB 0x000000008b200000| Complete 
| 179|0x000000008b300000, 0x000000008b400000, 0x000000008b400000|100%| O|  |TAMS 0x000000008b400000| PB 0x000000008b400000| Untracked 
| 180|0x000000008b400000, 0x000000008b500000, 0x000000008b500000|100%| O|  |TAMS 0x000000008b500000| PB 0x000000008b500000| Untracked 
| 181|0x000000008b500000, 0x000000008b600000, 0x000000008b600000|100%| O|  |TAMS 0x000000008b600000| PB 0x000000008b600000| Untracked 
| 182|0x000000008b600000, 0x000000008b700000, 0x000000008b700000|100%|HS|  |TAMS 0x000000008b700000| PB 0x000000008b600000| Complete 
| 183|0x000000008b700000, 0x000000008b800000, 0x000000008b800000|100%|HC|  |TAMS 0x000000008b800000| PB 0x000000008b700000| Complete 
| 184|0x000000008b800000, 0x000000008b900000, 0x000000008b900000|100%|HC|  |TAMS 0x000000008b900000| PB 0x000000008b800000| Complete 
| 185|0x000000008b900000, 0x000000008ba00000, 0x000000008ba00000|100%|HC|  |TAMS 0x000000008ba00000| PB 0x000000008b900000| Complete 
| 186|0x000000008ba00000, 0x000000008bb00000, 0x000000008bb00000|100%|HS|  |TAMS 0x000000008bb00000| PB 0x000000008ba00000| Complete 
| 187|0x000000008bb00000, 0x000000008bc00000, 0x000000008bc00000|100%|HC|  |TAMS 0x000000008bc00000| PB 0x000000008bb00000| Complete 
| 188|0x000000008bc00000, 0x000000008bd00000, 0x000000008bd00000|100%|HC|  |TAMS 0x000000008bd00000| PB 0x000000008bc00000| Complete 
| 189|0x000000008bd00000, 0x000000008be00000, 0x000000008be00000|100%|HS|  |TAMS 0x000000008be00000| PB 0x000000008bd00000| Complete 
| 190|0x000000008be00000, 0x000000008bf00000, 0x000000008bf00000|100%|HC|  |TAMS 0x000000008bf00000| PB 0x000000008be00000| Complete 
| 191|0x000000008bf00000, 0x000000008c000000, 0x000000008c000000|100%| O|  |TAMS 0x000000008c000000| PB 0x000000008c000000| Untracked 
| 192|0x000000008c000000, 0x000000008c100000, 0x000000008c100000|100%|HS|  |TAMS 0x000000008c100000| PB 0x000000008c000000| Complete 
| 193|0x000000008c100000, 0x000000008c200000, 0x000000008c200000|100%| O|  |TAMS 0x000000008c200000| PB 0x000000008c200000| Untracked 
| 194|0x000000008c200000, 0x000000008c300000, 0x000000008c300000|100%| O|  |TAMS 0x000000008c300000| PB 0x000000008c300000| Untracked 
| 195|0x000000008c300000, 0x000000008c400000, 0x000000008c400000|100%|HS|  |TAMS 0x000000008c400000| PB 0x000000008c300000| Complete 
| 196|0x000000008c400000, 0x000000008c500000, 0x000000008c500000|100%|HC|  |TAMS 0x000000008c500000| PB 0x000000008c400000| Complete 
| 197|0x000000008c500000, 0x000000008c600000, 0x000000008c600000|100%| O|  |TAMS 0x000000008c600000| PB 0x000000008c600000| Untracked 
| 198|0x000000008c600000, 0x000000008c700000, 0x000000008c700000|100%| O|  |TAMS 0x000000008c700000| PB 0x000000008c700000| Untracked 
| 199|0x000000008c700000, 0x000000008c800000, 0x000000008c800000|100%|HS|  |TAMS 0x000000008c800000| PB 0x000000008c700000| Complete 
| 200|0x000000008c800000, 0x000000008c900000, 0x000000008c900000|100%|HC|  |TAMS 0x000000008c900000| PB 0x000000008c800000| Complete 
| 201|0x000000008c900000, 0x000000008ca00000, 0x000000008ca00000|100%|HC|  |TAMS 0x000000008ca00000| PB 0x000000008c900000| Complete 
| 202|0x000000008ca00000, 0x000000008cb00000, 0x000000008cb00000|100%|HC|  |TAMS 0x000000008cb00000| PB 0x000000008ca00000| Complete 
| 203|0x000000008cb00000, 0x000000008cc00000, 0x000000008cc00000|100%| O|  |TAMS 0x000000008cc00000| PB 0x000000008cc00000| Untracked 
| 204|0x000000008cc00000, 0x000000008cd00000, 0x000000008cd00000|100%|HS|  |TAMS 0x000000008cd00000| PB 0x000000008cc00000| Complete 
| 205|0x000000008cd00000, 0x000000008ce00000, 0x000000008ce00000|100%|HS|  |TAMS 0x000000008ce00000| PB 0x000000008cd00000| Complete 
| 206|0x000000008ce00000, 0x000000008cf00000, 0x000000008cf00000|100%|HC|  |TAMS 0x000000008cf00000| PB 0x000000008ce00000| Complete 
| 207|0x000000008cf00000, 0x000000008d000000, 0x000000008d000000|100%| O|  |TAMS 0x000000008d000000| PB 0x000000008d000000| Untracked 
| 208|0x000000008d000000, 0x000000008d100000, 0x000000008d100000|100%| O|  |TAMS 0x000000008d100000| PB 0x000000008d100000| Untracked 
| 209|0x000000008d100000, 0x000000008d200000, 0x000000008d200000|100%|HS|  |TAMS 0x000000008d200000| PB 0x000000008d100000| Complete 
| 210|0x000000008d200000, 0x000000008d300000, 0x000000008d300000|100%|HC|  |TAMS 0x000000008d300000| PB 0x000000008d200000| Complete 
| 211|0x000000008d300000, 0x000000008d400000, 0x000000008d400000|100%| O|  |TAMS 0x000000008d400000| PB 0x000000008d400000| Untracked 
| 212|0x000000008d400000, 0x000000008d500000, 0x000000008d500000|100%| O|  |TAMS 0x000000008d500000| PB 0x000000008d500000| Untracked 
| 213|0x000000008d500000, 0x000000008d600000, 0x000000008d600000|100%|HS|  |TAMS 0x000000008d600000| PB 0x000000008d500000| Complete 
| 214|0x000000008d600000, 0x000000008d700000, 0x000000008d700000|100%|HC|  |TAMS 0x000000008d700000| PB 0x000000008d600000| Complete 
| 215|0x000000008d700000, 0x000000008d800000, 0x000000008d800000|100%| O|  |TAMS 0x000000008d800000| PB 0x000000008d800000| Untracked 
| 216|0x000000008d800000, 0x000000008d900000, 0x000000008d900000|100%| O|  |TAMS 0x000000008d900000| PB 0x000000008d900000| Untracked 
| 217|0x000000008d900000, 0x000000008da00000, 0x000000008da00000|100%| O|  |TAMS 0x000000008da00000| PB 0x000000008da00000| Untracked 
| 218|0x000000008da00000, 0x000000008db00000, 0x000000008db00000|100%| O|  |TAMS 0x000000008db00000| PB 0x000000008db00000| Untracked 
| 219|0x000000008db00000, 0x000000008dc00000, 0x000000008dc00000|100%| O|  |TAMS 0x000000008dc00000| PB 0x000000008dc00000| Untracked 
| 220|0x000000008dc00000, 0x000000008dd00000, 0x000000008dd00000|100%| O|  |TAMS 0x000000008dd00000| PB 0x000000008dd00000| Untracked 
| 221|0x000000008dd00000, 0x000000008de00000, 0x000000008de00000|100%|HS|  |TAMS 0x000000008de00000| PB 0x000000008dd00000| Complete 
| 222|0x000000008de00000, 0x000000008df00000, 0x000000008df00000|100%|HC|  |TAMS 0x000000008df00000| PB 0x000000008de00000| Complete 
| 223|0x000000008df00000, 0x000000008e000000, 0x000000008e000000|100%|HC|  |TAMS 0x000000008e000000| PB 0x000000008df00000| Complete 
| 224|0x000000008e000000, 0x000000008e000000, 0x000000008e100000|  0%| F|  |TAMS 0x000000008e000000| PB 0x000000008e000000| Untracked 
| 225|0x000000008e100000, 0x000000008e200000, 0x000000008e200000|100%| O|  |TAMS 0x000000008e200000| PB 0x000000008e200000| Untracked 
| 226|0x000000008e200000, 0x000000008e300000, 0x000000008e300000|100%| O|  |TAMS 0x000000008e300000| PB 0x000000008e300000| Untracked 
| 227|0x000000008e300000, 0x000000008e400000, 0x000000008e400000|100%| O|  |TAMS 0x000000008e400000| PB 0x000000008e400000| Updating 
| 228|0x000000008e400000, 0x000000008e500000, 0x000000008e500000|100%| O|  |TAMS 0x000000008e500000| PB 0x000000008e500000| Updating 
| 229|0x000000008e500000, 0x000000008e600000, 0x000000008e600000|100%| O|  |TAMS 0x000000008e600000| PB 0x000000008e600000| Updating 
| 230|0x000000008e600000, 0x000000008e700000, 0x000000008e700000|100%| O|  |TAMS 0x000000008e700000| PB 0x000000008e700000| Untracked 
| 231|0x000000008e700000, 0x000000008e800000, 0x000000008e800000|100%| O|  |TAMS 0x000000008e800000| PB 0x000000008e800000| Updating 
| 232|0x000000008e800000, 0x000000008e900000, 0x000000008e900000|100%| O|  |TAMS 0x000000008e900000| PB 0x000000008e900000| Updating 
| 233|0x000000008e900000, 0x000000008ea00000, 0x000000008ea00000|100%| O|  |TAMS 0x000000008ea00000| PB 0x000000008ea00000| Updating 
| 234|0x000000008ea00000, 0x000000008eb00000, 0x000000008eb00000|100%| O|  |TAMS 0x000000008eb00000| PB 0x000000008eb00000| Updating 
| 235|0x000000008eb00000, 0x000000008ec00000, 0x000000008ec00000|100%| O|  |TAMS 0x000000008ec00000| PB 0x000000008ec00000| Updating 
| 236|0x000000008ec00000, 0x000000008ed00000, 0x000000008ed00000|100%| O|  |TAMS 0x000000008ed00000| PB 0x000000008ed00000| Untracked 
| 237|0x000000008ed00000, 0x000000008ee00000, 0x000000008ee00000|100%| O|  |TAMS 0x000000008ee00000| PB 0x000000008ee00000| Untracked 
| 238|0x000000008ee00000, 0x000000008ef00000, 0x000000008ef00000|100%| O|  |TAMS 0x000000008ef00000| PB 0x000000008ef00000| Untracked 
| 239|0x000000008ef00000, 0x000000008f000000, 0x000000008f000000|100%| O|  |TAMS 0x000000008f000000| PB 0x000000008f000000| Untracked 
| 240|0x000000008f000000, 0x000000008f100000, 0x000000008f100000|100%| O|  |TAMS 0x000000008f100000| PB 0x000000008f100000| Untracked 
| 241|0x000000008f100000, 0x000000008f200000, 0x000000008f200000|100%| O|  |TAMS 0x000000008f200000| PB 0x000000008f200000| Untracked 
| 242|0x000000008f200000, 0x000000008f300000, 0x000000008f300000|100%| O|  |TAMS 0x000000008f300000| PB 0x000000008f300000| Untracked 
| 243|0x000000008f300000, 0x000000008f400000, 0x000000008f400000|100%| O|  |TAMS 0x000000008f400000| PB 0x000000008f400000| Untracked 
| 244|0x000000008f400000, 0x000000008f500000, 0x000000008f500000|100%| O|  |TAMS 0x000000008f500000| PB 0x000000008f500000| Untracked 
| 245|0x000000008f500000, 0x000000008f600000, 0x000000008f600000|100%| O|  |TAMS 0x000000008f600000| PB 0x000000008f600000| Untracked 
| 246|0x000000008f600000, 0x000000008f700000, 0x000000008f700000|100%| O|  |TAMS 0x000000008f700000| PB 0x000000008f700000| Untracked 
| 247|0x000000008f700000, 0x000000008f800000, 0x000000008f800000|100%| O|  |TAMS 0x000000008f800000| PB 0x000000008f800000| Untracked 
| 248|0x000000008f800000, 0x000000008f900000, 0x000000008f900000|100%| O|  |TAMS 0x000000008f900000| PB 0x000000008f900000| Untracked 
| 249|0x000000008f900000, 0x000000008fa00000, 0x000000008fa00000|100%| O|  |TAMS 0x000000008fa00000| PB 0x000000008fa00000| Updating 
| 250|0x000000008fa00000, 0x000000008fb00000, 0x000000008fb00000|100%|HS|  |TAMS 0x000000008fb00000| PB 0x000000008fa00000| Complete 
| 251|0x000000008fb00000, 0x000000008fc00000, 0x000000008fc00000|100%| O|  |TAMS 0x000000008fc00000| PB 0x000000008fc00000| Untracked 
| 252|0x000000008fc00000, 0x000000008fd00000, 0x000000008fd00000|100%| O|  |TAMS 0x000000008fd00000| PB 0x000000008fd00000| Updating 
| 253|0x000000008fd00000, 0x000000008fe00000, 0x000000008fe00000|100%| O|  |TAMS 0x000000008fd00000| PB 0x000000008fd00000| Untracked 
| 254|0x000000008fe00000, 0x000000008ff00000, 0x000000008ff00000|100%| O|  |TAMS 0x000000008fe00000| PB 0x000000008fe00000| Untracked 
| 255|0x000000008ff00000, 0x0000000090000000, 0x0000000090000000|100%| O|  |TAMS 0x000000008ff00000| PB 0x000000008ff00000| Untracked 
| 256|0x0000000090000000, 0x0000000090100000, 0x0000000090100000|100%| O|  |TAMS 0x0000000090000000| PB 0x0000000090000000| Untracked 
| 257|0x0000000090100000, 0x0000000090200000, 0x0000000090200000|100%| O|  |TAMS 0x0000000090100000| PB 0x0000000090100000| Untracked 
| 258|0x0000000090200000, 0x0000000090300000, 0x0000000090300000|100%| O|  |TAMS 0x0000000090200000| PB 0x0000000090200000| Untracked 
| 259|0x0000000090300000, 0x0000000090400000, 0x0000000090400000|100%| O|  |TAMS 0x0000000090300000| PB 0x0000000090300000| Untracked 
| 260|0x0000000090400000, 0x0000000090500000, 0x0000000090500000|100%| O|  |TAMS 0x0000000090400000| PB 0x0000000090400000| Untracked 
| 261|0x0000000090500000, 0x0000000090600000, 0x0000000090600000|100%| O|  |TAMS 0x0000000090500000| PB 0x0000000090500000| Untracked 
| 262|0x0000000090600000, 0x0000000090700000, 0x0000000090700000|100%| O|  |TAMS 0x0000000090600000| PB 0x0000000090600000| Untracked 
| 263|0x0000000090700000, 0x0000000090800000, 0x0000000090800000|100%| O|  |TAMS 0x0000000090700000| PB 0x0000000090700000| Untracked 
| 264|0x0000000090800000, 0x0000000090900000, 0x0000000090900000|100%| O|  |TAMS 0x0000000090800000| PB 0x0000000090800000| Untracked 
| 265|0x0000000090900000, 0x0000000090a00000, 0x0000000090a00000|100%| O|  |TAMS 0x0000000090900000| PB 0x0000000090900000| Untracked 
| 266|0x0000000090a00000, 0x0000000090b00000, 0x0000000090b00000|100%| O|  |TAMS 0x0000000090a00000| PB 0x0000000090a00000| Untracked 
| 267|0x0000000090b00000, 0x0000000090c00000, 0x0000000090c00000|100%| O|  |TAMS 0x0000000090b00000| PB 0x0000000090b00000| Untracked 
| 268|0x0000000090c00000, 0x0000000090d00000, 0x0000000090d00000|100%| O|  |TAMS 0x0000000090c00000| PB 0x0000000090c00000| Untracked 
| 269|0x0000000090d00000, 0x0000000090e00000, 0x0000000090e00000|100%| O|  |TAMS 0x0000000090d00000| PB 0x0000000090d00000| Untracked 
| 270|0x0000000090e00000, 0x0000000090f00000, 0x0000000090f00000|100%| O|  |TAMS 0x0000000090e00000| PB 0x0000000090e00000| Untracked 
| 271|0x0000000090f00000, 0x0000000091000000, 0x0000000091000000|100%| O|  |TAMS 0x0000000090f00000| PB 0x0000000090f00000| Untracked 
| 272|0x0000000091000000, 0x0000000091100000, 0x0000000091100000|100%| O|  |TAMS 0x0000000091000000| PB 0x0000000091000000| Untracked 
| 273|0x0000000091100000, 0x0000000091200000, 0x0000000091200000|100%| O|  |TAMS 0x0000000091100000| PB 0x0000000091100000| Untracked 
| 274|0x0000000091200000, 0x0000000091300000, 0x0000000091300000|100%| O|  |TAMS 0x0000000091200000| PB 0x0000000091200000| Untracked 
| 275|0x0000000091300000, 0x0000000091400000, 0x0000000091400000|100%| O|  |TAMS 0x0000000091300000| PB 0x0000000091300000| Untracked 
| 276|0x0000000091400000, 0x0000000091500000, 0x0000000091500000|100%| O|  |TAMS 0x0000000091400000| PB 0x0000000091400000| Untracked 
| 277|0x0000000091500000, 0x0000000091600000, 0x0000000091600000|100%| O|  |TAMS 0x0000000091500000| PB 0x0000000091500000| Untracked 
| 278|0x0000000091600000, 0x0000000091700000, 0x0000000091700000|100%| O|  |TAMS 0x0000000091600000| PB 0x0000000091600000| Untracked 
| 279|0x0000000091700000, 0x0000000091800000, 0x0000000091800000|100%| O|  |TAMS 0x0000000091700000| PB 0x0000000091700000| Untracked 
| 280|0x0000000091800000, 0x0000000091900000, 0x0000000091900000|100%| O|  |TAMS 0x0000000091800000| PB 0x0000000091800000| Untracked 
| 281|0x0000000091900000, 0x0000000091a00000, 0x0000000091a00000|100%| O|  |TAMS 0x0000000091900000| PB 0x0000000091900000| Untracked 
| 282|0x0000000091a00000, 0x0000000091b00000, 0x0000000091b00000|100%| O|  |TAMS 0x0000000091a00000| PB 0x0000000091a00000| Untracked 
| 283|0x0000000091b00000, 0x0000000091c00000, 0x0000000091c00000|100%| O|  |TAMS 0x0000000091b00000| PB 0x0000000091b00000| Untracked 
| 284|0x0000000091c00000, 0x0000000091d00000, 0x0000000091d00000|100%| O|  |TAMS 0x0000000091c00000| PB 0x0000000091c00000| Untracked 
| 285|0x0000000091d00000, 0x0000000091e00000, 0x0000000091e00000|100%| O|  |TAMS 0x0000000091d00000| PB 0x0000000091d00000| Untracked 
| 286|0x0000000091e00000, 0x0000000091f00000, 0x0000000091f00000|100%| O|  |TAMS 0x0000000091e00000| PB 0x0000000091e00000| Untracked 
| 287|0x0000000091f00000, 0x0000000092000000, 0x0000000092000000|100%| O|  |TAMS 0x0000000091f00000| PB 0x0000000091f00000| Untracked 
| 288|0x0000000092000000, 0x0000000092100000, 0x0000000092100000|100%| O|  |TAMS 0x0000000092000000| PB 0x0000000092000000| Untracked 
| 289|0x0000000092100000, 0x0000000092200000, 0x0000000092200000|100%| O|  |TAMS 0x0000000092100000| PB 0x0000000092100000| Untracked 
| 290|0x0000000092200000, 0x0000000092300000, 0x0000000092300000|100%| O|  |TAMS 0x0000000092200000| PB 0x0000000092200000| Untracked 
| 291|0x0000000092300000, 0x0000000092400000, 0x0000000092400000|100%| O|  |TAMS 0x0000000092300000| PB 0x0000000092300000| Untracked 
| 292|0x0000000092400000, 0x0000000092500000, 0x0000000092500000|100%| O|  |TAMS 0x0000000092400000| PB 0x0000000092400000| Untracked 
| 293|0x0000000092500000, 0x0000000092600000, 0x0000000092600000|100%| O|  |TAMS 0x0000000092500000| PB 0x0000000092500000| Untracked 
| 294|0x0000000092600000, 0x0000000092700000, 0x0000000092700000|100%| O|  |TAMS 0x0000000092600000| PB 0x0000000092600000| Untracked 
| 295|0x0000000092700000, 0x0000000092800000, 0x0000000092800000|100%| O|  |TAMS 0x0000000092700000| PB 0x0000000092700000| Untracked 
| 296|0x0000000092800000, 0x0000000092900000, 0x0000000092900000|100%| O|  |TAMS 0x0000000092800000| PB 0x0000000092800000| Untracked 
| 297|0x0000000092900000, 0x0000000092a00000, 0x0000000092a00000|100%| O|  |TAMS 0x0000000092900000| PB 0x0000000092900000| Untracked 
| 298|0x0000000092a00000, 0x0000000092b00000, 0x0000000092b00000|100%| O|  |TAMS 0x0000000092a00000| PB 0x0000000092a00000| Untracked 
| 299|0x0000000092b00000, 0x0000000092c00000, 0x0000000092c00000|100%| O|  |TAMS 0x0000000092b00000| PB 0x0000000092b00000| Untracked 
| 300|0x0000000092c00000, 0x0000000092d00000, 0x0000000092d00000|100%| O|  |TAMS 0x0000000092c00000| PB 0x0000000092c00000| Untracked 
| 301|0x0000000092d00000, 0x0000000092e00000, 0x0000000092e00000|100%| O|  |TAMS 0x0000000092d00000| PB 0x0000000092d00000| Untracked 
| 302|0x0000000092e00000, 0x0000000092f00000, 0x0000000092f00000|100%| O|  |TAMS 0x0000000092e00000| PB 0x0000000092e00000| Untracked 
| 303|0x0000000092f00000, 0x0000000093000000, 0x0000000093000000|100%| O|  |TAMS 0x0000000092f00000| PB 0x0000000092f00000| Untracked 
| 304|0x0000000093000000, 0x0000000093100000, 0x0000000093100000|100%| O|  |TAMS 0x0000000093000000| PB 0x0000000093000000| Untracked 
| 305|0x0000000093100000, 0x0000000093200000, 0x0000000093200000|100%| O|  |TAMS 0x0000000093100000| PB 0x0000000093100000| Untracked 
| 306|0x0000000093200000, 0x0000000093300000, 0x0000000093300000|100%| O|  |TAMS 0x0000000093200000| PB 0x0000000093200000| Untracked 
| 307|0x0000000093300000, 0x0000000093400000, 0x0000000093400000|100%| O|  |TAMS 0x0000000093300000| PB 0x0000000093300000| Untracked 
| 308|0x0000000093400000, 0x0000000093500000, 0x0000000093500000|100%| O|  |TAMS 0x0000000093400000| PB 0x0000000093400000| Untracked 
| 309|0x0000000093500000, 0x0000000093600000, 0x0000000093600000|100%| O|  |TAMS 0x0000000093500000| PB 0x0000000093500000| Untracked 
| 310|0x0000000093600000, 0x0000000093700000, 0x0000000093700000|100%| O|  |TAMS 0x0000000093600000| PB 0x0000000093600000| Untracked 
| 311|0x0000000093700000, 0x0000000093800000, 0x0000000093800000|100%| O|  |TAMS 0x0000000093700000| PB 0x0000000093700000| Untracked 
| 312|0x0000000093800000, 0x0000000093800000, 0x0000000093900000|  0%| F|  |TAMS 0x0000000093800000| PB 0x0000000093800000| Untracked 
| 313|0x0000000093900000, 0x0000000093900000, 0x0000000093a00000|  0%| F|  |TAMS 0x0000000093900000| PB 0x0000000093900000| Untracked 
| 314|0x0000000093a00000, 0x0000000093a00000, 0x0000000093b00000|  0%| F|  |TAMS 0x0000000093a00000| PB 0x0000000093a00000| Untracked 
| 315|0x0000000093b00000, 0x0000000093b00000, 0x0000000093c00000|  0%| F|  |TAMS 0x0000000093b00000| PB 0x0000000093b00000| Untracked 
| 316|0x0000000093c00000, 0x0000000093c00000, 0x0000000093d00000|  0%| F|  |TAMS 0x0000000093c00000| PB 0x0000000093c00000| Untracked 
| 317|0x0000000093d00000, 0x0000000093d00000, 0x0000000093e00000|  0%| F|  |TAMS 0x0000000093d00000| PB 0x0000000093d00000| Untracked 
| 318|0x0000000093e00000, 0x0000000093e00000, 0x0000000093f00000|  0%| F|  |TAMS 0x0000000093e00000| PB 0x0000000093e00000| Untracked 
| 319|0x0000000093f00000, 0x0000000093f00000, 0x0000000094000000|  0%| F|  |TAMS 0x0000000093f00000| PB 0x0000000093f00000| Untracked 
| 320|0x0000000094000000, 0x0000000094000000, 0x0000000094100000|  0%| F|  |TAMS 0x0000000094000000| PB 0x0000000094000000| Untracked 
| 321|0x0000000094100000, 0x0000000094100000, 0x0000000094200000|  0%| F|  |TAMS 0x0000000094100000| PB 0x0000000094100000| Untracked 
| 322|0x0000000094200000, 0x0000000094200000, 0x0000000094300000|  0%| F|  |TAMS 0x0000000094200000| PB 0x0000000094200000| Untracked 
| 323|0x0000000094300000, 0x0000000094300000, 0x0000000094400000|  0%| F|  |TAMS 0x0000000094300000| PB 0x0000000094300000| Untracked 
| 324|0x0000000094400000, 0x0000000094500000, 0x0000000094500000|100%| O|  |TAMS 0x0000000094400000| PB 0x0000000094400000| Untracked 
| 325|0x0000000094500000, 0x0000000094600000, 0x0000000094600000|100%| O|  |TAMS 0x0000000094500000| PB 0x0000000094500000| Untracked 
| 326|0x0000000094600000, 0x0000000094700000, 0x0000000094700000|100%| O|  |TAMS 0x0000000094600000| PB 0x0000000094600000| Untracked 
| 327|0x0000000094700000, 0x0000000094800000, 0x0000000094800000|100%| O|  |TAMS 0x0000000094700000| PB 0x0000000094700000| Untracked 
| 328|0x0000000094800000, 0x0000000094900000, 0x0000000094900000|100%| O|  |TAMS 0x0000000094800000| PB 0x0000000094800000| Untracked 
| 329|0x0000000094900000, 0x0000000094a00000, 0x0000000094a00000|100%| O|  |TAMS 0x0000000094900000| PB 0x0000000094900000| Untracked 
| 330|0x0000000094a00000, 0x0000000094b00000, 0x0000000094b00000|100%| O|  |TAMS 0x0000000094a00000| PB 0x0000000094a00000| Untracked 
| 331|0x0000000094b00000, 0x0000000094c00000, 0x0000000094c00000|100%| O|  |TAMS 0x0000000094b00000| PB 0x0000000094b00000| Untracked 
| 332|0x0000000094c00000, 0x0000000094d00000, 0x0000000094d00000|100%| O|  |TAMS 0x0000000094c00000| PB 0x0000000094c00000| Untracked 
| 333|0x0000000094d00000, 0x0000000094e00000, 0x0000000094e00000|100%| O|  |TAMS 0x0000000094d00000| PB 0x0000000094d00000| Untracked 
| 334|0x0000000094e00000, 0x0000000094f00000, 0x0000000094f00000|100%| O|  |TAMS 0x0000000094e00000| PB 0x0000000094e00000| Untracked 
| 335|0x0000000094f00000, 0x0000000095000000, 0x0000000095000000|100%| O|  |TAMS 0x0000000094f00000| PB 0x0000000094f00000| Untracked 
| 336|0x0000000095000000, 0x0000000095000000, 0x0000000095100000|  0%| F|  |TAMS 0x0000000095000000| PB 0x0000000095000000| Untracked 
| 337|0x0000000095100000, 0x0000000095100000, 0x0000000095200000|  0%| F|  |TAMS 0x0000000095100000| PB 0x0000000095100000| Untracked 
| 338|0x0000000095200000, 0x0000000095200000, 0x0000000095300000|  0%| F|  |TAMS 0x0000000095200000| PB 0x0000000095200000| Untracked 
| 339|0x0000000095300000, 0x0000000095300000, 0x0000000095400000|  0%| F|  |TAMS 0x0000000095300000| PB 0x0000000095300000| Untracked 
| 340|0x0000000095400000, 0x0000000095400000, 0x0000000095500000|  0%| F|  |TAMS 0x0000000095400000| PB 0x0000000095400000| Untracked 
| 341|0x0000000095500000, 0x0000000095500000, 0x0000000095600000|  0%| F|  |TAMS 0x0000000095500000| PB 0x0000000095500000| Untracked 
| 342|0x0000000095600000, 0x0000000095600000, 0x0000000095700000|  0%| F|  |TAMS 0x0000000095600000| PB 0x0000000095600000| Untracked 
| 343|0x0000000095700000, 0x0000000095700000, 0x0000000095800000|  0%| F|  |TAMS 0x0000000095700000| PB 0x0000000095700000| Untracked 
| 344|0x0000000095800000, 0x0000000095900000, 0x0000000095900000|100%| S|CS|TAMS 0x0000000095800000| PB 0x0000000095800000| Complete 
| 345|0x0000000095900000, 0x0000000095a00000, 0x0000000095a00000|100%| S|CS|TAMS 0x0000000095900000| PB 0x0000000095900000| Complete 
| 346|0x0000000095a00000, 0x0000000095b00000, 0x0000000095b00000|100%| S|CS|TAMS 0x0000000095a00000| PB 0x0000000095a00000| Complete 
| 347|0x0000000095b00000, 0x0000000095c00000, 0x0000000095c00000|100%| S|CS|TAMS 0x0000000095b00000| PB 0x0000000095b00000| Complete 
| 348|0x0000000095c00000, 0x0000000095d00000, 0x0000000095d00000|100%| S|CS|TAMS 0x0000000095c00000| PB 0x0000000095c00000| Complete 
| 349|0x0000000095d00000, 0x0000000095e00000, 0x0000000095e00000|100%| S|CS|TAMS 0x0000000095d00000| PB 0x0000000095d00000| Complete 
| 350|0x0000000095e00000, 0x0000000095f00000, 0x0000000095f00000|100%| S|CS|TAMS 0x0000000095e00000| PB 0x0000000095e00000| Complete 
| 351|0x0000000095f00000, 0x0000000096000000, 0x0000000096000000|100%| S|CS|TAMS 0x0000000095f00000| PB 0x0000000095f00000| Complete 
| 352|0x0000000096000000, 0x0000000096000000, 0x0000000096100000|  0%| F|  |TAMS 0x0000000096000000| PB 0x0000000096000000| Untracked 
| 353|0x0000000096100000, 0x0000000096100000, 0x0000000096200000|  0%| F|  |TAMS 0x0000000096100000| PB 0x0000000096100000| Untracked 
| 354|0x0000000096200000, 0x0000000096200000, 0x0000000096300000|  0%| F|  |TAMS 0x0000000096200000| PB 0x0000000096200000| Untracked 
| 355|0x0000000096300000, 0x0000000096300000, 0x0000000096400000|  0%| F|  |TAMS 0x0000000096300000| PB 0x0000000096300000| Untracked 
| 356|0x0000000096400000, 0x0000000096400000, 0x0000000096500000|  0%| F|  |TAMS 0x0000000096400000| PB 0x0000000096400000| Untracked 
| 357|0x0000000096500000, 0x0000000096500000, 0x0000000096600000|  0%| F|  |TAMS 0x0000000096500000| PB 0x0000000096500000| Untracked 
| 358|0x0000000096600000, 0x0000000096600000, 0x0000000096700000|  0%| F|  |TAMS 0x0000000096600000| PB 0x0000000096600000| Untracked 
| 359|0x0000000096700000, 0x0000000096700000, 0x0000000096800000|  0%| F|  |TAMS 0x0000000096700000| PB 0x0000000096700000| Untracked 
| 360|0x0000000096800000, 0x0000000096800000, 0x0000000096900000|  0%| F|  |TAMS 0x0000000096800000| PB 0x0000000096800000| Untracked 
| 361|0x0000000096900000, 0x0000000096900000, 0x0000000096a00000|  0%| F|  |TAMS 0x0000000096900000| PB 0x0000000096900000| Untracked 
| 362|0x0000000096a00000, 0x0000000096a00000, 0x0000000096b00000|  0%| F|  |TAMS 0x0000000096a00000| PB 0x0000000096a00000| Untracked 
| 363|0x0000000096b00000, 0x0000000096b00000, 0x0000000096c00000|  0%| F|  |TAMS 0x0000000096b00000| PB 0x0000000096b00000| Untracked 
| 364|0x0000000096c00000, 0x0000000096c00000, 0x0000000096d00000|  0%| F|  |TAMS 0x0000000096c00000| PB 0x0000000096c00000| Untracked 
| 365|0x0000000096d00000, 0x0000000096d00000, 0x0000000096e00000|  0%| F|  |TAMS 0x0000000096d00000| PB 0x0000000096d00000| Untracked 
| 366|0x0000000096e00000, 0x0000000096e00000, 0x0000000096f00000|  0%| F|  |TAMS 0x0000000096e00000| PB 0x0000000096e00000| Untracked 
| 367|0x0000000096f00000, 0x0000000096f00000, 0x0000000097000000|  0%| F|  |TAMS 0x0000000096f00000| PB 0x0000000096f00000| Untracked 
| 368|0x0000000097000000, 0x0000000097000000, 0x0000000097100000|  0%| F|  |TAMS 0x0000000097000000| PB 0x0000000097000000| Untracked 
| 369|0x0000000097100000, 0x0000000097100000, 0x0000000097200000|  0%| F|  |TAMS 0x0000000097100000| PB 0x0000000097100000| Untracked 
| 370|0x0000000097200000, 0x0000000097200000, 0x0000000097300000|  0%| F|  |TAMS 0x0000000097200000| PB 0x0000000097200000| Untracked 
| 371|0x0000000097300000, 0x0000000097300000, 0x0000000097400000|  0%| F|  |TAMS 0x0000000097300000| PB 0x0000000097300000| Untracked 
| 372|0x0000000097400000, 0x0000000097400000, 0x0000000097500000|  0%| F|  |TAMS 0x0000000097400000| PB 0x0000000097400000| Untracked 
| 373|0x0000000097500000, 0x0000000097500000, 0x0000000097600000|  0%| F|  |TAMS 0x0000000097500000| PB 0x0000000097500000| Untracked 
| 374|0x0000000097600000, 0x0000000097600000, 0x0000000097700000|  0%| F|  |TAMS 0x0000000097600000| PB 0x0000000097600000| Untracked 
| 375|0x0000000097700000, 0x0000000097700000, 0x0000000097800000|  0%| F|  |TAMS 0x0000000097700000| PB 0x0000000097700000| Untracked 
| 376|0x0000000097800000, 0x0000000097800000, 0x0000000097900000|  0%| F|  |TAMS 0x0000000097800000| PB 0x0000000097800000| Untracked 
| 377|0x0000000097900000, 0x0000000097900000, 0x0000000097a00000|  0%| F|  |TAMS 0x0000000097900000| PB 0x0000000097900000| Untracked 
| 378|0x0000000097a00000, 0x0000000097a00000, 0x0000000097b00000|  0%| F|  |TAMS 0x0000000097a00000| PB 0x0000000097a00000| Untracked 
| 379|0x0000000097b00000, 0x0000000097b00000, 0x0000000097c00000|  0%| F|  |TAMS 0x0000000097b00000| PB 0x0000000097b00000| Untracked 
| 380|0x0000000097c00000, 0x0000000097c00000, 0x0000000097d00000|  0%| F|  |TAMS 0x0000000097c00000| PB 0x0000000097c00000| Untracked 
| 381|0x0000000097d00000, 0x0000000097d00000, 0x0000000097e00000|  0%| F|  |TAMS 0x0000000097d00000| PB 0x0000000097d00000| Untracked 
| 382|0x0000000097e00000, 0x0000000097e00000, 0x0000000097f00000|  0%| F|  |TAMS 0x0000000097e00000| PB 0x0000000097e00000| Untracked 
| 383|0x0000000097f00000, 0x0000000097f00000, 0x0000000098000000|  0%| F|  |TAMS 0x0000000097f00000| PB 0x0000000097f00000| Untracked 
| 384|0x0000000098000000, 0x0000000098000000, 0x0000000098100000|  0%| F|  |TAMS 0x0000000098000000| PB 0x0000000098000000| Untracked 
| 385|0x0000000098100000, 0x0000000098100000, 0x0000000098200000|  0%| F|  |TAMS 0x0000000098100000| PB 0x0000000098100000| Untracked 
| 386|0x0000000098200000, 0x0000000098200000, 0x0000000098300000|  0%| F|  |TAMS 0x0000000098200000| PB 0x0000000098200000| Untracked 
| 387|0x0000000098300000, 0x0000000098300000, 0x0000000098400000|  0%| F|  |TAMS 0x0000000098300000| PB 0x0000000098300000| Untracked 
| 388|0x0000000098400000, 0x0000000098400000, 0x0000000098500000|  0%| F|  |TAMS 0x0000000098400000| PB 0x0000000098400000| Untracked 
| 389|0x0000000098500000, 0x0000000098500000, 0x0000000098600000|  0%| F|  |TAMS 0x0000000098500000| PB 0x0000000098500000| Untracked 
|2019|0x00000000fe300000, 0x00000000fe400000, 0x00000000fe400000|100%| O|  |TAMS 0x00000000fe400000| PB 0x00000000fe400000| Updating 
|2020|0x00000000fe400000, 0x00000000fe500000, 0x00000000fe500000|100%| O|  |TAMS 0x00000000fe500000| PB 0x00000000fe500000| Updating 
|2021|0x00000000fe500000, 0x00000000fe500000, 0x00000000fe600000|  0%| F|  |TAMS 0x00000000fe500000| PB 0x00000000fe500000| Untracked 
|2022|0x00000000fe600000, 0x00000000fe700000, 0x00000000fe700000|100%| O|  |TAMS 0x00000000fe700000| PB 0x00000000fe700000| Updating 
|2023|0x00000000fe700000, 0x00000000fe700000, 0x00000000fe800000|  0%| F|  |TAMS 0x00000000fe700000| PB 0x00000000fe700000| Untracked 
|2024|0x00000000fe800000, 0x00000000fe900000, 0x00000000fe900000|100%| O|  |TAMS 0x00000000fe900000| PB 0x00000000fe900000| Untracked 
|2025|0x00000000fe900000, 0x00000000fea00000, 0x00000000fea00000|100%| O|  |TAMS 0x00000000fea00000| PB 0x00000000fea00000| Untracked 
|2026|0x00000000fea00000, 0x00000000feb00000, 0x00000000feb00000|100%| O|  |TAMS 0x00000000feb00000| PB 0x00000000feb00000| Untracked 
|2027|0x00000000feb00000, 0x00000000fec00000, 0x00000000fec00000|100%| O|  |TAMS 0x00000000fec00000| PB 0x00000000fec00000| Untracked 
|2028|0x00000000fec00000, 0x00000000fed00000, 0x00000000fed00000|100%| O|  |TAMS 0x00000000fed00000| PB 0x00000000fed00000| Untracked 
|2029|0x00000000fed00000, 0x00000000fee00000, 0x00000000fee00000|100%| O|  |TAMS 0x00000000fee00000| PB 0x00000000fee00000| Updating 
|2030|0x00000000fee00000, 0x00000000fef00000, 0x00000000fef00000|100%| O|  |TAMS 0x00000000fef00000| PB 0x00000000fef00000| Untracked 
|2031|0x00000000fef00000, 0x00000000ff000000, 0x00000000ff000000|100%| O|  |TAMS 0x00000000ff000000| PB 0x00000000ff000000| Untracked 
|2032|0x00000000ff000000, 0x00000000ff100000, 0x00000000ff100000|100%| O|  |TAMS 0x00000000ff100000| PB 0x00000000ff100000| Untracked 
|2033|0x00000000ff100000, 0x00000000ff100000, 0x00000000ff200000|  0%| F|  |TAMS 0x00000000ff100000| PB 0x00000000ff100000| Untracked 
|2034|0x00000000ff200000, 0x00000000ff300000, 0x00000000ff300000|100%| O|  |TAMS 0x00000000ff300000| PB 0x00000000ff300000| Untracked 
|2035|0x00000000ff300000, 0x00000000ff400000, 0x00000000ff400000|100%| O|  |TAMS 0x00000000ff400000| PB 0x00000000ff400000| Untracked 
|2036|0x00000000ff400000, 0x00000000ff500000, 0x00000000ff500000|100%| O|  |TAMS 0x00000000ff500000| PB 0x00000000ff500000| Untracked 
|2037|0x00000000ff500000, 0x00000000ff600000, 0x00000000ff600000|100%| O|  |TAMS 0x00000000ff600000| PB 0x00000000ff600000| Updating 
|2038|0x00000000ff600000, 0x00000000ff700000, 0x00000000ff700000|100%| O|  |TAMS 0x00000000ff700000| PB 0x00000000ff700000| Untracked 
|2039|0x00000000ff700000, 0x00000000ff800000, 0x00000000ff800000|100%| O|  |TAMS 0x00000000ff800000| PB 0x00000000ff800000| Updating 
|2040|0x00000000ff800000, 0x00000000ff800000, 0x00000000ff900000|  0%| F|  |TAMS 0x00000000ff800000| PB 0x00000000ff800000| Untracked 
|2041|0x00000000ff900000, 0x00000000ffa00000, 0x00000000ffa00000|100%| O|  |TAMS 0x00000000ffa00000| PB 0x00000000ffa00000| Untracked 
|2042|0x00000000ffa00000, 0x00000000ffa00000, 0x00000000ffb00000|  0%| F|  |TAMS 0x00000000ffa00000| PB 0x00000000ffa00000| Untracked 
|2043|0x00000000ffb00000, 0x00000000ffc00000, 0x00000000ffc00000|100%| O|  |TAMS 0x00000000ffc00000| PB 0x00000000ffc00000| Updating 
|2044|0x00000000ffc00000, 0x00000000ffc00000, 0x00000000ffd00000|  0%| F|  |TAMS 0x00000000ffc00000| PB 0x00000000ffc00000| Untracked 
|2045|0x00000000ffd00000, 0x00000000ffd89df0, 0x00000000ffe00000| 53%| E|  |TAMS 0x00000000ffd00000| PB 0x00000000ffd00000| Complete 
|2046|0x00000000ffe00000, 0x00000000fff00000, 0x00000000fff00000|100%| O|  |TAMS 0x00000000fff00000| PB 0x00000000fff00000| Updating 
|2047|0x00000000fff00000, 0x0000000100000000, 0x0000000100000000|100%| O|  |TAMS 0x0000000100000000| PB 0x0000000100000000| Untracked 

Card table byte_map: [0x00000220b6d20000,0x00000220b7120000] _byte_map_base: 0x00000220b6920000

Marking Bits: (CMBitMap*) 0x00000220a44e6cb0
 Bits: [0x00000220b7120000, 0x00000220b9120000)

Polling page: 0x00000220a22f0000

Metaspace:

Usage:
  Non-class:    110.89 MB used.
      Class:     17.99 MB used.
       Both:    128.88 MB used.

Virtual space:
  Non-class space:      128.00 MB reserved,     112.00 MB ( 88%) committed,  2 nodes.
      Class space:        1.00 GB reserved,      19.06 MB (  2%) committed,  1 nodes.
             Both:        1.12 GB reserved,     131.06 MB ( 11%) committed. 

Chunk freelists:
   Non-Class:  15.59 MB
       Class:  12.88 MB
        Both:  28.47 MB

MaxMetaspaceSize: unlimited
CompressedClassSpaceSize: 1.00 GB
Initial GC threshold: 21.00 MB
Current GC threshold: 213.75 MB
CDS: off
 - commit_granule_bytes: 65536.
 - commit_granule_words: 8192.
 - virtual_space_node_default_size: 8388608.
 - enlarge_chunks_in_place: 1.
 - use_allocation_guard: 0.


Internal statistics:

num_allocs_failed_limit: 9.
num_arena_births: 4422.
num_arena_deaths: 0.
num_vsnodes_births: 3.
num_vsnodes_deaths: 0.
num_space_committed: 2096.
num_space_uncommitted: 0.
num_chunks_returned_to_freelist: 9.
num_chunks_taken_from_freelist: 10063.
num_chunk_merges: 9.
num_chunk_splits: 6594.
num_chunks_enlarged: 4162.
num_inconsistent_stats: 0.

CodeHeap 'non-profiled nmethods': size=120000Kb used=8933Kb max_used=9207Kb free=111066Kb
 bounds [0x00000220af0c0000, 0x00000220afa00000, 0x00000220b65f0000]
CodeHeap 'profiled nmethods': size=120000Kb used=24746Kb max_used=25118Kb free=95253Kb
 bounds [0x00000220a75f0000, 0x00000220a8e80000, 0x00000220aeb20000]
CodeHeap 'non-nmethods': size=5760Kb used=2783Kb max_used=2831Kb free=2976Kb
 bounds [0x00000220aeb20000, 0x00000220aedf0000, 0x00000220af0c0000]
CodeCache: size=245760Kb, used=36462Kb, max_used=37156Kb, free=209295Kb
 total_blobs=14363, nmethods=13307, adapters=959, full_count=0
Compilation: enabled, stopped_count=0, restarted_count=0

Compilation events (20 events):
Event: 94.441 Thread 0x00000220c009d190 16558       3       com.android.tools.r8.internal.wt2::<init> (15 bytes)
Event: 94.441 Thread 0x00000220c009d190 nmethod 16558 0x00000220a8e6e610 code [0x00000220a8e6e7c0, 0x00000220a8e6e9e0]
Event: 94.446 Thread 0x00000220c009d190 16559       1       com.android.tools.r8.graph.o6$k::b1 (5 bytes)
Event: 94.446 Thread 0x00000220c009d190 nmethod 16559 0x00000220af374710 code [0x00000220af3748a0, 0x00000220af374968]
Event: 94.446 Thread 0x00000220c009d190 16562       2       com.android.tools.r8.dex.a0::<init> (1778 bytes)
Event: 94.464 Thread 0x00000220c009d190 nmethod 16562 0x00000220a8e6ea90 code [0x00000220a8e6f340, 0x00000220a8e72f80]
Event: 94.464 Thread 0x00000220c009d190 16563       2       com.android.tools.r8.graph.b8$b::f (4 bytes)
Event: 94.464 Thread 0x00000220c009d190 nmethod 16563 0x00000220a8e75f90 code [0x00000220a8e76120, 0x00000220a8e76210]
Event: 94.464 Thread 0x00000220c009d190 16565       3       com.android.tools.r8.graph.f7::<init> (10 bytes)
Event: 94.465 Thread 0x00000220c009d190 nmethod 16565 0x00000220a8e76290 code [0x00000220a8e76440, 0x00000220a8e765f8]
Event: 94.465 Thread 0x00000220c009d190 16564       3       com.android.tools.r8.graph.r1::b (26 bytes)
Event: 94.465 Thread 0x00000220c009d190 nmethod 16564 0x00000220a8e76690 code [0x00000220a8e76860, 0x00000220a8e76ba0]
Event: 94.465 Thread 0x00000220c009d190 16560       1       com.android.tools.r8.graph.c9::a (5 bytes)
Event: 94.465 Thread 0x00000220c009d190 nmethod 16560 0x00000220af374410 code [0x00000220af3745a0, 0x00000220af374668]
Event: 94.465 Thread 0x00000220c009d190 16561       1       com.android.tools.r8.graph.c9::c (5 bytes)
Event: 94.466 Thread 0x00000220c009d190 nmethod 16561 0x00000220af374110 code [0x00000220af3742a0, 0x00000220af374368]
Event: 94.992 Thread 0x00000220c009d190 16567       2       com.android.tools.r8.internal.we0::<init> (128 bytes)
Event: 94.993 Thread 0x00000220c009d190 nmethod 16567 0x00000220a8e76d10 code [0x00000220a8e76ee0, 0x00000220a8e772a8]
Event: 94.993 Thread 0x00000220c009d190 16568       2       jdk.internal.util.ArraysSupport::hashCode (33 bytes)
Event: 94.993 Thread 0x00000220c009d190 nmethod 16568 0x00000220a8e77510 code [0x00000220a8e776c0, 0x00000220a8e77840]

GC Heap History (20 events):
Event: 78.167 GC heap before
{Heap before GC invocations=48 (full 0):
 garbage-first heap   total 242688K, used 194965K [0x0000000080000000, 0x0000000100000000)
  region size 1024K, 55 young (56320K), 5 survivors (5120K)
 Metaspace       used 120127K, committed 122240K, reserved 1179648K
  class space    used 16592K, committed 17600K, reserved 1048576K
}
Event: 78.177 GC heap after
{Heap after GC invocations=49 (full 0):
 garbage-first heap   total 242688K, used 147191K [0x0000000080000000, 0x0000000100000000)
  region size 1024K, 5 young (5120K), 5 survivors (5120K)
 Metaspace       used 120127K, committed 122240K, reserved 1179648K
  class space    used 16592K, committed 17600K, reserved 1048576K
}
Event: 81.313 GC heap before
{Heap before GC invocations=49 (full 0):
 garbage-first heap   total 242688K, used 219895K [0x0000000080000000, 0x0000000100000000)
  region size 1024K, 77 young (78848K), 5 survivors (5120K)
 Metaspace       used 121386K, committed 123584K, reserved 1179648K
  class space    used 16768K, committed 17792K, reserved 1048576K
}
Event: 81.326 GC heap after
{Heap after GC invocations=50 (full 0):
 garbage-first heap   total 242688K, used 149620K [0x0000000080000000, 0x0000000100000000)
  region size 1024K, 9 young (9216K), 9 survivors (9216K)
 Metaspace       used 121386K, committed 123584K, reserved 1179648K
  class space    used 16768K, committed 17792K, reserved 1048576K
}
Event: 83.181 GC heap before
{Heap before GC invocations=50 (full 0):
 garbage-first heap   total 242688K, used 221300K [0x0000000080000000, 0x0000000100000000)
  region size 1024K, 80 young (81920K), 9 survivors (9216K)
 Metaspace       used 123669K, committed 125888K, reserved 1179648K
  class space    used 17053K, committed 18176K, reserved 1048576K
}
Event: 83.197 GC heap after
{Heap after GC invocations=51 (full 0):
 garbage-first heap   total 242688K, used 153436K [0x0000000080000000, 0x0000000100000000)
  region size 1024K, 7 young (7168K), 7 survivors (7168K)
 Metaspace       used 123669K, committed 125888K, reserved 1179648K
  class space    used 17053K, committed 18176K, reserved 1048576K
}
Event: 87.036 GC heap before
{Heap before GC invocations=52 (full 0):
 garbage-first heap   total 258048K, used 253788K [0x0000000080000000, 0x0000000100000000)
  region size 1024K, 75 young (76800K), 7 survivors (7168K)
 Metaspace       used 124477K, committed 126720K, reserved 1179648K
  class space    used 17147K, committed 18240K, reserved 1048576K
}
Event: 87.061 GC heap after
{Heap after GC invocations=53 (full 0):
 garbage-first heap   total 270336K, used 192864K [0x0000000080000000, 0x0000000100000000)
  region size 1024K, 10 young (10240K), 10 survivors (10240K)
 Metaspace       used 124477K, committed 126720K, reserved 1179648K
  class space    used 17147K, committed 18240K, reserved 1048576K
}
Event: 88.557 GC heap before
{Heap before GC invocations=53 (full 0):
 garbage-first heap   total 272384K, used 270688K [0x0000000080000000, 0x0000000100000000)
  region size 1024K, 49 young (50176K), 10 survivors (10240K)
 Metaspace       used 128690K, committed 131008K, reserved 1179648K
  class space    used 17787K, committed 18944K, reserved 1048576K
}
Event: 88.580 GC heap after
{Heap after GC invocations=54 (full 0):
 garbage-first heap   total 289792K, used 212684K [0x0000000080000000, 0x0000000100000000)
  region size 1024K, 5 young (5120K), 5 survivors (5120K)
 Metaspace       used 128690K, committed 131008K, reserved 1179648K
  class space    used 17787K, committed 18944K, reserved 1048576K
}
Event: 88.581 GC heap before
{Heap before GC invocations=54 (full 0):
 garbage-first heap   total 289792K, used 212684K [0x0000000080000000, 0x0000000100000000)
  region size 1024K, 6 young (6144K), 5 survivors (5120K)
 Metaspace       used 128690K, committed 131008K, reserved 1179648K
  class space    used 17787K, committed 18944K, reserved 1048576K
}
Event: 88.587 GC heap after
{Heap after GC invocations=55 (full 0):
 garbage-first heap   total 289792K, used 213442K [0x0000000080000000, 0x0000000100000000)
  region size 1024K, 1 young (1024K), 1 survivors (1024K)
 Metaspace       used 128690K, committed 131008K, reserved 1179648K
  class space    used 17787K, committed 18944K, reserved 1048576K
}
Event: 89.568 GC heap before
{Heap before GC invocations=56 (full 0):
 garbage-first heap   total 427008K, used 305602K [0x0000000080000000, 0x0000000100000000)
  region size 1024K, 51 young (52224K), 1 survivors (1024K)
 Metaspace       used 129025K, committed 131328K, reserved 1179648K
  class space    used 17834K, committed 18944K, reserved 1048576K
}
Event: 89.600 GC heap after
{Heap after GC invocations=57 (full 0):
 garbage-first heap   total 427008K, used 248780K [0x0000000080000000, 0x0000000100000000)
  region size 1024K, 7 young (7168K), 7 survivors (7168K)
 Metaspace       used 129025K, committed 131328K, reserved 1179648K
  class space    used 17834K, committed 18944K, reserved 1048576K
}
Event: 92.579 GC heap before
{Heap before GC invocations=57 (full 0):
 garbage-first heap   total 427008K, used 373708K [0x0000000080000000, 0x0000000100000000)
  region size 1024K, 124 young (126976K), 7 survivors (7168K)
 Metaspace       used 131932K, committed 134144K, reserved 1179648K
  class space    used 18423K, committed 19520K, reserved 1048576K
}
Event: 92.705 GC heap after
{Heap after GC invocations=58 (full 0):
 garbage-first heap   total 429056K, used 297984K [0x0000000080000000, 0x0000000100000000)
  region size 1024K, 16 young (16384K), 16 survivors (16384K)
 Metaspace       used 131932K, committed 134144K, reserved 1179648K
  class space    used 18423K, committed 19520K, reserved 1048576K
}
Event: 93.701 GC heap before
{Heap before GC invocations=58 (full 0):
 garbage-first heap   total 429056K, used 371712K [0x0000000080000000, 0x0000000100000000)
  region size 1024K, 89 young (91136K), 16 survivors (16384K)
 Metaspace       used 131964K, committed 134208K, reserved 1179648K
  class space    used 18425K, committed 19520K, reserved 1048576K
}
Event: 93.804 GC heap after
{Heap after GC invocations=59 (full 0):
 garbage-first heap   total 429056K, used 337920K [0x0000000080000000, 0x0000000100000000)
  region size 1024K, 12 young (12288K), 12 survivors (12288K)
 Metaspace       used 131964K, committed 134208K, reserved 1179648K
  class space    used 18425K, committed 19520K, reserved 1048576K
}
Event: 95.047 GC heap before
{Heap before GC invocations=59 (full 0):
 garbage-first heap   total 429056K, used 382976K [0x0000000080000000, 0x0000000100000000)
  region size 1024K, 57 young (58368K), 12 survivors (12288K)
 Metaspace       used 131974K, committed 134208K, reserved 1179648K
  class space    used 18425K, committed 19520K, reserved 1048576K
}
Event: 95.091 GC heap after
{Heap after GC invocations=60 (full 0):
 garbage-first heap   total 429056K, used 362496K [0x0000000080000000, 0x0000000100000000)
  region size 1024K, 8 young (8192K), 8 survivors (8192K)
 Metaspace       used 131974K, committed 134208K, reserved 1179648K
  class space    used 18425K, committed 19520K, reserved 1048576K
}

Dll operation events (3 events):
Event: 0.052 Loaded shared library C:\Program Files\Android\Android Studio2\jbr\bin\java.dll
Event: 0.072 Loaded shared library C:\Program Files\Android\Android Studio2\jbr\bin\zip.dll
Event: 2.532 Loaded shared library C:\Program Files\Android\Android Studio2\jbr\bin\verify.dll

Deoptimization events (20 events):
Event: 94.333 Thread 0x00000220cc199200 DEOPT PACKING pc=0x00000220a8ddfda4 sp=0x00000097390feab0
Event: 94.333 Thread 0x00000220cc199200 DEOPT UNPACKING pc=0x00000220aeb74b42 sp=0x00000097390fe068 mode 0
Event: 94.340 Thread 0x00000220cc199890 DEOPT PACKING pc=0x00000220a8ddfda4 sp=0x00000097393fe890
Event: 94.340 Thread 0x00000220cc199890 DEOPT UNPACKING pc=0x00000220aeb74b42 sp=0x00000097393fde48 mode 0
Event: 94.346 Thread 0x00000220cc199890 DEOPT PACKING pc=0x00000220a8ddfda4 sp=0x00000097393fe890
Event: 94.346 Thread 0x00000220cc199890 DEOPT UNPACKING pc=0x00000220aeb74b42 sp=0x00000097393fde48 mode 0
Event: 94.400 Thread 0x00000220cc199890 DEOPT PACKING pc=0x00000220a8ddfda4 sp=0x00000097393fe880
Event: 94.400 Thread 0x00000220cc199890 DEOPT UNPACKING pc=0x00000220aeb74b42 sp=0x00000097393fde38 mode 0
Event: 94.402 Thread 0x00000220cc199890 Uncommon trap: trap_request=0xffffff45 fr.pc=0x00000220af375b5c relative=0x0000000000000ddc
Event: 94.402 Thread 0x00000220cc199890 Uncommon trap: reason=unstable_if action=reinterpret pc=0x00000220af375b5c method=com.android.tools.r8.dex.c0.h()Lcom/android/tools/r8/graph/o6; @ 37 c2
Event: 94.402 Thread 0x00000220cc199890 DEOPT PACKING pc=0x00000220af375b5c sp=0x00000097393fe860
Event: 94.402 Thread 0x00000220cc199890 DEOPT UNPACKING pc=0x00000220aeb743a2 sp=0x00000097393fe818 mode 2
Event: 94.421 Thread 0x00000220cc199200 DEOPT PACKING pc=0x00000220a8ddfda4 sp=0x00000097390feaa0
Event: 94.421 Thread 0x00000220cc199200 DEOPT UNPACKING pc=0x00000220aeb74b42 sp=0x00000097390fe058 mode 0
Event: 94.442 Thread 0x00000220cc199f20 DEOPT PACKING pc=0x00000220a8ddfda4 sp=0x00000097394fe870
Event: 94.442 Thread 0x00000220cc199f20 DEOPT UNPACKING pc=0x00000220aeb74b42 sp=0x00000097394fde28 mode 0
Event: 94.449 Thread 0x00000220cc1977c0 DEOPT PACKING pc=0x00000220a8ddfda4 sp=0x000000972edfead0
Event: 94.449 Thread 0x00000220cc1977c0 DEOPT UNPACKING pc=0x00000220aeb74b42 sp=0x000000972edfe088 mode 0
Event: 94.450 Thread 0x00000220cc199200 DEOPT PACKING pc=0x00000220a8e2616c sp=0x00000097390fe9d0
Event: 94.450 Thread 0x00000220cc199200 DEOPT UNPACKING pc=0x00000220aeb74b42 sp=0x00000097390fe078 mode 0

Classes loaded (20 events):
Event: 90.846 Loading class java/util/concurrent/ForkJoinTask$AdaptedInterruptibleCallable
Event: 90.847 Loading class java/util/concurrent/ForkJoinTask$InterruptibleTask
Event: 90.848 Loading class java/util/concurrent/ForkJoinTask$InterruptibleTask done
Event: 90.849 Loading class java/util/concurrent/ForkJoinTask$AdaptedInterruptibleCallable done
Event: 90.850 Loading class java/util/concurrent/ForkJoinTask$Aux
Event: 90.850 Loading class java/util/concurrent/ForkJoinTask$Aux done
Event: 90.851 Loading class java/util/concurrent/ForkJoinPool$DefaultForkJoinWorkerThreadFactory$1
Event: 90.851 Loading class java/util/concurrent/ForkJoinPool$DefaultForkJoinWorkerThreadFactory$1 done
Event: 90.981 Loading class java/util/concurrent/CountedCompleter
Event: 90.982 Loading class java/util/concurrent/CountedCompleter done
Event: 91.224 Loading class java/util/AbstractList$RandomAccessSubList
Event: 91.227 Loading class java/util/AbstractList$SubList
Event: 91.227 Loading class java/util/AbstractList$SubList done
Event: 91.227 Loading class java/util/AbstractList$RandomAccessSubList done
Event: 91.227 Loading class java/util/AbstractList$SubList$1
Event: 91.228 Loading class java/util/AbstractList$SubList$1 done
Event: 91.703 Loading class java/nio/ShortBuffer
Event: 91.705 Loading class java/nio/ShortBuffer done
Event: 91.706 Loading class java/nio/HeapShortBuffer
Event: 91.706 Loading class java/nio/HeapShortBuffer done

Classes unloaded (0 events):
No events

Classes redefined (0 events):
No events

Internal exceptions (20 events):
Event: 87.149 Thread 0x00000220c0093250 Exception <a 'sun/nio/fs/WindowsException'{0x00000000ffdb7860}> (0x00000000ffdb7860) 
thrown [s\src\hotspot\share\prims\jni.cpp, line 537]
Event: 87.725 Thread 0x00000220c38fc800 Exception <a 'java/lang/NoSuchMethodError'{0x000000008e9a1828}: static Lorg/jetbrains/kotlin/daemon/common/LoopbackNetworkInterface$AbstractClientLoopbackSocketFactory;.<clinit>()V> (0x000000008e9a1828) 
thrown [s\src\hotspot\share\prims\jni.cpp, line 1144]
Event: 87.727 Thread 0x00000220c38fc800 Exception <a 'java/lang/NoSuchMethodError'{0x000000008e9adba0}: static Lorg/jetbrains/kotlin/daemon/common/LoopbackNetworkInterface$ClientLoopbackSocketFactory;.<clinit>()V> (0x000000008e9adba0) 
thrown [s\src\hotspot\share\prims\jni.cpp, line 1144]
Event: 87.775 Thread 0x00000220c38fc800 Exception <a 'java/lang/NoSuchMethodError'{0x000000008e8c80a0}: static [Ljava/rmi/server/ObjID;.<clinit>()V> (0x000000008e8c80a0) 
thrown [s\src\hotspot\share\prims\jni.cpp, line 1144]
Event: 87.782 Thread 0x00000220c38fc800 Exception <a 'java/lang/NoSuchMethodError'{0x000000008e8ecad0}: static [B.<clinit>()V> (0x000000008e8ecad0) 
thrown [s\src\hotspot\share\prims\jni.cpp, line 1144]
Event: 87.811 Thread 0x00000220c38fef60 Exception <a 'java/lang/NoSuchMethodError'{0x000000008e7cbef8}: 'java.lang.Object java.lang.invoke.DirectMethodHandle$Holder.newInvokeSpecial(java.lang.Object, java.lang.Object, int, java.lang.Object, long)'> (0x000000008e7cbef8) 
thrown [s\src\hotspot\share\interpreter\linkResolver.cpp, line 784]
Event: 87.855 Thread 0x00000220c38fc800 Exception <a 'java/lang/NoSuchMethodError'{0x000000008e6ae860}: static Lorg/jetbrains/kotlin/daemon/common/CompileService$CallResult;.<clinit>()V> (0x000000008e6ae860) 
thrown [s\src\hotspot\share\prims\jni.cpp, line 1144]
Event: 87.857 Thread 0x00000220c38fc800 Exception <a 'java/lang/NoSuchMethodError'{0x000000008e6bac28}: static Lorg/jetbrains/kotlin/daemon/common/CompileService$CallResult$Good;.<clinit>()V> (0x000000008e6bac28) 
thrown [s\src\hotspot\share\prims\jni.cpp, line 1144]
Event: 87.859 Thread 0x00000220c38fc800 Exception <a 'java/lang/NoSuchMethodError'{0x000000008e6c80a8}: static Lorg/jetbrains/kotlin/daemon/common/DaemonJVMOptions;.<clinit>()V> (0x000000008e6c80a8) 
thrown [s\src\hotspot\share\prims\jni.cpp, line 1144]
Event: 87.876 Thread 0x00000220c38fc800 Exception <a 'java/lang/NoSuchMethodError'{0x000000008e55c898}: static Lorg/jetbrains/kotlin/daemon/common/CompileService$CallResult$Ok;.<clinit>()V> (0x000000008e55c898) 
thrown [s\src\hotspot\share\prims\jni.cpp, line 1144]
Event: 87.980 Thread 0x00000220c38fc800 Exception <a 'java/lang/NoSuchMethodError'{0x000000008e1abd30}: static [Ljava/lang/Integer;.<clinit>()V> (0x000000008e1abd30) 
thrown [s\src\hotspot\share\prims\jni.cpp, line 1144]
Event: 88.505 Thread 0x00000220c7691270 Exception <a 'java/lang/NoSuchMethodError'{0x000000008d70a990}: 'java.lang.Object java.lang.invoke.DirectMethodHandle$Holder.invokeStaticInit(java.lang.Object, java.lang.Object, java.lang.Object, java.lang.Object, java.lang.Object, java.lang.Object, java.lang.Object, java.lang.Object, java.lang.Object, java.lang.Object, java.lang.Object, java.lang.Object, java.lang.Object, java.lang.Object, java.lang.Object, java.lang.Object, java.lang.Object, java.lang.Object, java.lang.Object, java.lang.Object, int, java
Event: 88.509 Thread 0x00000220c7691270 Exception <a 'java/lang/IncompatibleClassChangeError'{0x000000008d720c80}: Found class java.lang.Object, but interface was expected> (0x000000008d720c80) 
thrown [s\src\hotspot\share\interpreter\linkResolver.cpp, line 851]
Event: 88.513 Thread 0x00000220c7691270 Exception <a 'java/lang/IncompatibleClassChangeError'{0x000000008d72a598}: Found class java.lang.Object, but interface was expected> (0x000000008d72a598) 
thrown [s\src\hotspot\share\interpreter\linkResolver.cpp, line 851]
Event: 90.998 Thread 0x00000220cc1977c0 Implicit null exception at 0x00000220af4c850b to 0x00000220af4c85d0
Event: 91.011 Thread 0x00000220cc197e50 Implicit null exception at 0x00000220af3fca07 to 0x00000220af3fcad4
Event: 91.018 Thread 0x00000220cc197e50 Exception <a 'java/lang/IncompatibleClassChangeError'{0x0000000093af13e8}: Found class java.lang.Object, but interface was expected> (0x0000000093af13e8) 
thrown [s\src\hotspot\share\interpreter\linkResolver.cpp, line 851]
Event: 91.212 Thread 0x00000220cc198b70 Exception <a 'java/lang/IncompatibleClassChangeError'{0x0000000093ae4718}: Found class java.lang.Object, but interface was expected> (0x0000000093ae4718) 
thrown [s\src\hotspot\share\interpreter\linkResolver.cpp, line 851]
Event: 91.215 Thread 0x00000220cc198b70 Exception <a 'java/lang/IncompatibleClassChangeError'{0x0000000093ae7ec8}: Found class java.lang.Object, but interface was expected> (0x0000000093ae7ec8) 
thrown [s\src\hotspot\share\interpreter\linkResolver.cpp, line 851]
Event: 91.233 Thread 0x00000220cc197e50 Exception <a 'java/lang/NoSuchMethodError'{0x000000009361e0c0}: 'long java.lang.invoke.DirectMethodHandle$Holder.invokeStatic(java.lang.Object, java.lang.Object, java.lang.Object)'> (0x000000009361e0c0) 
thrown [s\src\hotspot\share\interpreter\linkResolver.cpp, line 784]

ZGC Phase Switch (0 events):
No events

VM Operations (20 events):
Event: 90.601 Executing safepoint VM operation: Cleanup done
Event: 91.601 Executing safepoint VM operation: Cleanup
Event: 91.601 Executing safepoint VM operation: Cleanup done
Event: 91.826 Executing non-safepoint VM operation: HandshakeAllThreads (Deoptimize)
Event: 91.932 Executing non-safepoint VM operation: HandshakeAllThreads (Deoptimize) done
Event: 91.987 Executing non-safepoint VM operation: HandshakeAllThreads (Deoptimize)
Event: 92.060 Executing non-safepoint VM operation: HandshakeAllThreads (Deoptimize) done
Event: 92.081 Executing non-safepoint VM operation: HandshakeAllThreads (Deoptimize)
Event: 92.294 Executing non-safepoint VM operation: HandshakeAllThreads (Deoptimize) done
Event: 92.519 Executing safepoint VM operation: G1CollectForAllocation (G1 Evacuation Pause)
Event: 92.706 Executing safepoint VM operation: G1CollectForAllocation (G1 Evacuation Pause) done
Event: 93.685 Executing safepoint VM operation: G1CollectForAllocation (G1 Evacuation Pause)
Event: 93.805 Executing safepoint VM operation: G1CollectForAllocation (G1 Evacuation Pause) done
Event: 94.439 Executing non-safepoint VM operation: HandshakeAllThreads (Deoptimize)
Event: 95.042 Executing non-safepoint VM operation: HandshakeAllThreads (Deoptimize) done
Event: 95.042 Executing safepoint VM operation: Cleanup
Event: 95.043 Executing safepoint VM operation: Cleanup done
Event: 95.044 Executing safepoint VM operation: G1CollectForAllocation (G1 Evacuation Pause)
Event: 95.092 Executing safepoint VM operation: G1CollectForAllocation (G1 Evacuation Pause) done
Event: 95.093 Executing safepoint VM operation: G1PauseRemark

Memory protections (0 events):
No events

Nmethod flushes (20 events):
Event: 95.117 Thread 0x00000220c0008690 flushing  nmethod 0x00000220a7a97010
Event: 95.117 Thread 0x00000220c0008690 flushing  nmethod 0x00000220a7a98390
Event: 95.117 Thread 0x00000220c0008690 flushing  nmethod 0x00000220a7e6f410
Event: 95.117 Thread 0x00000220c0008690 flushing  nmethod 0x00000220a7eaca90
Event: 95.117 Thread 0x00000220c0008690 flushing  nmethod 0x00000220a81d7a10
Event: 95.117 Thread 0x00000220c0008690 flushing  nmethod 0x00000220a8270b10
Event: 95.117 Thread 0x00000220c0008690 flushing  nmethod 0x00000220a83a4a10
Event: 95.117 Thread 0x00000220c0008690 flushing  nmethod 0x00000220a766a290
Event: 95.117 Thread 0x00000220c0008690 flushing  nmethod 0x00000220a76af310
Event: 95.117 Thread 0x00000220c0008690 flushing  nmethod 0x00000220a773e890
Event: 95.117 Thread 0x00000220c0008690 flushing  nmethod 0x00000220a77e8710
Event: 95.117 Thread 0x00000220c0008690 flushing  nmethod 0x00000220a792b590
Event: 95.117 Thread 0x00000220c0008690 flushing  nmethod 0x00000220a792d410
Event: 95.117 Thread 0x00000220c0008690 flushing  nmethod 0x00000220a7a0b590
Event: 95.117 Thread 0x00000220c0008690 flushing  nmethod 0x00000220a7a0e010
Event: 95.117 Thread 0x00000220c0008690 flushing  nmethod 0x00000220a7a0e490
Event: 95.117 Thread 0x00000220c0008690 flushing  nmethod 0x00000220a7d0ad90
Event: 95.117 Thread 0x00000220c0008690 flushing  nmethod 0x00000220a7d60d90
Event: 95.117 Thread 0x00000220c0008690 flushing  nmethod 0x00000220a7e69f10
Event: 95.117 Thread 0x00000220c0008690 flushing  nmethod 0x00000220a8038410

Events (20 events):
Event: 86.173 Thread 0x00000220c33fdb70 Thread exited: 0x00000220c33fdb70
Event: 87.490 Thread 0x00000220c38fadc0 Thread exited: 0x00000220c38fadc0
Event: 87.731 Thread 0x00000220c38fc800 Thread added: 0x00000220c38fadc0
Event: 87.750 Thread 0x00000220c38fc800 Thread added: 0x00000220c38fef60
Event: 87.756 Loaded shared library C:\Program Files\Android\Android Studio2\jbr\bin\rmi.dll
Event: 87.758 Thread 0x00000220c38fc800 Thread added: 0x00000220c3906c10
Event: 87.860 Thread 0x00000220c009d190 Thread added: 0x00000220c33fdb70
Event: 87.955 Thread 0x00000220c38fc800 Thread added: 0x00000220c3904b40
Event: 87.962 Thread 0x00000220c38fc800 Thread added: 0x00000220c39072a0
Event: 88.157 Thread 0x00000220c3904b40 Thread added: 0x00000220c3905ef0
Event: 88.469 Thread 0x00000220c33fdb70 Thread exited: 0x00000220c33fdb70
Event: 88.971 Thread 0x00000220c009d190 Thread added: 0x00000220c33fdb70
Event: 90.975 Thread 0x00000220c7691270 Thread added: 0x00000220cc1977c0
Event: 90.977 Thread 0x00000220c7691270 Thread added: 0x00000220cc199200
Event: 90.984 Thread 0x00000220cc1977c0 Thread added: 0x00000220cc198b70
Event: 90.987 Thread 0x00000220cc199200 Thread added: 0x00000220cc197e50
Event: 91.000 Thread 0x00000220cc198b70 Thread added: 0x00000220cc199890
Event: 91.006 Thread 0x00000220cc197e50 Thread added: 0x00000220cc199f20
Event: 91.107 Thread 0x00000220cc199890 Thread added: 0x00000220cc19a5b0
Event: 91.107 Thread 0x00000220cc199f20 Thread added: 0x00000220cc197130


Dynamic libraries:
0x00007ff67f560000 - 0x00007ff67f56a000 	C:\Program Files\Android\Android Studio2\jbr\bin\java.exe
0x00007ff951640000 - 0x00007ff9518a8000 	C:\WINDOWS\SYSTEM32\ntdll.dll
0x00007ff94fcf0000 - 0x00007ff94fdb9000 	C:\WINDOWS\System32\KERNEL32.DLL
0x00007ff94efe0000 - 0x00007ff94f3d1000 	C:\WINDOWS\System32\KERNELBASE.dll
0x00007ff94ee90000 - 0x00007ff94efdb000 	C:\WINDOWS\System32\ucrtbase.dll
0x00007ff91a6b0000 - 0x00007ff91a6cb000 	C:\Program Files\Android\Android Studio2\jbr\bin\VCRUNTIME140.dll
0x00007ff93cc40000 - 0x00007ff93cc58000 	C:\Program Files\Android\Android Studio2\jbr\bin\jli.dll
0x00007ff951430000 - 0x00007ff9515f6000 	C:\WINDOWS\System32\USER32.dll
0x00007ff94e8d0000 - 0x00007ff94e8f7000 	C:\WINDOWS\System32\win32u.dll
0x00007ff94ff60000 - 0x00007ff94ff8b000 	C:\WINDOWS\System32\GDI32.dll
0x00007ff9328d0000 - 0x00007ff932b63000 	C:\WINDOWS\WinSxS\amd64_microsoft.windows.common-controls_6595b64144ccf1df_6.0.26100.7705_none_3e06597ae3363b04\COMCTL32.dll
0x00007ff94eb40000 - 0x00007ff94ec6b000 	C:\WINDOWS\System32\gdi32full.dll
0x00007ff94f570000 - 0x00007ff94f619000 	C:\WINDOWS\System32\msvcrt.dll
0x00007ff94ede0000 - 0x00007ff94ee83000 	C:\WINDOWS\System32\msvcp_win.dll
0x00007ff94f620000 - 0x00007ff94f651000 	C:\WINDOWS\System32\IMM32.DLL
0x00007ff93e2b0000 - 0x00007ff93e2bc000 	C:\Program Files\Android\Android Studio2\jbr\bin\vcruntime140_1.dll
0x00007ff922b00000 - 0x00007ff922b8d000 	C:\Program Files\Android\Android Studio2\jbr\bin\msvcp140.dll
0x00007ff8bfae0000 - 0x00007ff8c0776000 	C:\Program Files\Android\Android Studio2\jbr\bin\server\jvm.dll
0x00007ff94f8f0000 - 0x00007ff94f9a4000 	C:\WINDOWS\System32\ADVAPI32.dll
0x00007ff94f3e0000 - 0x00007ff94f486000 	C:\WINDOWS\System32\sechost.dll
0x00007ff950500000 - 0x00007ff950618000 	C:\WINDOWS\System32\RPCRT4.dll
0x00007ff94fc70000 - 0x00007ff94fce4000 	C:\WINDOWS\System32\WS2_32.dll
0x00007ff94dda0000 - 0x00007ff94ddfe000 	C:\WINDOWS\SYSTEM32\POWRPROF.dll
0x00007ff94b080000 - 0x00007ff94b0b5000 	C:\WINDOWS\SYSTEM32\WINMM.dll
0x00007ff9471d0000 - 0x00007ff9471db000 	C:\WINDOWS\SYSTEM32\VERSION.dll
0x00007ff94dd80000 - 0x00007ff94dd94000 	C:\WINDOWS\SYSTEM32\UMPDC.dll
0x00007ff94ccb0000 - 0x00007ff94cccb000 	C:\WINDOWS\SYSTEM32\kernel.appcore.dll
0x00007ff93cc30000 - 0x00007ff93cc3a000 	C:\Program Files\Android\Android Studio2\jbr\bin\jimage.dll
0x00007ff94ba00000 - 0x00007ff94bc42000 	C:\WINDOWS\SYSTEM32\DBGHELP.DLL
0x00007ff9510a0000 - 0x00007ff951426000 	C:\WINDOWS\System32\combase.dll
0x00007ff94f9b0000 - 0x00007ff94fa87000 	C:\WINDOWS\System32\OLEAUT32.dll
0x00007ff934a70000 - 0x00007ff934aab000 	C:\WINDOWS\SYSTEM32\dbgcore.DLL
0x00007ff94df20000 - 0x00007ff94dfc5000 	C:\WINDOWS\System32\bcryptPrimitives.dll
0x00007ff93e2a0000 - 0x00007ff93e2ae000 	C:\Program Files\Android\Android Studio2\jbr\bin\instrument.dll
0x00007ff916ba0000 - 0x00007ff916bc0000 	C:\Program Files\Android\Android Studio2\jbr\bin\java.dll
0x00007ff9100d0000 - 0x00007ff9100e8000 	C:\Program Files\Android\Android Studio2\jbr\bin\zip.dll
0x00007ff950750000 - 0x00007ff950ea1000 	C:\WINDOWS\System32\SHELL32.dll
0x00007ff94ec70000 - 0x00007ff94edda000 	C:\WINDOWS\System32\wintypes.dll
0x00007ff94e060000 - 0x00007ff94e8c2000 	C:\WINDOWS\System32\windows.storage.dll
0x00007ff950650000 - 0x00007ff950746000 	C:\WINDOWS\System32\SHCORE.dll
0x00007ff950420000 - 0x00007ff950487000 	C:\WINDOWS\System32\shlwapi.dll
0x00007ff94de40000 - 0x00007ff94de69000 	C:\WINDOWS\SYSTEM32\profapi.dll
0x00007ff93aab0000 - 0x00007ff93aac0000 	C:\Program Files\Android\Android Studio2\jbr\bin\net.dll
0x00007ff943870000 - 0x00007ff943997000 	C:\WINDOWS\SYSTEM32\WINHTTP.dll
0x00007ff94d240000 - 0x00007ff94d2ab000 	C:\WINDOWS\system32\mswsock.dll
0x00007ff90fd90000 - 0x00007ff90fda6000 	C:\Program Files\Android\Android Studio2\jbr\bin\nio.dll
0x00007ff92c950000 - 0x00007ff92c960000 	C:\Program Files\Android\Android Studio2\jbr\bin\verify.dll
0x00007ff948d00000 - 0x00007ff948d27000 	C:\Users\admin\.gradle\native\1def1411415f61bf3af743bc5b6707747c0891f09f0c88961ee8f79bc544acac\windows-amd64\native-platform.dll
0x00007ff92ebc0000 - 0x00007ff92ec38000 	C:\Users\admin\.gradle\native\0.2.7\x86_64-windows-gnu\gradle-fileevents.dll
0x00007ff937910000 - 0x00007ff937919000 	C:\Program Files\Android\Android Studio2\jbr\bin\management.dll
0x00007ff936540000 - 0x00007ff93654b000 	C:\Program Files\Android\Android Studio2\jbr\bin\management_ext.dll
0x00007ff94f8e0000 - 0x00007ff94f8e8000 	C:\WINDOWS\System32\PSAPI.DLL
0x00007ff94c6f0000 - 0x00007ff94c724000 	C:\WINDOWS\SYSTEM32\IPHLPAPI.DLL
0x00007ff94f760000 - 0x00007ff94f76a000 	C:\WINDOWS\System32\NSI.dll
0x00007ff9387b0000 - 0x00007ff9387b9000 	C:\Program Files\Android\Android Studio2\jbr\bin\extnet.dll
0x00007ff94d500000 - 0x00007ff94d51b000 	C:\WINDOWS\SYSTEM32\CRYPTSP.dll
0x00007ff94cc10000 - 0x00007ff94cc49000 	C:\WINDOWS\system32\rsaenh.dll
0x00007ff94d2f0000 - 0x00007ff94d31b000 	C:\WINDOWS\SYSTEM32\USERENV.dll
0x00007ff94de10000 - 0x00007ff94de3a000 	C:\WINDOWS\SYSTEM32\bcrypt.dll
0x00007ff94d520000 - 0x00007ff94d52c000 	C:\WINDOWS\SYSTEM32\CRYPTBASE.dll
0x00007ff8deb20000 - 0x00007ff8deb28000 	C:\WINDOWS\system32\wshunix.dll
0x00007ff8de850000 - 0x00007ff8de868000 	C:\WINDOWS\system32\napinsp.dll
0x00007ff94c790000 - 0x00007ff94c8bc000 	C:\WINDOWS\SYSTEM32\DNSAPI.dll
0x00007ff8de830000 - 0x00007ff8de842000 	C:\WINDOWS\System32\winrnr.dll
0x00007ff8de990000 - 0x00007ff8de9b2000 	C:\WINDOWS\system32\nlansp_c.dll
0x00007ff942b10000 - 0x00007ff942b26000 	C:\WINDOWS\system32\wshbth.dll
0x00007ff942040000 - 0x00007ff94204b000 	C:\Windows\System32\rasadhlp.dll
0x00007ff942200000 - 0x00007ff942286000 	C:\WINDOWS\System32\fwpuclnt.dll
0x00007ff9448e0000 - 0x00007ff9448fe000 	C:\Users\admin\AppData\Local\Temp\native-platform13168452405395162001dir\native-platform.dll
0x00007ff93e4c0000 - 0x00007ff93e4c7000 	C:\Program Files\Android\Android Studio2\jbr\bin\rmi.dll

JVMTI agents:
C:\Users\admin\.gradle\wrapper\dists\gradle-8.14.4-bin\92wwslzcyst3phie3o264zltu\gradle-8.14.4\lib\agents\gradle-instrumentation-agent-8.14.4.jar path:C:\Program Files\Android\Android Studio2\jbr\bin\instrument.dll, loaded, initialized, instrumentlib options:none

dbghelp: loaded successfully - version: 4.0.5 - missing functions: none
symbol engine: initialized successfully - sym options: 0x614 - pdb path: .;C:\Program Files\Android\Android Studio2\jbr\bin;C:\WINDOWS\SYSTEM32;C:\WINDOWS\WinSxS\amd64_microsoft.windows.common-controls_6595b64144ccf1df_6.0.26100.7705_none_3e06597ae3363b04;C:\Program Files\Android\Android Studio2\jbr\bin\server;C:\Users\admin\.gradle\native\1def1411415f61bf3af743bc5b6707747c0891f09f0c88961ee8f79bc544acac\windows-amd64;C:\Users\admin\.gradle\native\0.2.7\x86_64-windows-gnu;C:\Users\admin\AppData\Local\Temp\native-platform13168452405395162001dir

VM Arguments:
jvm_args: --add-opens=java.base/java.lang=ALL-UNNAMED --add-opens=java.base/java.lang.invoke=ALL-UNNAMED --add-opens=java.base/java.util=ALL-UNNAMED --add-opens=java.prefs/java.util.prefs=ALL-UNNAMED --add-exports=jdk.compiler/com.sun.tools.javac.api=ALL-UNNAMED --add-exports=jdk.compiler/com.sun.tools.javac.util=ALL-UNNAMED --add-opens=java.base/java.util=ALL-UNNAMED --add-opens=java.prefs/java.util.prefs=ALL-UNNAMED --add-opens=java.base/java.nio.charset=ALL-UNNAMED --add-opens=java.base/java.net=ALL-UNNAMED --add-opens=java.base/java.util.concurrent.atomic=ALL-UNNAMED --add-opens=java.xml/javax.xml.namespace=ALL-UNNAMED -Xmx2048m -Dfile.encoding=UTF-8 -Duser.country=GB -Duser.language=en -Duser.variant -javaagent:C:\Users\admin\.gradle\wrapper\dists\gradle-8.14.4-bin\92wwslzcyst3phie3o264zltu\gradle-8.14.4\lib\agents\gradle-instrumentation-agent-8.14.4.jar 
java_command: org.gradle.launcher.daemon.bootstrap.GradleDaemon 8.14.4
java_class_path (initial): C:\Users\admin\.gradle\wrapper\dists\gradle-8.14.4-bin\92wwslzcyst3phie3o264zltu\gradle-8.14.4\lib\gradle-daemon-main-8.14.4.jar
Launcher Type: SUN_STANDARD

[Global flags]
     intx CICompilerCount                          = 4                                         {product} {ergonomic}
     uint ConcGCThreads                            = 2                                         {product} {ergonomic}
     uint G1ConcRefinementThreads                  = 8                                         {product} {ergonomic}
   size_t G1HeapRegionSize                         = 1048576                                   {product} {ergonomic}
    uintx GCDrainStackTargetSize                   = 64                                        {product} {ergonomic}
   size_t InitialHeapSize                          = 117440512                                 {product} {ergonomic}
   size_t MarkStackSize                            = 4194304                                   {product} {ergonomic}
   size_t MaxHeapSize                              = 2147483648                                {product} {command line}
   size_t MaxNewSize                               = 1287651328                                {product} {ergonomic}
   size_t MinHeapDeltaBytes                        = 1048576                                   {product} {ergonomic}
   size_t MinHeapSize                              = 8388608                                   {product} {ergonomic}
    uintx NonNMethodCodeHeapSize                   = 5839372                                {pd product} {ergonomic}
    uintx NonProfiledCodeHeapSize                  = 122909434                              {pd product} {ergonomic}
    uintx ProfiledCodeHeapSize                     = 122909434                              {pd product} {ergonomic}
    uintx ReservedCodeCacheSize                    = 251658240                              {pd product} {ergonomic}
     bool SegmentedCodeCache                       = true                                      {product} {ergonomic}
   size_t SoftMaxHeapSize                          = 2147483648                             {manageable} {ergonomic}
     bool UseCompressedOops                        = true                           {product lp64_product} {ergonomic}
     bool UseG1GC                                  = true                                      {product} {ergonomic}
     bool UseLargePagesIndividualAllocation        = false                                  {pd product} {ergonomic}

Logging:
Log output configuration:
 #0: stdout all=warning uptime,level,tags foldmultilines=false
 #1: stderr all=off uptime,level,tags foldmultilines=false

Release file:
JAVA_VERSION="21.0.10" 
MODULES="java.base java.compiler java.datatransfer java.xml java.prefs java.desktop java.instrument java.logging java.management java.security.sasl java.naming java.rmi java.management.rmi java.net.http java.scripting java.security.jgss java.transaction.xa java.sql java.sql.rowset java.xml.crypto java.se java.smartcardio jdk.accessibility jdk.internal.jvmstat jdk.attach jdk.charsets jdk.internal.opt jdk.zipfs jdk.compiler jdk.crypto.ec jdk.crypto.cryptoki jdk.dynalink jdk.hotspot.agent jdk.httpserver jdk.internal.ed jdk.internal.le jdk.internal.vm.ci jdk.jartool jdk.javadoc jdk.jcmd jdk.jdeps jdk.jdwp.agent jdk.jdi jdk.jfr jdk.jlink jdk.jsobject jdk.localedata jdk.management jdk.management.agent jdk.management.jfr jdk.naming.dns jdk.naming.rmi jdk.net jdk.sctp jdk.security.auth jdk.security.jgss jdk.unsupported jdk.unsupported.desktop jdk.xml.dom" 
IMPLEMENTOR="JetBrains s.r.o." 
JAVA_RUNTIME_VERSION="21.0.10+-14961533-b1163.108" 
LIBC="default" 
OS_ARCH="x86_64" 
OS_NAME="Windows" 
SOURCE=".:git:1351622c2ff2" 

Environment Variables:
JAVA_HOME=C:\Program Files\Java\jdk-20
PATH=C:\Program Files\Common Files\Oracle\Java\javapath;C:\WINDOWS\system32;C:\WINDOWS;C:\WINDOWS\System32\Wbem;C:\WINDOWS\System32\WindowsPowerShell\v1.0\;C:\WINDOWS\System32\OpenSSH\;C:\Program Files\Java\jdk-20\bin;C:\Users\admin\AppData\Local\Packages\PythonSoftwareFoundation.Python.3.11_qbz5n2kfra8p0\LocalCache\local-packages\Python311\Scripts;C:\Users\admin\AppData\Local\Programs\Python\Python311\python.exe;C:\Users\admin\OneDrive\Apps\Documents\chromedriver-win64\chromedriver.exe;C:\Program Files\Git\cmd;C:\Users\admin\AppData\Local\Pub\Cache\bin\flutterfire.bat;C:\Users\admin\Documents\firebase-tools-instant-win.exe;C:\Users\admin\shorebird\bin;C:\Users\admin\flutter\bin;C:\Users\admin\flutter\dev;C:\Program Files\Docker\Docker\resources\bin;C:\Program Files\Amazon\AWSCLIV2\;C:\Program Files\PowerShell\7\;%NVM_HOME%;%NVM_SYMLINK%;C:\Users\admin\.local\bin;C:\Users\admin\AppData\Local\Programs\Python\Python311\Scripts\;C:\Users\admin\AppData\Local\Programs\Python\Python311\;C:\Users\admin\AppData\Local\Microsoft\WindowsApps;C:\Program Files\JetBrains\IntelliJ IDEA Community Edition 2023.1.2\bin;C:\Program Files\JetBrains\PyCharm 2023.2.1\bin;C:\Program Files\JetBrains\PyCharm Community Edition 2023.2.1\bin;C:\Users\admin\AppData\Local\JetBrains\Toolbox\scripts;C:\Program Files\JetBrains\PyCharm 2024.1.1\bin;;C:\dart-sdk\bin;C:\Users\admin\Documents\firebase-tools-instant-win.exe;C:\Users\admin\AppData\Local\Pub\Cache\bin;C:\Users\admin\AppData\Roaming\npm;C:\Users\admin\shorebird\bin;C:\Users\admin\flutter\bin;C:\Users\admin\flutter\dev;C:\Users\admin\AppData\Local\Microsoft\WindowsApps;C:\Users\admin\AppData\Local\Programs\Ollama;C:\Users\admin\AppData\Local\Programs\Microsoft VS Code\bin;C:\Users\admin\AppData\Local\nvm;C:\nvm4w\nodejs
USERNAME=admin
OS=Windows_NT
PROCESSOR_IDENTIFIER=AMD64 Family 23 Model 24 Stepping 1, AuthenticAMD
TMP=C:\Users\admin\AppData\Local\Temp
TEMP=C:\Users\admin\AppData\Local\Temp




Periodic native trim disabled

JNI global refs:
JNI global refs: 29, weak refs: 84

JNI global refs memory usage: 835, weak refs: 1465

Process memory usage:
Resident Set Size: 589980K (8% of 7274124K total physical memory with 634708K free physical memory)

OOME stack traces (most recent first):
Classloader memory used:
Loader org.gradle.internal.classloader.VisitableURLClassLoader                         : 45729K
Loader org.gradle.internal.classloader.VisitableURLClassLoader$InstrumentingVisitableURLClassLoader: 41010K
Loader bootstrap                                                                       : 30717K
Loader org.gradle.initialization.MixInLegacyTypesClassLoader                           : 12725K
Loader jdk.internal.reflect.DelegatingClassLoader                                      : 527K
Loader jdk.internal.loader.ClassLoaders$PlatformClassLoader                            : 526K
Loader org.gradle.groovy.scripts.internal.DefaultScriptCompilationHandler$ScriptClassLoader: 458K
Loader jdk.internal.loader.ClassLoaders$AppClassLoader                                 : 235K
Loader org.codehaus.groovy.runtime.callsite.CallSiteClassLoader                        : 42040B
Loader sun.reflect.misc.MethodUtil                                                     : 2984B

Classes loaded by more than one classloader:
Class com.google.common.base.PairwiseEquivalence                                      : loaded 2 times (x 83B)
Class com.google.common.base.Equivalence$Identity                                     : loaded 2 times (x 82B)
Class com.google.common.collect.RegularImmutableMap$KeySet                            : loaded 2 times (x 152B)
Class org.gradle.internal.classloader.FilteringClassLoader                            : loaded 2 times (x 105B)
Class net.rubygrapefruit.platform.internal.Platform$FreeBSD64Bit                      : loaded 2 times (x 82B)
Class com.google.common.base.CharMatcher$IsEither                                     : loaded 2 times (x 111B)
Class org.gradle.internal.classloader.ClassLoaderHierarchy                            : loaded 2 times (x 70B)
Class net.rubygrapefruit.platform.internal.Platform$FreeBSD                           : loaded 2 times (x 82B)
Class com.google.common.collect.ImmutableEnumSet                                      : loaded 2 times (x 146B)
Class com.google.common.util.concurrent.ExecutionError                                : loaded 2 times (x 82B)
Class com.google.common.collect.ImmutableList$1                                       : loaded 2 times (x 97B)
Class org.gradle.api.internal.classpath.ManifestUtil                                  : loaded 2 times (x 71B)
Class net.rubygrapefruit.platform.NativeException                                     : loaded 2 times (x 82B)
Class com.google.common.collect.RegularImmutableMap                                   : loaded 2 times (x 121B)
Class com.google.common.collect.ImmutableMap$MapViewOfValuesAsSingletonSets           : loaded 2 times (x 126B)
Class [Lorg.objectweb.asm.Symbol;                                                     : loaded 2 times (x 69B)
Class org.objectweb.asm.ClassVisitor                                                  : loaded 2 times (x 88B)
Class com.google.common.collect.UnmodifiableListIterator                              : loaded 2 times (x 95B)
Class com.google.common.base.Platform$JdkPatternCompiler                              : loaded 2 times (x 75B)
Class org.objectweb.asm.MethodTooLargeException                                       : loaded 2 times (x 83B)
Class [Lcom.google.common.cache.CacheBuilder$OneWeigher;                              : loaded 2 times (x 69B)
Class com.google.common.base.Suppliers                                                : loaded 2 times (x 71B)
Class org.gradle.internal.classloader.DefaultClassLoaderFactory                       : loaded 2 times (x 82B)
Class org.gradle.internal.classloader.ClassLoaderVisitor                              : loaded 2 times (x 76B)
Class net.rubygrapefruit.platform.NativeIntegrationUnavailableException               : loaded 2 times (x 82B)
Class net.rubygrapefruit.platform.internal.Platform                                   : loaded 2 times (x 79B)
Class [Lcom.google.common.collect.ImmutableMapEntry;                                  : loaded 2 times (x 69B)
Class org.gradle.api.internal.classpath.EffectiveClassPath                            : loaded 2 times (x 90B)
Class com.google.common.collect.ListMultimap                                          : loaded 2 times (x 70B)
Class com.google.common.collect.ImmutableEnumMap                                      : loaded 2 times (x 126B)
Class com.google.common.collect.Sets$1                                                : loaded 2 times (x 139B)
Class org.objectweb.asm.AnnotationVisitor                                             : loaded 2 times (x 78B)
Class org.gradle.api.internal.DefaultClassPathProvider                                : loaded 2 times (x 76B)
Class com.google.common.collect.Sets$2                                                : loaded 2 times (x 139B)
Class [Lorg.gradle.api.internal.ClassPathProvider;                                    : loaded 2 times (x 69B)
Class org.gradle.api.internal.ClassPathProvider                                       : loaded 2 times (x 70B)
Class [Lorg.objectweb.asm.AnnotationVisitor;                                          : loaded 2 times (x 69B)
Class com.google.common.collect.Sets$3                                                : loaded 2 times (x 139B)
Class com.google.common.cache.LocalCache$LocalLoadingCache                            : loaded 2 times (x 134B)
Class org.gradle.internal.service.UnknownServiceException                             : loaded 2 times (x 83B)
Class com.google.common.collect.Sets$4                                                : loaded 2 times (x 139B)
Class org.objectweb.asm.ModuleVisitor                                                 : loaded 2 times (x 81B)
Class com.google.common.cache.LocalCache$Strength$1                                   : loaded 2 times (x 81B)
Class build_9jckm90gyrxqgybibs47fmmkb                                                 : loaded 2 times (x 180B)
Class net.rubygrapefruit.platform.internal.Platform$MacOs64Bit                        : loaded 2 times (x 82B)
Class com.google.common.util.concurrent.SettableFuture                                : loaded 2 times (x 114B)
Class com.google.common.cache.LocalCache$Strength$2                                   : loaded 2 times (x 81B)
Class net.rubygrapefruit.platform.internal.Platform$Posix                             : loaded 2 times (x 81B)
Class com.google.common.cache.LocalCache$Strength$3                                   : loaded 2 times (x 81B)
Class com.google.common.collect.MapDifference                                         : loaded 2 times (x 70B)
Class org.objectweb.asm.FieldWriter                                                   : loaded 2 times (x 78B)
Class com.google.common.cache.CacheBuilder$NullListener                               : loaded 2 times (x 82B)
Class settings_74z0l2fagy64pvqu004t2r6v9                                              : loaded 2 times (x 179B)
Class org.gradle.internal.classpath.TransformedClassPath                              : loaded 2 times (x 96B)
Class org.gradle.internal.classloader.InstrumentingClassLoader                        : loaded 2 times (x 70B)
Class com.google.common.cache.CacheLoader$FunctionToCacheLoader                       : loaded 2 times (x 75B)
Class com.google.common.collect.Iterators$ArrayItr                                    : loaded 2 times (x 97B)
Class com.google.common.collect.ImmutableCollection$Builder                           : loaded 2 times (x 76B)
Class ijKotlinCoroutineJvmDebugInit1_1mmaeqeq6pesofomjq0eqj1s9$_run_closure1          : loaded 2 times (x 139B)
Class com.google.common.base.Joiner                                                   : loaded 2 times (x 79B)
Class com.google.common.base.MoreObjects                                              : loaded 2 times (x 71B)
Class com.google.common.collect.Platform                                              : loaded 2 times (x 71B)
Class [Lorg.objectweb.asm.Type;                                                       : loaded 2 times (x 69B)
Class com.google.common.collect.UnmodifiableIterator                                  : loaded 2 times (x 80B)
Class org.gradle.internal.service.ServiceLocator                                      : loaded 2 times (x 70B)
Class com.google.common.base.Ascii                                                    : loaded 2 times (x 71B)
Class com.google.common.cache.LocalCache$1                                            : loaded 2 times (x 89B)
Class com.google.common.collect.SingletonImmutableBiMap                               : loaded 2 times (x 143B)
Class com.google.common.collect.Iterators$SingletonIterator                           : loaded 2 times (x 81B)
Class com.google.common.collect.AbstractMapEntry                                      : loaded 2 times (x 81B)
Class com.google.common.collect.Sets$ImprovedAbstractSet                              : loaded 2 times (x 135B)
Class com.google.common.collect.ImmutableList$Builder                                 : loaded 2 times (x 77B)
Class com.google.common.collect.AbstractMultimap                                      : loaded 2 times (x 123B)
Class com.google.common.cache.LocalCache$2                                            : loaded 2 times (x 142B)
Class com.google.common.collect.RegularImmutableAsList                                : loaded 2 times (x 217B)
Class com.google.common.util.concurrent.AbstractFuture$Trusted                        : loaded 2 times (x 70B)
Class com.google.common.collect.Iterators                                             : loaded 2 times (x 71B)
Class net.rubygrapefruit.platform.internal.Platform$Linux32Bit                        : loaded 2 times (x 83B)
Class com.google.common.collect.Lists$StringAsImmutableList                           : loaded 2 times (x 207B)
Class com.google.common.util.concurrent.UncheckedExecutionException                   : loaded 2 times (x 82B)
Class net.rubygrapefruit.platform.Native                                              : loaded 2 times (x 71B)
Class net.rubygrapefruit.platform.NativeIntegration                                   : loaded 2 times (x 70B)
Class org.gradle.internal.InternalTransformer                                         : loaded 2 times (x 70B)
Class [Lnet.rubygrapefruit.platform.internal.FunctionResult$Failure;                  : loaded 2 times (x 69B)
Class com.google.common.collect.AbstractMapBasedMultimap$KeySet$1                     : loaded 2 times (x 82B)
Class org.objectweb.asm.ClassWriter                                                   : loaded 2 times (x 106B)
Class com.google.common.base.CharMatcher$And                                          : loaded 2 times (x 112B)
Class com.google.common.cache.CacheLoader$UnsupportedLoadingOperationException        : loaded 2 times (x 82B)
Class org.gradle.internal.classloader.ClasspathUtil$1                                 : loaded 2 times (x 76B)
Class build_9jckm90gyrxqgybibs47fmmkb$_run_closure1                                   : loaded 2 times (x 139B)
Class com.google.common.base.Objects                                                  : loaded 2 times (x 71B)
Class org.objectweb.asm.FieldVisitor                                                  : loaded 2 times (x 77B)
Class com.google.common.collect.IndexedImmutableSet                                   : loaded 2 times (x 152B)
Class com.google.common.collect.ImmutableMap$1                                        : loaded 2 times (x 81B)
Class com.google.common.collect.BiMap                                                 : loaded 2 times (x 70B)
Class org.gradle.api.internal.classpath.DefaultModuleRegistry$DefaultModule           : loaded 2 times (x 86B)
Class com.google.common.primitives.Ints                                               : loaded 2 times (x 71B)
Class com.google.common.collect.AbstractIterator                                      : loaded 2 times (x 82B)
Class com.google.common.collect.ObjectArrays                                          : loaded 2 times (x 71B)
Class com.google.common.collect.Multiset                                              : loaded 2 times (x 70B)
Class com.google.common.collect.ArrayListMultimapGwtSerializationDependencies         : loaded 2 times (x 172B)
Class com.google.common.collect.AbstractIndexedListIterator                           : loaded 2 times (x 96B)
Class com.google.common.math.MathPreconditions                                        : loaded 2 times (x 71B)
Class com.google.common.collect.ImmutableMapEntrySet                                  : loaded 2 times (x 152B)
Class org.gradle.api.internal.classpath.Module                                        : loaded 2 times (x 70B)
Class com.google.common.cache.Weigher                                                 : loaded 2 times (x 70B)
Class org.gradle.api.internal.classpath.UnknownModuleException                        : loaded 2 times (x 82B)
Class com.google.common.base.Stopwatch                                                : loaded 2 times (x 72B)
Class com.google.common.cache.LocalCache$Strength                                     : loaded 2 times (x 81B)
Class com.google.common.cache.Cache                                                   : loaded 2 times (x 70B)
Class com.google.common.util.concurrent.AbstractFuture$Cancellation                   : loaded 2 times (x 72B)
Class com.google.common.collect.ImmutableMap$Builder                                  : loaded 2 times (x 82B)
Class net.rubygrapefruit.platform.internal.FunctionResult                             : loaded 2 times (x 77B)
Class com.google.common.cache.RemovalListener                                         : loaded 2 times (x 70B)
Class org.gradle.api.internal.DefaultClassPathRegistry                                : loaded 2 times (x 76B)
Class net.rubygrapefruit.platform.NativeIntegrationLinkageException                   : loaded 2 times (x 82B)
Class com.google.common.primitives.IntsMethodsForWeb                                  : loaded 2 times (x 71B)
Class com.google.common.collect.Multimap                                              : loaded 2 times (x 70B)
Class org.gradle.api.internal.ClassPathRegistry                                       : loaded 2 times (x 70B)
Class org.gradle.internal.classpath.DefaultClassPath$ImmutableUniqueList              : loaded 2 times (x 199B)
Class com.google.common.base.ExtraObjectsMethodsForWeb                                : loaded 2 times (x 71B)
Class net.rubygrapefruit.platform.internal.jni.NativeLibraryFunctions                 : loaded 2 times (x 71B)
Class com.google.common.cache.CacheBuilder                                            : loaded 2 times (x 72B)
Class com.google.common.collect.SingletonImmutableList                                : loaded 2 times (x 207B)
Class org.gradle.internal.classpath.ClassPath                                         : loaded 2 times (x 70B)
Class org.gradle.api.UncheckedIOException                                             : loaded 2 times (x 82B)
Class com.google.common.base.JdkPattern                                               : loaded 2 times (x 75B)
Class com.google.common.collect.ImmutableList$ReverseImmutableList                    : loaded 2 times (x 209B)
Class net.rubygrapefruit.platform.internal.Platform$Windows                           : loaded 2 times (x 79B)
Class org.objectweb.asm.SymbolTable$Entry                                             : loaded 2 times (x 74B)
Class org.objectweb.asm.Edge                                                          : loaded 2 times (x 72B)
Class com.google.common.base.Suppliers$SupplierOfInstance                             : loaded 2 times (x 79B)
Class com.google.common.collect.Iterators$1                                           : loaded 2 times (x 81B)
Class com.google.common.cache.LocalCache$ComputingValueReference                      : loaded 2 times (x 96B)
Class com.google.common.collect.SingletonImmutableSet                                 : loaded 2 times (x 146B)
Class com.google.common.collect.ImmutableMap$IteratorBasedImmutableMap                : loaded 2 times (x 126B)
Class com.google.common.cache.LocalCache$Segment                                      : loaded 2 times (x 154B)
Class net.rubygrapefruit.platform.internal.LibraryDef                                 : loaded 2 times (x 72B)
Class com.google.common.collect.AbstractListMultimap                                  : loaded 2 times (x 172B)
Class [Lorg.objectweb.asm.SymbolTable$Entry;                                          : loaded 2 times (x 69B)
Class com.google.common.cache.CacheLoader                                             : loaded 2 times (x 74B)
Class com.google.common.collect.Iterators$4                                           : loaded 2 times (x 82B)
Class com.google.common.collect.ImmutableBiMap                                        : loaded 2 times (x 143B)
Class org.gradle.internal.installation.GradleInstallation$1                           : loaded 2 times (x 75B)
Class org.gradle.api.internal.classpath.ModuleRegistry                                : loaded 2 times (x 70B)
Class com.google.common.util.concurrent.internal.InternalFutureFailureAccess          : loaded 2 times (x 72B)
Class com.google.common.collect.Iterators$5                                           : loaded 2 times (x 82B)
Class com.google.common.collect.ImmutableSet$JdkBackedSetBuilderImpl                  : loaded 2 times (x 76B)
Class com.google.common.base.CharMatcher$ForPredicate                                 : loaded 2 times (x 112B)
Class com.google.common.cache.LocalCache$LocalManualCache$1                           : loaded 2 times (x 75B)
Class net.rubygrapefruit.platform.internal.Platform$Window32Bit                       : loaded 2 times (x 79B)
Class com.google.common.base.CharMatcher$AnyOf                                        : loaded 2 times (x 112B)
Class com.google.common.collect.ImmutableCollection                                   : loaded 2 times (x 125B)
Class org.gradle.api.internal.classpath.DefaultModuleRegistry                         : loaded 2 times (x 86B)
Class com.google.common.collect.Lists                                                 : loaded 2 times (x 71B)
Class com.google.common.util.concurrent.ListenableFuture                              : loaded 2 times (x 70B)
Class com.google.common.cache.ReferenceEntry                                          : loaded 2 times (x 70B)
Class com.google.common.base.Converter                                                : loaded 2 times (x 90B)
Class com.google.common.collect.ImmutableSet$CachingAsList                            : loaded 2 times (x 148B)
Class com.google.common.collect.AbstractMapBasedMultimap                              : loaded 2 times (x 139B)
Class com.google.common.util.concurrent.AbstractFuture                                : loaded 2 times (x 106B)
Class com.google.common.base.FunctionalEquivalence                                    : loaded 2 times (x 83B)
Class com.google.common.collect.Iterators$9                                           : loaded 2 times (x 81B)
Class com.google.common.collect.ImmutableAsList                                       : loaded 2 times (x 209B)
Class org.objectweb.asm.RecordComponentVisitor                                        : loaded 2 times (x 77B)
Class com.google.common.cache.CacheLoader$SupplierToCacheLoader                       : loaded 2 times (x 75B)
Class org.gradle.internal.service.ServiceLookupException                              : loaded 2 times (x 82B)
Class [Lcom.google.common.cache.LocalCache$EntryFactory;                              : loaded 2 times (x 69B)
Class org.gradle.internal.classloader.ClassLoaderFactory                              : loaded 2 times (x 70B)
Class net.rubygrapefruit.platform.internal.Platform$Linux                             : loaded 2 times (x 83B)
Class com.google.common.base.CommonPattern                                            : loaded 2 times (x 74B)
Class com.google.common.base.CharMatcher$IsNot                                        : loaded 2 times (x 111B)
Class com.google.common.cache.LocalCache$LocalManualCache                             : loaded 2 times (x 99B)
Class org.gradle.internal.service.CachingServiceLocator                               : loaded 2 times (x 82B)
Class com.google.common.collect.AbstractMapBasedMultimap$KeySet                       : loaded 2 times (x 137B)
Class com.google.common.math.IntMath                                                  : loaded 2 times (x 71B)
Class com.google.common.collect.ImmutableMapEntry                                     : loaded 2 times (x 85B)
Class com.google.common.base.Equivalence                                              : loaded 2 times (x 82B)
Class com.google.common.base.Function                                                 : loaded 2 times (x 70B)
Class com.google.common.collect.ImmutableMapEntry$NonTerminalImmutableMapEntry        : loaded 2 times (x 85B)
Class com.google.common.cache.CacheBuilder$OneWeigher                                 : loaded 2 times (x 82B)
Class com.google.common.collect.RegularImmutableList                                  : loaded 2 times (x 213B)
Class net.rubygrapefruit.platform.internal.Platform$Unsupported                       : loaded 2 times (x 79B)
Class net.rubygrapefruit.platform.internal.Platform$FreeBSD32Bit                      : loaded 2 times (x 82B)
Class org.gradle.internal.classloader.ClasspathUtil                                   : loaded 2 times (x 71B)
Class net.rubygrapefruit.platform.internal.Platform$Unix                              : loaded 2 times (x 82B)
Class com.google.common.util.concurrent.Uninterruptibles                              : loaded 2 times (x 71B)
Class com.google.common.util.concurrent.LazyLogger                                    : loaded 2 times (x 72B)
Class com.google.common.collect.Maps                                                  : loaded 2 times (x 71B)
Class org.gradle.api.specs.Spec                                                       : loaded 2 times (x 70B)
Class [Lcom.google.common.collect.ImmutableEntry;                                     : loaded 2 times (x 69B)
Class ijKotlinCoroutineJvmDebugInit1_1mmaeqeq6pesofomjq0eqj1s9                        : loaded 2 times (x 179B)
Class com.google.common.cache.LocalCache$LoadingValueReference                        : loaded 2 times (x 96B)
Class com.google.common.base.Platform                                                 : loaded 2 times (x 71B)
Class [Lorg.objectweb.asm.AnnotationWriter;                                           : loaded 2 times (x 69B)
Class com.google.common.collect.Maps$8                                                : loaded 2 times (x 82B)
Class ijKotlinCoroutineJvmDebugInit1_1mmaeqeq6pesofomjq0eqj1s9$_run_closure1$_closure2: loaded 2 times (x 139B)
Class com.google.common.collect.Sets$SetView                                          : loaded 2 times (x 138B)
Class com.google.common.cache.LocalCache$StrongValueReference                         : loaded 2 times (x 90B)
Class ijJvmDebugger1_1hd7xic4c10wao9oph84r8fkv                                        : loaded 2 times (x 179B)
Class org.objectweb.asm.Type                                                          : loaded 2 times (x 72B)
Class org.gradle.internal.classloader.VisitableURLClassLoader$InstrumentingVisitableURLClassLoader: loaded 2 times (x 123B)
Class org.objectweb.asm.ByteVector                                                    : loaded 2 times (x 79B)
Class [Lcom.google.common.cache.CacheBuilder$NullListener;                            : loaded 2 times (x 69B)
Class com.google.common.math.IntMath$1                                                : loaded 2 times (x 71B)
Class build_eza7a9j2c2vb3rxwipt3s2sn9$_run_closure1                                   : loaded 2 times (x 139B)
Class org.gradle.internal.classloader.VisitableURLClassLoader$Spec                    : loaded 2 times (x 74B)
Class org.gradle.internal.classpath.DefaultClassPath                                  : loaded 2 times (x 90B)
Class org.objectweb.asm.Symbol                                                        : loaded 2 times (x 73B)
Class com.google.common.io.Closer                                                     : loaded 2 times (x 78B)
Class com.google.common.base.CharMatcher$BitSetMatcher                                : loaded 2 times (x 112B)
Class com.google.common.collect.RegularImmutableMap$Values                            : loaded 2 times (x 207B)
Class com.google.common.collect.ImmutableSet                                          : loaded 2 times (x 145B)
Class org.gradle.internal.classloader.ClassLoaderSpec                                 : loaded 2 times (x 71B)
Class net.rubygrapefruit.platform.internal.Platform$MacOs32Bit                        : loaded 2 times (x 82B)
Class net.rubygrapefruit.platform.internal.Platform$Linux64Bit                        : loaded 2 times (x 83B)
Class org.objectweb.asm.AnnotationWriter                                              : loaded 2 times (x 79B)
Class com.google.common.cache.CacheStats                                              : loaded 2 times (x 71B)
Class com.google.common.io.Closer$Suppressor                                          : loaded 2 times (x 70B)
Class org.objectweb.asm.RecordComponentWriter                                         : loaded 2 times (x 78B)
Class com.google.common.util.concurrent.AbstractFuture$Listener                       : loaded 2 times (x 72B)
Class com.google.common.base.CharMatcher$Or                                           : loaded 2 times (x 112B)
Class org.objectweb.asm.Attribute                                                     : loaded 2 times (x 77B)
Class com.google.common.base.Supplier                                                 : loaded 2 times (x 70B)
Class org.gradle.internal.classloader.VisitableURLClassLoader                         : loaded 2 times (x 117B)
Class net.rubygrapefruit.platform.internal.FunctionResult$Failure                     : loaded 2 times (x 79B)
Class net.rubygrapefruit.platform.internal.NativeLibraryLoader                        : loaded 2 times (x 73B)
Class org.gradle.internal.Cast                                                        : loaded 2 times (x 71B)
Class org.gradle.api.Action                                                           : loaded 2 times (x 70B)
Class com.google.common.base.Strings                                                  : loaded 2 times (x 71B)
Class com.google.common.collect.Sets                                                  : loaded 2 times (x 71B)
Class org.objectweb.asm.Handler                                                       : loaded 2 times (x 72B)
Class com.google.common.base.CharMatcher$FastMatcher                                  : loaded 2 times (x 111B)
Class com.google.common.base.Ticker                                                   : loaded 2 times (x 72B)
Class [Lcom.google.common.cache.LocalCache$Segment;                                   : loaded 2 times (x 69B)
Class com.google.common.base.Predicate                                                : loaded 2 times (x 70B)
Class [Lcom.google.common.cache.LocalCache$Strength;                                  : loaded 2 times (x 69B)
Class com.google.common.cache.CacheBuilder$1                                          : loaded 2 times (x 85B)
Class com.google.common.collect.ImmutableMap                                          : loaded 2 times (x 120B)
Class org.gradle.internal.classpath.DefaultClassPath$ImmutableUniqueList$Builder      : loaded 2 times (x 75B)
Class com.google.common.base.CharMatcher$NegatedFastMatcher                           : loaded 2 times (x 113B)
Class com.google.common.cache.LocalCache                                              : loaded 2 times (x 187B)
Class com.google.common.cache.CacheBuilder$2                                          : loaded 2 times (x 79B)
Class com.google.common.collect.ArrayListMultimap                                     : loaded 2 times (x 172B)
Class com.google.common.cache.CacheBuilder$3                                          : loaded 2 times (x 72B)
Class [Lcom.google.common.collect.AbstractMapEntry;                                   : loaded 2 times (x 69B)
Class com.google.common.collect.ImmutableEntry                                        : loaded 2 times (x 82B)
Class org.gradle.api.GradleException                                                  : loaded 2 times (x 82B)
Class com.google.common.collect.CollectPreconditions                                  : loaded 2 times (x 71B)
Class build_eza7a9j2c2vb3rxwipt3s2sn9                                                 : loaded 2 times (x 180B)
Class com.google.common.collect.SortedMapDifference                                   : loaded 2 times (x 70B)
Class net.rubygrapefruit.platform.internal.NativeLibraryLocator                       : loaded 2 times (x 73B)
Class net.rubygrapefruit.platform.Process                                             : loaded 2 times (x 70B)
Class com.google.common.cache.LocalCache$EntryFactory                                 : loaded 2 times (x 83B)
Class ijJvmDebugger1_1hd7xic4c10wao9oph84r8fkv$_run_closure1$_closure2                : loaded 2 times (x 140B)
Class com.google.common.cache.LocalCache$AbstractReferenceEntry                       : loaded 2 times (x 107B)
Class org.gradle.internal.IoActions                                                   : loaded 2 times (x 71B)
Class org.objectweb.asm.SymbolTable                                                   : loaded 2 times (x 72B)
Class com.google.common.cache.CacheLoader$InvalidCacheLoadException                   : loaded 2 times (x 82B)
Class com.google.common.collect.ImmutableSet$RegularSetBuilderImpl                    : loaded 2 times (x 77B)
Class org.gradle.internal.classloader.SystemClassLoaderSpec                           : loaded 2 times (x 71B)
Class com.google.common.cache.LocalCache$StrongEntry                                  : loaded 2 times (x 108B)
Class com.google.common.util.concurrent.AbstractFuture$TrustedFuture                  : loaded 2 times (x 114B)
Class com.google.common.cache.LoadingCache                                            : loaded 2 times (x 70B)
Class net.rubygrapefruit.platform.ProcessLauncher                                     : loaded 2 times (x 70B)
Class org.objectweb.asm.MethodWriter                                                  : loaded 2 times (x 106B)
Class [Lcom.google.common.cache.Weigher;                                              : loaded 2 times (x 69B)
Class com.google.common.collect.RegularImmutableMap$BucketOverflowException           : loaded 2 times (x 82B)
Class com.google.common.base.CharMatcher$Negated                                      : loaded 2 times (x 113B)
Class com.google.common.base.CharMatcher$Is                                           : loaded 2 times (x 111B)
Class com.google.common.cache.LocalCache$ValueReference                               : loaded 2 times (x 70B)
Class com.google.common.collect.RegularImmutableBiMap                                 : loaded 2 times (x 149B)
Class com.google.common.base.PatternCompiler                                          : loaded 2 times (x 70B)
Class com.google.common.util.concurrent.AbstractFuture$Failure                        : loaded 2 times (x 72B)
Class com.google.common.base.Equivalence$Equals                                       : loaded 2 times (x 82B)
Class com.google.common.collect.Hashing                                               : loaded 2 times (x 71B)
Class com.google.common.base.Preconditions                                            : loaded 2 times (x 71B)
Class com.google.common.base.Joiner$1                                                 : loaded 2 times (x 80B)
Class org.objectweb.asm.Label                                                         : loaded 2 times (x 73B)
Class org.objectweb.asm.CurrentFrame                                                  : loaded 2 times (x 73B)
Class org.objectweb.asm.ClassTooLargeException                                        : loaded 2 times (x 83B)
Class com.google.common.base.CharMatcher                                              : loaded 2 times (x 111B)
Class com.google.common.collect.PeekingIterator                                       : loaded 2 times (x 70B)
Class com.google.common.collect.Maps$IteratorBasedAbstractMap                         : loaded 2 times (x 125B)
Class com.google.common.base.Joiner$2                                                 : loaded 2 times (x 79B)
Class org.objectweb.asm.Frame                                                         : loaded 2 times (x 73B)
Class org.objectweb.asm.MethodVisitor                                                 : loaded 2 times (x 105B)
Class com.google.common.base.CharMatcher$1                                            : loaded 2 times (x 113B)
Class com.google.common.base.CharMatcher$NamedFastMatcher                             : loaded 2 times (x 112B)
Class com.google.common.cache.LocalCache$EntryFactory$1                               : loaded 2 times (x 83B)
Class [Lcom.google.common.cache.RemovalListener;                                      : loaded 2 times (x 69B)
Class com.google.common.cache.LocalCache$EntryFactory$2                               : loaded 2 times (x 83B)
Class org.gradle.api.internal.classpath.GlobalCacheRootsProvider                      : loaded 2 times (x 70B)
Class org.objectweb.asm.ModuleWriter                                                  : loaded 2 times (x 82B)
Class com.google.common.cache.LocalCache$EntryFactory$3                               : loaded 2 times (x 83B)
Class com.google.common.base.Ticker$1                                                 : loaded 2 times (x 72B)
Class com.google.common.collect.Maps$BiMapConverter                                   : loaded 2 times (x 90B)
Class com.google.common.collect.ImmutableMapEntrySet$RegularEntrySet                  : loaded 2 times (x 152B)
Class net.rubygrapefruit.platform.internal.Platform$MacOs                             : loaded 2 times (x 82B)
Class net.rubygrapefruit.platform.internal.Platform$Window64Bit                       : loaded 2 times (x 79B)
Class com.google.common.base.CharMatcher$InRange                                      : loaded 2 times (x 111B)
Class com.google.common.cache.LocalCache$EntryFactory$4                               : loaded 2 times (x 83B)
Class com.google.common.collect.ImmutableSet$Builder                                  : loaded 2 times (x 85B)
Class com.google.common.cache.LocalCache$EntryFactory$5                               : loaded 2 times (x 83B)
Class com.google.common.cache.LocalCache$EntryFactory$6                               : loaded 2 times (x 83B)
Class org.gradle.internal.installation.CurrentGradleInstallationLocator               : loaded 2 times (x 71B)
Class com.google.common.collect.Maps$KeySet                                           : loaded 2 times (x 137B)
Class com.google.common.cache.LocalCache$EntryFactory$7                               : loaded 2 times (x 83B)
Class com.google.common.collect.ImmutableSet$EmptySetBuilderImpl                      : loaded 2 times (x 76B)
Class com.google.common.collect.ImmutableList                                         : loaded 2 times (x 206B)
Class org.gradle.internal.service.DefaultServiceLocator                               : loaded 2 times (x 83B)
Class com.google.common.cache.LocalCache$EntryFactory$8                               : loaded 2 times (x 83B)
Class com.google.common.collect.ImmutableSet$SetBuilderImpl                           : loaded 2 times (x 76B)
Class org.gradle.internal.installation.CurrentGradleInstallation                      : loaded 2 times (x 73B)
Class com.google.common.cache.CacheLoader$1                                           : loaded 2 times (x 75B)
Class com.google.common.collect.ForwardingObject                                      : loaded 2 times (x 72B)
Class com.google.common.collect.ImmutableList$SubList                                 : loaded 2 times (x 209B)
Class org.gradle.util.internal.GUtil                                                  : loaded 2 times (x 71B)
Class com.google.common.cache.AbstractCache$StatsCounter                              : loaded 2 times (x 70B)
Class build_eza7a9j2c2vb3rxwipt3s2sn9$_run_closure1$_closure3                         : loaded 2 times (x 139B)
Class ijJvmDebugger1_1hd7xic4c10wao9oph84r8fkv$_run_closure1                          : loaded 2 times (x 139B)
Class com.google.common.collect.Iterators$MergingIterator                             : loaded 2 times (x 81B)
Class com.google.common.collect.RegularImmutableSet                                   : loaded 2 times (x 149B)
Class org.gradle.internal.installation.GradleInstallation                             : loaded 2 times (x 75B)
Class com.google.common.collect.Iterables                                             : loaded 2 times (x 71B)

---------------  S Y S T E M  ---------------

OS:
 Windows 11 , 64 bit Build 26100 (10.0.26100.7705)
OS uptime: 0 days 14:56 hours
Hyper-V role detected

CPU: total 8 (initial active 8) (8 cores per cpu, 2 threads per core) family 23 model 24 stepping 1 microcode 0x8108109, cx8, cmov, fxsr, ht, mmx, 3dnowpref, sse, sse2, sse3, ssse3, sse4a, sse4.1, sse4.2, popcnt, lzcnt, tsc, tscinvbit, avx, avx2, aes, clmul, bmi1, bmi2, adx, sha, fma, vzeroupper, clflush, clflushopt, hv, rdtscp, f16c
Processor Information for the first 8 processors :
  Max Mhz: 2100, Current Mhz: 2100, Mhz Limit: 2100

Memory: 4k page, system-wide physical 7103M (768M free)
TotalPageFile size 15103M (AvailPageFile size 22M)
current process WorkingSet (physical memory assigned to process): 579M, peak: 585M
current process commit charge ("private bytes"): 861M, peak: 1033M

vm_info: OpenJDK 64-Bit Server VM (21.0.10+-14961533-b1163.108) for windows-amd64 JRE (21.0.10+-14961533-b1163.108), built on 2026-03-02T19:58:50Z by "builder" with MS VC++ 16.10 / 16.11 (VS2019)

END.
