#
# There is insufficient memory for the Java Runtime Environment to continue.
# Native memory allocation (mmap) failed to map 226492416 bytes. Error detail: G1 virtual space
# Possible reasons:
#   The system is out of physical RAM or swap space
#   This process is running with CompressedOops enabled, and the Java Heap may be blocking the growth of the native heap
# Possible solutions:
#   Reduce memory load on the system
#   Increase physical memory or swap space
#   Check if swap backing store is full
#   Decrease Java heap size (-Xmx/-Xms)
#   Decrease number of Java threads
#   Decrease Java thread stack sizes (-Xss)
#   Set larger code cache with -XX:ReservedCodeCacheSize=
#   JVM is running with Unscaled Compressed Oops mode in which the Java heap is
#     placed in the first 4GB address space. The Java Heap base address is the
#     maximum limit for the native heap growth. Please use -XX:HeapBaseMinAddress
#     to set the Java Heap base and to place the Java Heap above 4GB virtual address.
# This output file may be truncated or incomplete.
#
#  Out of Memory Error (os_windows.cpp:3926), pid=24328, tid=10684
#
# JRE version: OpenJDK Runtime Environment (21.0.10) (build 21.0.10+-14961533-b1163.108)
# Java VM: OpenJDK 64-Bit Server VM (21.0.10+-14961533-b1163.108, mixed mode, tiered, compressed oops, compressed class ptrs, g1 gc, windows-amd64)
# No core dump will be written. Minidumps are not enabled by default on client versions of Windows
#

---------------  S U M M A R Y ------------

Command Line: --add-opens=java.base/java.lang=ALL-UNNAMED --add-opens=java.base/java.lang.invoke=ALL-UNNAMED --add-opens=java.base/java.util=ALL-UNNAMED --add-opens=java.prefs/java.util.prefs=ALL-UNNAMED --add-exports=jdk.compiler/com.sun.tools.javac.api=ALL-UNNAMED --add-exports=jdk.compiler/com.sun.tools.javac.util=ALL-UNNAMED --add-opens=java.base/java.util=ALL-UNNAMED --add-opens=java.prefs/java.util.prefs=ALL-UNNAMED --add-opens=java.base/java.nio.charset=ALL-UNNAMED --add-opens=java.base/java.net=ALL-UNNAMED --add-opens=java.base/java.util.concurrent.atomic=ALL-UNNAMED --add-opens=java.xml/javax.xml.namespace=ALL-UNNAMED -Xmx2048m -Dfile.encoding=UTF-8 -Duser.country=GB -Duser.language=en -Duser.variant -javaagent:C:\Users\admin\.gradle\wrapper\dists\gradle-8.14.4-bin\92wwslzcyst3phie3o264zltu\gradle-8.14.4\lib\agents\gradle-instrumentation-agent-8.14.4.jar org.gradle.launcher.daemon.bootstrap.GradleDaemon 8.14.4

Host: AMD Ryzen 5 3500U with Radeon Vega Mobile Gfx  , 8 cores, 6G,  Windows 11 , 64 bit Build 26100 (10.0.26100.7705)
Time: Thu May 28 08:37:12 2026 South Africa Standard Time elapsed time: 126.522416 seconds (0d 0h 2m 6s)

---------------  T H R E A D  ---------------

Current thread (0x000001ebe1118a90):  VMThread "VM Thread"          [id=10684, stack(0x0000001693300000,0x0000001693400000) (1024K)]

Stack: [0x0000001693300000,0x0000001693400000]
Native frames: (J=compiled Java code, j=interpreted, Vv=VM code, C=native code)
V  [jvm.dll+0x6d78a9]
V  [jvm.dll+0x8665b3]
V  [jvm.dll+0x868bde]
V  [jvm.dll+0x8692c3]
V  [jvm.dll+0x280ee6]
V  [jvm.dll+0x6d4165]
V  [jvm.dll+0x6c77fa]
V  [jvm.dll+0x358f4b]
V  [jvm.dll+0x360bc6]
V  [jvm.dll+0x3b2ea6]
V  [jvm.dll+0x3b3178]
V  [jvm.dll+0x32b65c]
V  [jvm.dll+0x32e066]
V  [jvm.dll+0x337f3d]
V  [jvm.dll+0x36f6a5]
V  [jvm.dll+0x86f048]
V  [jvm.dll+0x870394]
V  [jvm.dll+0x8708d0]
V  [jvm.dll+0x870b63]
V  [jvm.dll+0x80fd28]
V  [jvm.dll+0x6d60fd]
C  [ucrtbase.dll+0x37b0]
C  [KERNEL32.DLL+0x2e8d7]
C  [ntdll.dll+0x8c40c]

VM_Operation (0x0000001692effa60): G1PauseRemark, mode: safepoint, requested by thread 0x000001ebc9925960


---------------  P R O C E S S  ---------------

Threads class SMR info:
_java_thread_list=0x000001ebf25ac9e0, length=155, elements={
0x000001ebc743afd0, 0x000001ebe115ce70, 0x000001ebe117ead0, 0x000001ebe11800a0,
0x000001ebe118a000, 0x000001ebe119b040, 0x000001ebe11a0230, 0x000001ebe11a0c90,
0x000001ebe11a1a20, 0x000001ebe11a3ba0, 0x000001ebe155c340, 0x000001ebe798ea40,
0x000001ebe6ef1000, 0x000001ebe12cb420, 0x000001ebe723c010, 0x000001ebe723c680,
0x000001ebe6f98c40, 0x000001ebe1765900, 0x000001ebe1766620, 0x000001ebe1765f90,
0x000001ebe1766cb0, 0x000001ebe72a3cf0, 0x000001ebe72a4a10, 0x000001ebe72a5730,
0x000001ebe72a3660, 0x000001ebe72a4380, 0x000001ebe72a2940, 0x000001ebe72a22b0,
0x000001ebe72a5dc0, 0x000001ebe72a6450, 0x000001ebe72a8bb0, 0x000001ebe72a7170,
0x000001ebe72a9240, 0x000001ebe72a8520, 0x000001ebe72a6ae0, 0x000001ebe72a7800,
0x000001ebe8885ab0, 0x000001ebe8886e60, 0x000001ebe8886140, 0x000001ebe88867d0,
0x000001ebe8885420, 0x000001ebe8887b80, 0x000001ebe8884700, 0x000001ebe8888f30,
0x000001ebe8888210, 0x000001ebe88895c0, 0x000001ebe8889c50, 0x000001ebe888a970,
0x000001ebe88888a0, 0x000001ebe888a2e0, 0x000001ebe88874f0, 0x000001ebe888b000,
0x000001ebe888b690, 0x000001ebe888bd20, 0x000001ebe8e814f0, 0x000001ebe8e807d0,
0x000001ebe8e80e60, 0x000001ebe8e7fab0, 0x000001ebe8e80140, 0x000001ebe8e82210,
0x000001ebe8e828a0, 0x000001ebe8e84970, 0x000001ebe8e85000, 0x000001ebe8e842e0,
0x000001ebe8e81b80, 0x000001ebe8e85690, 0x000001ebe8e85d20, 0x000001ebe8e86a40,
0x000001ebe8e835c0, 0x000001ebe8e870d0, 0x000001ebe7440480, 0x000001ebe743fdf0,
0x000001ebe743e3b0, 0x000001ebe74411a0, 0x000001ebe743f0d0, 0x000001ebe743ea40,
0x000001ebe7440b10, 0x000001ebe7441830, 0x000001ebe7441ec0, 0x000001ebe7442550,
0x000001ebe7442be0, 0x000001ebe743f760, 0x000001ebe7444cb0, 0x000001ebe7443900,
0x000001ebe7443f90, 0x000001ebe74459d0, 0x000001ebe7445340, 0x000001ebe7443270,
0x000001ebe8ca06d0, 0x000001ebe8ca13f0, 0x000001ebe8ca1a80, 0x000001ebe8c9ec90,
0x000001ebe7143710, 0x000001ebe7143da0, 0x000001ebe7141cd0, 0x000001ebe7142360,
0x000001ebe71429f0, 0x000001ebe7140fb0, 0x000001ebe7147220, 0x000001ebe7145150,
0x000001ebe71478b0, 0x000001ebe7144430, 0x000001ebe71485d0, 0x000001ebe71457e0,
0x000001ebe7145e70, 0x000001ebe7146500, 0x000001ebe7147f40, 0x000001ebec62afc0,
0x000001ebec62ca00, 0x000001ebec62ddb0, 0x000001ebf1dab6d0, 0x000001ebf1dad7a0,
0x000001ebf1dabd60, 0x000001ebf1b4ea00, 0x000001ebf1b4e370, 0x000001ebf1b50440,
0x000001ebf1b4d650, 0x000001ebf1b4f720, 0x000001ebf1b4dce0, 0x000001ebf1b517f0,
0x000001ebf1b50ad0, 0x000001ebf1b51e80, 0x000001ebf1b52510, 0x000001ebf1b4f090,
0x000001ebf1b52ba0, 0x000001ebf1b4fdb0, 0x000001ebf1b566b0, 0x000001ebf1b53f50,
0x000001ebf1b56d40, 0x000001ebf1b54c70, 0x000001ebf1b545e0, 0x000001ebf1b538c0,
0x000001ebf1b55300, 0x000001ebf1b55990, 0x000001ebf1b573d0, 0x000001ebf1b56020,
0x000001ebec62b650, 0x000001ebe8c9df70, 0x000001ebe8ca5590, 0x000001ebe7143080,
0x000001ebe8e83c50, 0x000001ebf2c6dcf0, 0x000001ebf2c6f0a0, 0x000001ebf2c6e380,
0x000001ebf2c70450, 0x000001ebf2c6ea10, 0x000001ebf2c70ae0, 0x000001ebf2c6d660,
0x000001ebf2c73f60, 0x000001ebf2c71800, 0x000001ebf2c738d0, 0x000001ebf2c71e90,
0x000001ebf2c745f0, 0x000001ebf2c72bb0, 0x000001ebf2164770
}

Java Threads: ( => current thread )
  0x000001ebc743afd0 JavaThread "main"                              [_thread_blocked, id=22176, stack(0x0000001692c00000,0x0000001692d00000) (1024K)]
  0x000001ebe115ce70 JavaThread "Common-Cleaner"             daemon [_thread_blocked, id=19996, stack(0x0000001693400000,0x0000001693500000) (1024K)]
  0x000001ebe117ead0 JavaThread "Reference Handler"          daemon [_thread_blocked, id=21196, stack(0x0000001693500000,0x0000001693600000) (1024K)]
  0x000001ebe11800a0 JavaThread "Finalizer"                  daemon [_thread_blocked, id=23532, stack(0x0000001693600000,0x0000001693700000) (1024K)]
  0x000001ebe118a000 JavaThread "Signal Dispatcher"          daemon [_thread_blocked, id=13800, stack(0x0000001693700000,0x0000001693800000) (1024K)]
  0x000001ebe119b040 JavaThread "Attach Listener"            daemon [_thread_blocked, id=24404, stack(0x0000001693800000,0x0000001693900000) (1024K)]
  0x000001ebe11a0230 JavaThread "Service Thread"             daemon [_thread_blocked, id=23624, stack(0x0000001693900000,0x0000001693a00000) (1024K)]
  0x000001ebe11a0c90 JavaThread "Monitor Deflation Thread"   daemon [_thread_blocked, id=22408, stack(0x0000001693a00000,0x0000001693b00000) (1024K)]
  0x000001ebe11a1a20 JavaThread "C2 CompilerThread0"         daemon [_thread_blocked, id=20188, stack(0x0000001693b00000,0x0000001693c00000) (1024K)]
  0x000001ebe11a3ba0 JavaThread "C1 CompilerThread0"         daemon [_thread_blocked, id=24464, stack(0x0000001693c00000,0x0000001693d00000) (1024K)]
  0x000001ebe155c340 JavaThread "Notification Thread"        daemon [_thread_blocked, id=17016, stack(0x0000001693d00000,0x0000001693e00000) (1024K)]
  0x000001ebe798ea40 JavaThread "Daemon health stats"               [_thread_blocked, id=6480, stack(0x0000001694300000,0x0000001694400000) (1024K)]
  0x000001ebe6ef1000 JavaThread "Incoming local TCP Connector on port 2349"        [_thread_in_native, id=21252, stack(0x0000001694400000,0x0000001694500000) (1024K)]
  0x000001ebe12cb420 JavaThread "Daemon"                            [_thread_blocked, id=22592, stack(0x0000001694500000,0x0000001694600000) (1024K)]
  0x000001ebe723c010 JavaThread "Handler for socket connection from /127.0.0.1:2349 to /127.0.0.1:2350"        [_thread_in_native, id=24124, stack(0x0000001694600000,0x0000001694700000) (1024K)]
  0x000001ebe723c680 JavaThread "Daemon periodic checks"            [_thread_blocked, id=7064, stack(0x0000001694700000,0x0000001694800000) (1024K)]
  0x000001ebe6f98c40 JavaThread "Cancel handler"                    [_thread_blocked, id=19352, stack(0x0000001694800000,0x0000001694900000) (1024K)]
  0x000001ebe1765900 JavaThread "Daemon worker"                     [_thread_blocked, id=15632, stack(0x0000001694900000,0x0000001694a00000) (1024K)]
  0x000001ebe1766620 JavaThread "Asynchronous log dispatcher for DefaultDaemonConnection: socket connection from /127.0.0.1:2349 to /127.0.0.1:2350"        [_thread_blocked, id=22984, stack(0x0000001694a00000,0x0000001694b00000) (1024K)]
  0x000001ebe1765f90 JavaThread "Stdin handler"                     [_thread_blocked, id=10344, stack(0x0000001694b00000,0x0000001694c00000) (1024K)]
  0x000001ebe1766cb0 JavaThread "Daemon client event forwarder"        [_thread_blocked, id=7352, stack(0x0000001694c00000,0x0000001694d00000) (1024K)]
  0x000001ebe72a3cf0 JavaThread "Cache worker for journal cache (C:\Users\admin\.gradle\caches\journal-1)"        [_thread_blocked, id=21548, stack(0x0000001695000000,0x0000001695100000) (1024K)]
  0x000001ebe72a4a10 JavaThread "File lock request listener"        [_thread_in_native, id=15436, stack(0x0000001695100000,0x0000001695200000) (1024K)]
  0x000001ebe72a5730 JavaThread "Cache worker for file hash cache (C:\Users\admin\.gradle\caches\8.14.4\fileHashes)"        [_thread_blocked, id=19844, stack(0x0000001695300000,0x0000001695400000) (1024K)]
  0x000001ebe72a3660 JavaThread "Cache worker for file hash cache (C:\Users\admin\Desktop\ORGANISED\Git\android\.gradle\8.14.4\fileHashes)"        [_thread_blocked, id=20876, stack(0x0000001695400000,0x0000001695500000) (1024K)]
  0x000001ebe72a4380 JavaThread "Cache worker for Build Output Cleanup Cache (C:\Users\admin\Desktop\ORGANISED\Git\android\.gradle\buildOutputCleanup)"        [_thread_blocked, id=16908, stack(0x0000001695500000,0x0000001695600000) (1024K)]
  0x000001ebe72a2940 JavaThread "File watcher server"        daemon [_thread_blocked, id=12600, stack(0x0000001695600000,0x0000001695700000) (1024K)]
  0x000001ebe72a22b0 JavaThread "File watcher consumer"      daemon [_thread_blocked, id=1372, stack(0x0000001695700000,0x0000001695800000) (1024K)]
  0x000001ebe72a5dc0 JavaThread "jar transforms"                    [_thread_blocked, id=22664, stack(0x0000001695800000,0x0000001695900000) (1024K)]
  0x000001ebe72a6450 JavaThread "jar transforms Thread 2"           [_thread_blocked, id=6212, stack(0x0000001695900000,0x0000001695a00000) (1024K)]
  0x000001ebe72a8bb0 JavaThread "Cache worker for checksums cache (C:\Users\admin\Desktop\ORGANISED\Git\android\.gradle\8.14.4\checksums)"        [_thread_blocked, id=21152, stack(0x0000001695a00000,0x0000001695b00000) (1024K)]
  0x000001ebe72a7170 JavaThread "Cache worker for file content cache (C:\Users\admin\.gradle\caches\8.14.4\fileContent)"        [_thread_blocked, id=22532, stack(0x0000001695b00000,0x0000001695c00000) (1024K)]
  0x000001ebe72a9240 JavaThread "jar transforms Thread 3"           [_thread_blocked, id=19856, stack(0x0000001692900000,0x0000001692a00000) (1024K)]
  0x000001ebe72a8520 JavaThread "jar transforms Thread 4"           [_thread_blocked, id=19916, stack(0x0000001695c00000,0x0000001695d00000) (1024K)]
  0x000001ebe72a6ae0 JavaThread "jar transforms Thread 5"           [_thread_blocked, id=820, stack(0x0000001695d00000,0x0000001695e00000) (1024K)]
  0x000001ebe72a7800 JavaThread "Cache worker for cache directory md-supplier (C:\Users\admin\.gradle\caches\8.14.4\md-supplier)"        [_thread_blocked, id=22772, stack(0x0000001695e00000,0x0000001695f00000) (1024K)]
  0x000001ebe8885ab0 JavaThread "Cache worker for cache directory md-rule (C:\Users\admin\.gradle\caches\8.14.4\md-rule)"        [_thread_blocked, id=8564, stack(0x0000001695200000,0x0000001695300000) (1024K)]
  0x000001ebe8886e60 JavaThread "Unconstrained build operations"        [_thread_blocked, id=19568, stack(0x0000001696000000,0x0000001696100000) (1024K)]
  0x000001ebe8886140 JavaThread "Unconstrained build operations Thread 2"        [_thread_blocked, id=23456, stack(0x0000001696100000,0x0000001696200000) (1024K)]
  0x000001ebe88867d0 JavaThread "Unconstrained build operations Thread 3"        [_thread_blocked, id=13604, stack(0x0000001696200000,0x0000001696300000) (1024K)]
  0x000001ebe8885420 JavaThread "Unconstrained build operations Thread 4"        [_thread_blocked, id=21748, stack(0x0000001696300000,0x0000001696400000) (1024K)]
  0x000001ebe8887b80 JavaThread "Unconstrained build operations Thread 5"        [_thread_blocked, id=1396, stack(0x0000001696400000,0x0000001696500000) (1024K)]
  0x000001ebe8884700 JavaThread "Unconstrained build operations Thread 6"        [_thread_blocked, id=21496, stack(0x0000001696500000,0x0000001696600000) (1024K)]
  0x000001ebe8888f30 JavaThread "Unconstrained build operations Thread 7"        [_thread_blocked, id=10700, stack(0x0000001696600000,0x0000001696700000) (1024K)]
  0x000001ebe8888210 JavaThread "Unconstrained build operations Thread 8"        [_thread_blocked, id=4292, stack(0x0000001696700000,0x0000001696800000) (1024K)]
  0x000001ebe88895c0 JavaThread "Unconstrained build operations Thread 9"        [_thread_blocked, id=12636, stack(0x0000001696800000,0x0000001696900000) (1024K)]
  0x000001ebe8889c50 JavaThread "Unconstrained build operations Thread 10"        [_thread_blocked, id=23728, stack(0x0000001696900000,0x0000001696a00000) (1024K)]
  0x000001ebe888a970 JavaThread "Unconstrained build operations Thread 11"        [_thread_blocked, id=6908, stack(0x0000001696a00000,0x0000001696b00000) (1024K)]
  0x000001ebe88888a0 JavaThread "Unconstrained build operations Thread 12"        [_thread_blocked, id=22824, stack(0x0000001696b00000,0x0000001696c00000) (1024K)]
  0x000001ebe888a2e0 JavaThread "Unconstrained build operations Thread 13"        [_thread_blocked, id=16932, stack(0x0000001696c00000,0x0000001696d00000) (1024K)]
  0x000001ebe88874f0 JavaThread "Unconstrained build operations Thread 14"        [_thread_blocked, id=15364, stack(0x0000001696d00000,0x0000001696e00000) (1024K)]
  0x000001ebe888b000 JavaThread "jar transforms Thread 6"           [_thread_blocked, id=19112, stack(0x0000001696e00000,0x0000001696f00000) (1024K)]
  0x000001ebe888b690 JavaThread "jar transforms Thread 7"           [_thread_blocked, id=14084, stack(0x0000001696f00000,0x0000001697000000) (1024K)]
  0x000001ebe888bd20 JavaThread "Unconstrained build operations Thread 15"        [_thread_blocked, id=21056, stack(0x0000001697000000,0x0000001697100000) (1024K)]
  0x000001ebe8e814f0 JavaThread "Unconstrained build operations Thread 16"        [_thread_blocked, id=1720, stack(0x0000001697100000,0x0000001697200000) (1024K)]
  0x000001ebe8e807d0 JavaThread "Unconstrained build operations Thread 17"        [_thread_blocked, id=23100, stack(0x0000001697200000,0x0000001697300000) (1024K)]
  0x000001ebe8e80e60 JavaThread "Unconstrained build operations Thread 18"        [_thread_blocked, id=20524, stack(0x0000001697300000,0x0000001697400000) (1024K)]
  0x000001ebe8e7fab0 JavaThread "Unconstrained build operations Thread 19"        [_thread_blocked, id=16656, stack(0x0000001697400000,0x0000001697500000) (1024K)]
  0x000001ebe8e80140 JavaThread "Unconstrained build operations Thread 20"        [_thread_blocked, id=7320, stack(0x0000001697500000,0x0000001697600000) (1024K)]
  0x000001ebe8e82210 JavaThread "Unconstrained build operations Thread 21"        [_thread_blocked, id=13560, stack(0x0000001697600000,0x0000001697700000) (1024K)]
  0x000001ebe8e828a0 JavaThread "jar transforms Thread 8"           [_thread_blocked, id=4552, stack(0x0000001697700000,0x0000001697800000) (1024K)]
  0x000001ebe8e84970 JavaThread "Unconstrained build operations Thread 22"        [_thread_blocked, id=4044, stack(0x0000001695f00000,0x0000001696000000) (1024K)]
  0x000001ebe8e85000 JavaThread "Unconstrained build operations Thread 23"        [_thread_blocked, id=6824, stack(0x0000001697900000,0x0000001697a00000) (1024K)]
  0x000001ebe8e842e0 JavaThread "Unconstrained build operations Thread 24"        [_thread_blocked, id=3544, stack(0x0000001697a00000,0x0000001697b00000) (1024K)]
  0x000001ebe8e81b80 JavaThread "Unconstrained build operations Thread 25"        [_thread_blocked, id=13436, stack(0x0000001697b00000,0x0000001697c00000) (1024K)]
  0x000001ebe8e85690 JavaThread "Unconstrained build operations Thread 26"        [_thread_blocked, id=21048, stack(0x0000001697c00000,0x0000001697d00000) (1024K)]
  0x000001ebe8e85d20 JavaThread "Unconstrained build operations Thread 27"        [_thread_blocked, id=24252, stack(0x0000001697d00000,0x0000001697e00000) (1024K)]
  0x000001ebe8e86a40 JavaThread "Unconstrained build operations Thread 28"        [_thread_blocked, id=20332, stack(0x0000001697e00000,0x0000001697f00000) (1024K)]
  0x000001ebe8e835c0 JavaThread "Unconstrained build operations Thread 29"        [_thread_blocked, id=3448, stack(0x0000001697f00000,0x0000001698000000) (1024K)]
  0x000001ebe8e870d0 JavaThread "Unconstrained build operations Thread 30"        [_thread_blocked, id=21632, stack(0x0000001698000000,0x0000001698100000) (1024K)]
  0x000001ebe7440480 JavaThread "Unconstrained build operations Thread 31"        [_thread_blocked, id=7052, stack(0x0000001698100000,0x0000001698200000) (1024K)]
  0x000001ebe743fdf0 JavaThread "Unconstrained build operations Thread 32"        [_thread_blocked, id=24068, stack(0x0000001698200000,0x0000001698300000) (1024K)]
  0x000001ebe743e3b0 JavaThread "Unconstrained build operations Thread 33"        [_thread_blocked, id=18328, stack(0x0000001698300000,0x0000001698400000) (1024K)]
  0x000001ebe74411a0 JavaThread "Unconstrained build operations Thread 34"        [_thread_blocked, id=6352, stack(0x0000001698400000,0x0000001698500000) (1024K)]
  0x000001ebe743f0d0 JavaThread "Unconstrained build operations Thread 35"        [_thread_blocked, id=12336, stack(0x0000001698500000,0x0000001698600000) (1024K)]
  0x000001ebe743ea40 JavaThread "Unconstrained build operations Thread 36"        [_thread_blocked, id=14696, stack(0x0000001698600000,0x0000001698700000) (1024K)]
  0x000001ebe7440b10 JavaThread "Unconstrained build operations Thread 37"        [_thread_blocked, id=13088, stack(0x0000001698700000,0x0000001698800000) (1024K)]
  0x000001ebe7441830 JavaThread "Unconstrained build operations Thread 38"        [_thread_blocked, id=6984, stack(0x0000001698800000,0x0000001698900000) (1024K)]
  0x000001ebe7441ec0 JavaThread "Unconstrained build operations Thread 39"        [_thread_blocked, id=15092, stack(0x0000001698900000,0x0000001698a00000) (1024K)]
  0x000001ebe7442550 JavaThread "Unconstrained build operations Thread 40"        [_thread_blocked, id=21468, stack(0x0000001698a00000,0x0000001698b00000) (1024K)]
  0x000001ebe7442be0 JavaThread "Unconstrained build operations Thread 41"        [_thread_blocked, id=22672, stack(0x0000001698b00000,0x0000001698c00000) (1024K)]
  0x000001ebe743f760 JavaThread "Unconstrained build operations Thread 42"        [_thread_blocked, id=22004, stack(0x0000001698d00000,0x0000001698e00000) (1024K)]
  0x000001ebe7444cb0 JavaThread "Unconstrained build operations Thread 43"        [_thread_blocked, id=23948, stack(0x0000001698e00000,0x0000001698f00000) (1024K)]
  0x000001ebe7443900 JavaThread "Unconstrained build operations Thread 44"        [_thread_blocked, id=4588, stack(0x0000001698f00000,0x0000001699000000) (1024K)]
  0x000001ebe7443f90 JavaThread "Unconstrained build operations Thread 45"        [_thread_blocked, id=20740, stack(0x0000001699000000,0x0000001699100000) (1024K)]
  0x000001ebe74459d0 JavaThread "Unconstrained build operations Thread 46"        [_thread_blocked, id=21856, stack(0x0000001699100000,0x0000001699200000) (1024K)]
  0x000001ebe7445340 JavaThread "Unconstrained build operations Thread 47"        [_thread_blocked, id=20436, stack(0x0000001699200000,0x0000001699300000) (1024K)]
  0x000001ebe7443270 JavaThread "Unconstrained build operations Thread 48"        [_thread_blocked, id=16256, stack(0x0000001699300000,0x0000001699400000) (1024K)]
  0x000001ebe8ca06d0 JavaThread "Problems report writer"            [_thread_blocked, id=22736, stack(0x0000001698c00000,0x0000001698d00000) (1024K)]
  0x000001ebe8ca13f0 JavaThread "build event listener"              [_thread_blocked, id=7292, stack(0x0000001699400000,0x0000001699500000) (1024K)]
  0x000001ebe8ca1a80 JavaThread "Memory manager"                    [_thread_blocked, id=18068, stack(0x0000001699600000,0x0000001699700000) (1024K)]
  0x000001ebe8c9ec90 JavaThread "build event listener"              [_thread_blocked, id=20908, stack(0x0000001699700000,0x0000001699800000) (1024K)]
  0x000001ebe7143710 JavaThread "pool-3-thread-1"                   [_thread_blocked, id=8556, stack(0x0000001699900000,0x0000001699a00000) (1024K)]
  0x000001ebe7143da0 JavaThread "build event listener"              [_thread_blocked, id=9288, stack(0x0000001699a00000,0x0000001699b00000) (1024K)]
  0x000001ebe7141cd0 JavaThread "included builds"                   [_thread_blocked, id=19684, stack(0x0000001699b00000,0x0000001699c00000) (1024K)]
  0x000001ebe7142360 JavaThread "Execution worker"                  [_thread_blocked, id=19688, stack(0x0000001699c00000,0x0000001699d00000) (1024K)]
  0x000001ebe71429f0 JavaThread "Execution worker Thread 2"         [_thread_blocked, id=19676, stack(0x0000001699d00000,0x0000001699e00000) (1024K)]
  0x000001ebe7140fb0 JavaThread "Execution worker Thread 3"         [_thread_blocked, id=19692, stack(0x0000001699e00000,0x0000001699f00000) (1024K)]
  0x000001ebe7147220 JavaThread "Execution worker Thread 4"         [_thread_blocked, id=19576, stack(0x0000001699f00000,0x000000169a000000) (1024K)]
  0x000001ebe7145150 JavaThread "Execution worker Thread 5"         [_thread_blocked, id=19628, stack(0x000000169a000000,0x000000169a100000) (1024K)]
  0x000001ebe71478b0 JavaThread "Execution worker Thread 6"         [_thread_blocked, id=19600, stack(0x000000169a100000,0x000000169a200000) (1024K)]
  0x000001ebe7144430 JavaThread "Execution worker Thread 7"         [_thread_blocked, id=19696, stack(0x000000169a200000,0x000000169a300000) (1024K)]
  0x000001ebe71485d0 JavaThread "Cache worker for execution history cache (C:\Users\admin\Desktop\ORGANISED\Git\android\.gradle\8.14.4\executionHistory)"        [_thread_blocked, id=2760, stack(0x000000169a300000,0x000000169a400000) (1024K)]
  0x000001ebe71457e0 JavaThread "Unconstrained build operations Thread 49"        [_thread_blocked, id=19540, stack(0x000000169a400000,0x000000169a500000) (1024K)]
  0x000001ebe7145e70 JavaThread "Unconstrained build operations Thread 50"        [_thread_blocked, id=19528, stack(0x000000169a500000,0x000000169a600000) (1024K)]
  0x000001ebe7146500 JavaThread "Unconstrained build operations Thread 51"        [_thread_blocked, id=7592, stack(0x000000169a600000,0x000000169a700000) (1024K)]
  0x000001ebe7147f40 JavaThread "Unconstrained build operations Thread 52"        [_thread_blocked, id=7596, stack(0x000000169a700000,0x000000169a800000) (1024K)]
  0x000001ebec62afc0 JavaThread "Unconstrained build operations Thread 53"        [_thread_blocked, id=19544, stack(0x000000169a800000,0x000000169a900000) (1024K)]
  0x000001ebec62ca00 JavaThread "Unconstrained build operations Thread 54"        [_thread_blocked, id=19496, stack(0x000000169a900000,0x000000169aa00000) (1024K)]
  0x000001ebec62ddb0 JavaThread "Unconstrained build operations Thread 55"        [_thread_blocked, id=19460, stack(0x000000169aa00000,0x000000169ab00000) (1024K)]
  0x000001ebf1dab6d0 JavaThread "Unconstrained build operations Thread 56"        [_thread_blocked, id=1304, stack(0x000000169ab00000,0x000000169ac00000) (1024K)]
  0x000001ebf1dad7a0 JavaThread "Unconstrained build operations Thread 57"        [_thread_blocked, id=8352, stack(0x000000169ac00000,0x000000169ad00000) (1024K)]
  0x000001ebf1dabd60 JavaThread "Unconstrained build operations Thread 58"        [_thread_blocked, id=328, stack(0x000000169ad00000,0x000000169ae00000) (1024K)]
  0x000001ebf1b4ea00 JavaThread "Unconstrained build operations Thread 59"        [_thread_blocked, id=6076, stack(0x000000169ae00000,0x000000169af00000) (1024K)]
  0x000001ebf1b4e370 JavaThread "Unconstrained build operations Thread 60"        [_thread_blocked, id=11168, stack(0x000000169af00000,0x000000169b000000) (1024K)]
  0x000001ebf1b50440 JavaThread "Unconstrained build operations Thread 61"        [_thread_blocked, id=5500, stack(0x000000169b000000,0x000000169b100000) (1024K)]
  0x000001ebf1b4d650 JavaThread "Unconstrained build operations Thread 62"        [_thread_blocked, id=17096, stack(0x000000169b100000,0x000000169b200000) (1024K)]
  0x000001ebf1b4f720 JavaThread "Unconstrained build operations Thread 63"        [_thread_blocked, id=19744, stack(0x000000169b200000,0x000000169b300000) (1024K)]
  0x000001ebf1b4dce0 JavaThread "Unconstrained build operations Thread 64"        [_thread_blocked, id=19784, stack(0x000000169b300000,0x000000169b400000) (1024K)]
  0x000001ebf1b517f0 JavaThread "Unconstrained build operations Thread 65"        [_thread_blocked, id=19780, stack(0x000000169b400000,0x000000169b500000) (1024K)]
  0x000001ebf1b50ad0 JavaThread "Unconstrained build operations Thread 66"        [_thread_blocked, id=19740, stack(0x000000169b500000,0x000000169b600000) (1024K)]
  0x000001ebf1b51e80 JavaThread "Unconstrained build operations Thread 67"        [_thread_blocked, id=19764, stack(0x000000169b600000,0x000000169b700000) (1024K)]
  0x000001ebf1b52510 JavaThread "Unconstrained build operations Thread 68"        [_thread_blocked, id=19752, stack(0x000000169b700000,0x000000169b800000) (1024K)]
  0x000001ebf1b4f090 JavaThread "Unconstrained build operations Thread 69"        [_thread_blocked, id=19708, stack(0x000000169b800000,0x000000169b900000) (1024K)]
  0x000001ebf1b52ba0 JavaThread "Unconstrained build operations Thread 70"        [_thread_blocked, id=19736, stack(0x000000169b900000,0x000000169ba00000) (1024K)]
  0x000001ebf1b4fdb0 JavaThread "Unconstrained build operations Thread 71"        [_thread_blocked, id=19632, stack(0x000000169ba00000,0x000000169bb00000) (1024K)]
  0x000001ebf1b566b0 JavaThread "Unconstrained build operations Thread 72"        [_thread_blocked, id=19720, stack(0x000000169bb00000,0x000000169bc00000) (1024K)]
  0x000001ebf1b53f50 JavaThread "Unconstrained build operations Thread 73"        [_thread_blocked, id=19704, stack(0x000000169bc00000,0x000000169bd00000) (1024K)]
  0x000001ebf1b56d40 JavaThread "Unconstrained build operations Thread 74"        [_thread_blocked, id=20020, stack(0x000000169bd00000,0x000000169be00000) (1024K)]
  0x000001ebf1b54c70 JavaThread "Unconstrained build operations Thread 75"        [_thread_blocked, id=19972, stack(0x000000169be00000,0x000000169bf00000) (1024K)]
  0x000001ebf1b545e0 JavaThread "Unconstrained build operations Thread 76"        [_thread_blocked, id=19928, stack(0x000000169bf00000,0x000000169c000000) (1024K)]
  0x000001ebf1b538c0 JavaThread "Unconstrained build operations Thread 77"        [_thread_blocked, id=19516, stack(0x000000169c000000,0x000000169c100000) (1024K)]
  0x000001ebf1b55300 JavaThread "Unconstrained build operations Thread 78"        [_thread_blocked, id=19608, stack(0x000000169c100000,0x000000169c200000) (1024K)]
  0x000001ebf1b55990 JavaThread "Unconstrained build operations Thread 79"        [_thread_blocked, id=19924, stack(0x000000169c200000,0x000000169c300000) (1024K)]
  0x000001ebf1b573d0 JavaThread "Unconstrained build operations Thread 80"        [_thread_blocked, id=9104, stack(0x000000169c300000,0x000000169c400000) (1024K)]
  0x000001ebf1b56020 JavaThread "WorkerExecutor Queue"              [_thread_blocked, id=5044, stack(0x0000001699800000,0x0000001699900000) (1024K)]
  0x000001ebec62b650 JavaThread "WorkerExecutor Queue Thread 2"        [_thread_blocked, id=13336, stack(0x0000001692a00000,0x0000001692b00000) (1024K)]
  0x000001ebe8c9df70 JavaThread "WorkerExecutor Queue Thread 4"        [_thread_blocked, id=15840, stack(0x000000169c600000,0x000000169c700000) (1024K)]
  0x000001ebe8ca5590 JavaThread "WorkerExecutor Queue Thread 5"        [_thread_blocked, id=3100, stack(0x000000169c700000,0x000000169c800000) (1024K)]
  0x000001ebe7143080 JavaThread "WorkerExecutor Queue Thread 6"        [_thread_blocked, id=17936, stack(0x000000169c800000,0x000000169c900000) (1024K)]
  0x000001ebe8e83c50 JavaThread "WorkerExecutor Queue Thread 7"        [_thread_blocked, id=13700, stack(0x000000169c900000,0x000000169ca00000) (1024K)]
  0x000001ebf2c6dcf0 JavaThread "WorkerExecutor Queue Thread 8"        [_thread_blocked, id=20872, stack(0x000000169ca00000,0x000000169cb00000) (1024K)]
  0x000001ebf2c6f0a0 JavaThread "WorkerExecutor Queue Thread 9"        [_thread_blocked, id=23432, stack(0x000000169cb00000,0x000000169cc00000) (1024K)]
  0x000001ebf2c6e380 JavaThread "pool-4-thread-1"                   [_thread_blocked, id=23412, stack(0x000000169c400000,0x000000169c500000) (1024K)]
  0x000001ebf2c70450 JavaThread "stderr"                            [_thread_in_native, id=20400, stack(0x000000169c500000,0x000000169c600000) (1024K)]
  0x000001ebf2c6ea10 JavaThread "stdout"                            [_thread_in_native, id=14784, stack(0x000000169cc00000,0x000000169cd00000) (1024K)]
  0x000001ebf2c70ae0 JavaThread "ForkJoinPool-1-worker-1"    daemon [_thread_blocked, id=22092, stack(0x000000169ce00000,0x000000169cf00000) (1024K)]
  0x000001ebf2c6d660 JavaThread "ForkJoinPool-1-worker-2"    daemon [_thread_blocked, id=24012, stack(0x000000169cf00000,0x000000169d000000) (1024K)]
  0x000001ebf2c73f60 JavaThread "ForkJoinPool-1-worker-3"    daemon [_thread_blocked, id=24324, stack(0x000000169d000000,0x000000169d100000) (1024K)]
  0x000001ebf2c71800 JavaThread "ForkJoinPool-1-worker-4"    daemon [_thread_blocked, id=15548, stack(0x000000169d100000,0x000000169d200000) (1024K)]
  0x000001ebf2c738d0 JavaThread "ForkJoinPool-1-worker-5"    daemon [_thread_blocked, id=23764, stack(0x000000169d200000,0x000000169d300000) (1024K)]
  0x000001ebf2c71e90 JavaThread "ForkJoinPool-1-worker-6"    daemon [_thread_blocked, id=17112, stack(0x000000169d300000,0x000000169d400000) (1024K)]
  0x000001ebf2c745f0 JavaThread "ForkJoinPool-1-worker-7"    daemon [_thread_blocked, id=9792, stack(0x000000169d400000,0x000000169d500000) (1024K)]
  0x000001ebf2c72bb0 JavaThread "ForkJoinPool-1-worker-8"    daemon [_thread_blocked, id=5264, stack(0x000000169d500000,0x000000169d600000) (1024K)]
  0x000001ebf2164770 JavaThread "C2 CompilerThread1"         daemon [_thread_blocked, id=22612, stack(0x000000169cd00000,0x000000169ce00000) (1024K)]
Total: 155

Other Threads:
=>0x000001ebe1118a90 VMThread "VM Thread"                           [id=10684, stack(0x0000001693300000,0x0000001693400000) (1024K)]
  0x000001ebe0f545d0 WatcherThread "VM Periodic Task Thread"        [id=16724, stack(0x0000001693200000,0x0000001693300000) (1024K)]
  0x000001ebc9914a60 WorkerThread "GC Thread#0"                     [id=14340, stack(0x0000001692d00000,0x0000001692e00000) (1024K)]
  0x000001ebe179c9c0 WorkerThread "GC Thread#1"                     [id=24184, stack(0x0000001693e00000,0x0000001693f00000) (1024K)]
  0x000001ebe1d07830 WorkerThread "GC Thread#2"                     [id=9180, stack(0x0000001693f00000,0x0000001694000000) (1024K)]
  0x000001ebe6495570 WorkerThread "GC Thread#3"                     [id=3176, stack(0x0000001694000000,0x0000001694100000) (1024K)]
  0x000001ebe65398b0 WorkerThread "GC Thread#4"                     [id=5360, stack(0x0000001694100000,0x0000001694200000) (1024K)]
  0x000001ebe652c380 WorkerThread "GC Thread#5"                     [id=21952, stack(0x0000001694200000,0x0000001694300000) (1024K)]
  0x000001ebe68132b0 WorkerThread "GC Thread#6"                     [id=23136, stack(0x0000001694d00000,0x0000001694e00000) (1024K)]
  0x000001ebe1701bd0 WorkerThread "GC Thread#7"                     [id=23528, stack(0x0000001694e00000,0x0000001694f00000) (1024K)]
  0x000001ebc9925960 ConcurrentGCThread "G1 Main Marker"            [id=2476, stack(0x0000001692e00000,0x0000001692f00000) (1024K)]
  0x000001ebc99271c0 WorkerThread "G1 Conc#0"                       [id=11472, stack(0x0000001692f00000,0x0000001693000000) (1024K)]
  0x000001ebe66583d0 WorkerThread "G1 Conc#1"                       [id=14688, stack(0x0000001694f00000,0x0000001695000000) (1024K)]
  0x000001ebc997e7d0 ConcurrentGCThread "G1 Refine#0"               [id=4328, stack(0x0000001693000000,0x0000001693100000) (1024K)]
  0x000001ebe0e27590 ConcurrentGCThread "G1 Service"                [id=16204, stack(0x0000001693100000,0x0000001693200000) (1024K)]
Total: 15

Threads with active compile tasks:
C2 CompilerThread0  126700 20883       4       com.android.tools.r8.dex.l0$$Lambda/0x00000001014ec240::accept (12 bytes)
C2 CompilerThread1  126700 20861 %     4       org.gradle.internal.instantiation.generator.AbstractClassGenerator::inspectType @ 249 (602 bytes)
Total: 2

VM state: at safepoint (normal execution)

VM Mutex/Monitor currently owned by a thread:  ([mutex/lock_event])
[0x00007ff8c06986d0] Threads_lock - owner thread: 0x000001ebe1118a90
[0x00007ff8c06987d0] Heap_lock - owner thread: 0x000001ebc9925960

Heap address: 0x0000000080000000, size: 2048 MB, Compressed Oops mode: 32-bit

CDS archive(s) not mapped
Compressed class space mapped at: 0x0000000100000000-0x0000000140000000, reserved size: 1073741824
Narrow klass base: 0x0000000000000000, Narrow klass shift: 3, Narrow klass range: 0x140000000

GC Precious Log:
 CardTable entry size: 512
 Card Set container configuration: InlinePtr #cards 5 size 8 Array Of Cards #cards 12 size 40 Howl #buckets 4 coarsen threshold 1843 Howl Bitmap #cards 512 size 80 coarsen threshold 460 Card regions per heap region 1 cards per card region 2048
 CPUs: 8 total, 8 available
 Memory: 7103M
 Large Page Support: Disabled
 NUMA Support: Disabled
 Compressed Oops: Enabled (32-bit)
 Heap Region Size: 1M
 Heap Min Capacity: 8M
 Heap Initial Capacity: 112M
 Heap Max Capacity: 2G
 Pre-touch: Disabled
 Parallel Workers: 8
 Concurrent Workers: 2
 Concurrent Refinement Workers: 8
 Periodic GC: Disabled

Heap:
 garbage-first heap   total 687104K, used 589595K [0x0000000080000000, 0x0000000100000000)
  region size 1024K, 49 young (50176K), 3 survivors (3072K)
 Metaspace       used 147366K, committed 149696K, reserved 1179648K
  class space    used 20378K, committed 21504K, reserved 1048576K

Heap Regions: E=young(eden), S=young(survivor), O=old, HS=humongous(starts), HC=humongous(continues), CS=collection set, F=free, TAMS=top-at-mark-start, PB=parsable bottom
|   0|0x0000000080000000, 0x0000000080100000, 0x0000000080100000|100%|HS|  |TAMS 0x0000000080100000| PB 0x0000000080000000| Complete 
|   1|0x0000000080100000, 0x0000000080200000, 0x0000000080200000|100%|HC|  |TAMS 0x0000000080200000| PB 0x0000000080100000| Complete 
|   2|0x0000000080200000, 0x0000000080300000, 0x0000000080300000|100%|HC|  |TAMS 0x0000000080300000| PB 0x0000000080200000| Complete 
|   3|0x0000000080300000, 0x0000000080400000, 0x0000000080400000|100%| O|  |TAMS 0x0000000080400000| PB 0x0000000080400000| Untracked 
|   4|0x0000000080400000, 0x0000000080500000, 0x0000000080500000|100%| O|  |TAMS 0x0000000080500000| PB 0x0000000080500000| Untracked 
|   5|0x0000000080500000, 0x0000000080600000, 0x0000000080600000|100%| O|  |TAMS 0x0000000080600000| PB 0x0000000080600000| Untracked 
|   6|0x0000000080600000, 0x0000000080700000, 0x0000000080700000|100%|HS|  |TAMS 0x0000000080700000| PB 0x0000000080600000| Complete 
|   7|0x0000000080700000, 0x0000000080800000, 0x0000000080800000|100%| O|  |TAMS 0x0000000080800000| PB 0x0000000080800000| Untracked 
|   8|0x0000000080800000, 0x0000000080900000, 0x0000000080900000|100%| O|  |TAMS 0x0000000080900000| PB 0x0000000080900000| Untracked 
|   9|0x0000000080900000, 0x0000000080a00000, 0x0000000080a00000|100%| O|  |TAMS 0x0000000080a00000| PB 0x0000000080a00000| Untracked 
|  10|0x0000000080a00000, 0x0000000080b00000, 0x0000000080b00000|100%| O|  |TAMS 0x0000000080b00000| PB 0x0000000080b00000| Untracked 
|  11|0x0000000080b00000, 0x0000000080c00000, 0x0000000080c00000|100%| O|  |TAMS 0x0000000080c00000| PB 0x0000000080c00000| Untracked 
|  12|0x0000000080c00000, 0x0000000080d00000, 0x0000000080d00000|100%| O|  |TAMS 0x0000000080d00000| PB 0x0000000080d00000| Untracked 
|  13|0x0000000080d00000, 0x0000000080e00000, 0x0000000080e00000|100%| O|  |TAMS 0x0000000080e00000| PB 0x0000000080e00000| Untracked 
|  14|0x0000000080e00000, 0x0000000080f00000, 0x0000000080f00000|100%| O|  |TAMS 0x0000000080f00000| PB 0x0000000080f00000| Untracked 
|  15|0x0000000080f00000, 0x0000000081000000, 0x0000000081000000|100%| O|  |TAMS 0x0000000081000000| PB 0x0000000081000000| Untracked 
|  16|0x0000000081000000, 0x0000000081100000, 0x0000000081100000|100%| O|  |TAMS 0x0000000081100000| PB 0x0000000081100000| Untracked 
|  17|0x0000000081100000, 0x0000000081200000, 0x0000000081200000|100%| O|  |TAMS 0x0000000081200000| PB 0x0000000081200000| Untracked 
|  18|0x0000000081200000, 0x0000000081300000, 0x0000000081300000|100%| O|  |TAMS 0x0000000081300000| PB 0x0000000081300000| Untracked 
|  19|0x0000000081300000, 0x0000000081400000, 0x0000000081400000|100%| O|  |TAMS 0x0000000081400000| PB 0x0000000081400000| Untracked 
|  20|0x0000000081400000, 0x0000000081500000, 0x0000000081500000|100%| O|  |TAMS 0x0000000081500000| PB 0x0000000081500000| Updating 
|  21|0x0000000081500000, 0x0000000081600000, 0x0000000081600000|100%| O|  |TAMS 0x0000000081600000| PB 0x0000000081600000| Updating 
|  22|0x0000000081600000, 0x0000000081700000, 0x0000000081700000|100%| O|  |TAMS 0x0000000081700000| PB 0x0000000081700000| Untracked 
|  23|0x0000000081700000, 0x0000000081800000, 0x0000000081800000|100%| O|  |TAMS 0x0000000081800000| PB 0x0000000081800000| Updating 
|  24|0x0000000081800000, 0x0000000081900000, 0x0000000081900000|100%| O|  |TAMS 0x0000000081900000| PB 0x0000000081900000| Untracked 
|  25|0x0000000081900000, 0x0000000081a00000, 0x0000000081a00000|100%| O|  |TAMS 0x0000000081a00000| PB 0x0000000081a00000| Untracked 
|  26|0x0000000081a00000, 0x0000000081b00000, 0x0000000081b00000|100%| O|  |TAMS 0x0000000081b00000| PB 0x0000000081b00000| Untracked 
|  27|0x0000000081b00000, 0x0000000081c00000, 0x0000000081c00000|100%| O|  |TAMS 0x0000000081c00000| PB 0x0000000081c00000| Untracked 
|  28|0x0000000081c00000, 0x0000000081d00000, 0x0000000081d00000|100%| O|  |TAMS 0x0000000081d00000| PB 0x0000000081d00000| Updating 
|  29|0x0000000081d00000, 0x0000000081e00000, 0x0000000081e00000|100%| O|  |TAMS 0x0000000081e00000| PB 0x0000000081e00000| Untracked 
|  30|0x0000000081e00000, 0x0000000081f00000, 0x0000000081f00000|100%| O|  |TAMS 0x0000000081f00000| PB 0x0000000081f00000| Untracked 
|  31|0x0000000081f00000, 0x0000000082000000, 0x0000000082000000|100%| O|  |TAMS 0x0000000082000000| PB 0x0000000082000000| Untracked 
|  32|0x0000000082000000, 0x0000000082100000, 0x0000000082100000|100%| O|  |TAMS 0x0000000082100000| PB 0x0000000082100000| Untracked 
|  33|0x0000000082100000, 0x0000000082200000, 0x0000000082200000|100%| O|  |TAMS 0x0000000082200000| PB 0x0000000082200000| Untracked 
|  34|0x0000000082200000, 0x0000000082300000, 0x0000000082300000|100%| O|  |TAMS 0x0000000082300000| PB 0x0000000082300000| Updating 
|  35|0x0000000082300000, 0x0000000082400000, 0x0000000082400000|100%| O|  |TAMS 0x0000000082400000| PB 0x0000000082400000| Untracked 
|  36|0x0000000082400000, 0x0000000082500000, 0x0000000082500000|100%|HS|  |TAMS 0x0000000082500000| PB 0x0000000082400000| Complete 
|  37|0x0000000082500000, 0x0000000082600000, 0x0000000082600000|100%|HC|  |TAMS 0x0000000082600000| PB 0x0000000082500000| Complete 
|  38|0x0000000082600000, 0x0000000082700000, 0x0000000082700000|100%| O|  |TAMS 0x0000000082700000| PB 0x0000000082700000| Updating 
|  39|0x0000000082700000, 0x0000000082800000, 0x0000000082800000|100%| O|  |TAMS 0x0000000082800000| PB 0x0000000082800000| Updating 
|  40|0x0000000082800000, 0x0000000082900000, 0x0000000082900000|100%| O|  |TAMS 0x0000000082900000| PB 0x0000000082900000| Untracked 
|  41|0x0000000082900000, 0x0000000082a00000, 0x0000000082a00000|100%| O|  |TAMS 0x0000000082a00000| PB 0x0000000082a00000| Untracked 
|  42|0x0000000082a00000, 0x0000000082b00000, 0x0000000082b00000|100%| O|  |TAMS 0x0000000082b00000| PB 0x0000000082b00000| Untracked 
|  43|0x0000000082b00000, 0x0000000082c00000, 0x0000000082c00000|100%| O|  |TAMS 0x0000000082c00000| PB 0x0000000082c00000| Updating 
|  44|0x0000000082c00000, 0x0000000082d00000, 0x0000000082d00000|100%| O|  |TAMS 0x0000000082d00000| PB 0x0000000082d00000| Untracked 
|  45|0x0000000082d00000, 0x0000000082e00000, 0x0000000082e00000|100%| O|  |TAMS 0x0000000082e00000| PB 0x0000000082e00000| Untracked 
|  46|0x0000000082e00000, 0x0000000082f00000, 0x0000000082f00000|100%| O|  |TAMS 0x0000000082f00000| PB 0x0000000082f00000| Untracked 
|  47|0x0000000082f00000, 0x0000000083000000, 0x0000000083000000|100%| O|  |TAMS 0x0000000083000000| PB 0x0000000083000000| Untracked 
|  48|0x0000000083000000, 0x0000000083100000, 0x0000000083100000|100%| O|  |TAMS 0x0000000083100000| PB 0x0000000083100000| Untracked 
|  49|0x0000000083100000, 0x0000000083200000, 0x0000000083200000|100%| O|  |TAMS 0x0000000083200000| PB 0x0000000083200000| Untracked 
|  50|0x0000000083200000, 0x0000000083300000, 0x0000000083300000|100%| O|  |TAMS 0x0000000083300000| PB 0x0000000083300000| Untracked 
|  51|0x0000000083300000, 0x0000000083400000, 0x0000000083400000|100%| O|  |TAMS 0x0000000083400000| PB 0x0000000083400000| Untracked 
|  52|0x0000000083400000, 0x0000000083500000, 0x0000000083500000|100%| O|  |TAMS 0x0000000083500000| PB 0x0000000083500000| Updating 
|  53|0x0000000083500000, 0x0000000083600000, 0x0000000083600000|100%| O|  |TAMS 0x0000000083600000| PB 0x0000000083600000| Untracked 
|  54|0x0000000083600000, 0x0000000083700000, 0x0000000083700000|100%| O|  |TAMS 0x0000000083700000| PB 0x0000000083700000| Updating 
|  55|0x0000000083700000, 0x0000000083800000, 0x0000000083800000|100%| O|  |TAMS 0x0000000083800000| PB 0x0000000083800000| Untracked 
|  56|0x0000000083800000, 0x0000000083900000, 0x0000000083900000|100%| O|  |TAMS 0x0000000083900000| PB 0x0000000083900000| Untracked 
|  57|0x0000000083900000, 0x0000000083a00000, 0x0000000083a00000|100%| O|  |TAMS 0x0000000083a00000| PB 0x0000000083a00000| Untracked 
|  58|0x0000000083a00000, 0x0000000083b00000, 0x0000000083b00000|100%|HS|  |TAMS 0x0000000083b00000| PB 0x0000000083a00000| Complete 
|  59|0x0000000083b00000, 0x0000000083c00000, 0x0000000083c00000|100%| O|  |TAMS 0x0000000083c00000| PB 0x0000000083c00000| Untracked 
|  60|0x0000000083c00000, 0x0000000083d00000, 0x0000000083d00000|100%|HS|  |TAMS 0x0000000083d00000| PB 0x0000000083c00000| Complete 
|  61|0x0000000083d00000, 0x0000000083e00000, 0x0000000083e00000|100%|HC|  |TAMS 0x0000000083e00000| PB 0x0000000083d00000| Complete 
|  62|0x0000000083e00000, 0x0000000083f00000, 0x0000000083f00000|100%|HS|  |TAMS 0x0000000083f00000| PB 0x0000000083e00000| Complete 
|  63|0x0000000083f00000, 0x0000000084000000, 0x0000000084000000|100%|HS|  |TAMS 0x0000000084000000| PB 0x0000000083f00000| Complete 
|  64|0x0000000084000000, 0x0000000084100000, 0x0000000084100000|100%|HS|  |TAMS 0x0000000084100000| PB 0x0000000084000000| Complete 
|  65|0x0000000084100000, 0x0000000084200000, 0x0000000084200000|100%|HS|  |TAMS 0x0000000084200000| PB 0x0000000084100000| Complete 
|  66|0x0000000084200000, 0x0000000084300000, 0x0000000084300000|100%|HS|  |TAMS 0x0000000084300000| PB 0x0000000084200000| Complete 
|  67|0x0000000084300000, 0x0000000084400000, 0x0000000084400000|100%|HC|  |TAMS 0x0000000084400000| PB 0x0000000084300000| Complete 
|  68|0x0000000084400000, 0x0000000084500000, 0x0000000084500000|100%| O|  |TAMS 0x0000000084500000| PB 0x0000000084500000| Untracked 
|  69|0x0000000084500000, 0x0000000084600000, 0x0000000084600000|100%| O|  |TAMS 0x0000000084600000| PB 0x0000000084600000| Untracked 
|  70|0x0000000084600000, 0x0000000084700000, 0x0000000084700000|100%|HS|  |TAMS 0x0000000084700000| PB 0x0000000084600000| Complete 
|  71|0x0000000084700000, 0x0000000084800000, 0x0000000084800000|100%|HC|  |TAMS 0x0000000084800000| PB 0x0000000084700000| Complete 
|  72|0x0000000084800000, 0x0000000084900000, 0x0000000084900000|100%|HC|  |TAMS 0x0000000084900000| PB 0x0000000084800000| Complete 
|  73|0x0000000084900000, 0x0000000084a00000, 0x0000000084a00000|100%|HC|  |TAMS 0x0000000084a00000| PB 0x0000000084900000| Complete 
|  74|0x0000000084a00000, 0x0000000084b00000, 0x0000000084b00000|100%| O|  |TAMS 0x0000000084b00000| PB 0x0000000084b00000| Untracked 
|  75|0x0000000084b00000, 0x0000000084c00000, 0x0000000084c00000|100%|HS|  |TAMS 0x0000000084c00000| PB 0x0000000084b00000| Complete 
|  76|0x0000000084c00000, 0x0000000084d00000, 0x0000000084d00000|100%| O|  |TAMS 0x0000000084d00000| PB 0x0000000084d00000| Untracked 
|  77|0x0000000084d00000, 0x0000000084e00000, 0x0000000084e00000|100%| O|  |TAMS 0x0000000084e00000| PB 0x0000000084e00000| Updating 
|  78|0x0000000084e00000, 0x0000000084f00000, 0x0000000084f00000|100%| O|  |TAMS 0x0000000084f00000| PB 0x0000000084f00000| Untracked 
|  79|0x0000000084f00000, 0x0000000085000000, 0x0000000085000000|100%| O|  |TAMS 0x0000000085000000| PB 0x0000000085000000| Updating 
|  80|0x0000000085000000, 0x0000000085100000, 0x0000000085100000|100%| O|  |TAMS 0x0000000085100000| PB 0x0000000085100000| Updating 
|  81|0x0000000085100000, 0x0000000085200000, 0x0000000085200000|100%| O|  |TAMS 0x0000000085200000| PB 0x0000000085200000| Untracked 
|  82|0x0000000085200000, 0x0000000085300000, 0x0000000085300000|100%| O|  |TAMS 0x0000000085300000| PB 0x0000000085300000| Untracked 
|  83|0x0000000085300000, 0x0000000085400000, 0x0000000085400000|100%| O|  |TAMS 0x0000000085400000| PB 0x0000000085400000| Untracked 
|  84|0x0000000085400000, 0x0000000085500000, 0x0000000085500000|100%|HS|  |TAMS 0x0000000085500000| PB 0x0000000085400000| Complete 
|  85|0x0000000085500000, 0x0000000085600000, 0x0000000085600000|100%| O|  |TAMS 0x0000000085600000| PB 0x0000000085600000| Untracked 
|  86|0x0000000085600000, 0x0000000085700000, 0x0000000085700000|100%| O|  |TAMS 0x0000000085700000| PB 0x0000000085700000| Untracked 
|  87|0x0000000085700000, 0x0000000085800000, 0x0000000085800000|100%|HS|  |TAMS 0x0000000085800000| PB 0x0000000085700000| Complete 
|  88|0x0000000085800000, 0x0000000085900000, 0x0000000085900000|100%|HC|  |TAMS 0x0000000085900000| PB 0x0000000085800000| Complete 
|  89|0x0000000085900000, 0x0000000085a00000, 0x0000000085a00000|100%|HC|  |TAMS 0x0000000085a00000| PB 0x0000000085900000| Complete 
|  90|0x0000000085a00000, 0x0000000085b00000, 0x0000000085b00000|100%|HC|  |TAMS 0x0000000085b00000| PB 0x0000000085a00000| Complete 
|  91|0x0000000085b00000, 0x0000000085c00000, 0x0000000085c00000|100%| O|  |TAMS 0x0000000085c00000| PB 0x0000000085c00000| Untracked 
|  92|0x0000000085c00000, 0x0000000085d00000, 0x0000000085d00000|100%| O|  |TAMS 0x0000000085d00000| PB 0x0000000085d00000| Untracked 
|  93|0x0000000085d00000, 0x0000000085e00000, 0x0000000085e00000|100%| O|  |TAMS 0x0000000085e00000| PB 0x0000000085e00000| Untracked 
|  94|0x0000000085e00000, 0x0000000085f00000, 0x0000000085f00000|100%| O|  |TAMS 0x0000000085f00000| PB 0x0000000085f00000| Updating 
|  95|0x0000000085f00000, 0x0000000086000000, 0x0000000086000000|100%| O|  |TAMS 0x0000000086000000| PB 0x0000000086000000| Updating 
|  96|0x0000000086000000, 0x0000000086100000, 0x0000000086100000|100%| O|  |TAMS 0x0000000086100000| PB 0x0000000086100000| Untracked 
|  97|0x0000000086100000, 0x0000000086200000, 0x0000000086200000|100%| O|  |TAMS 0x0000000086200000| PB 0x0000000086200000| Untracked 
|  98|0x0000000086200000, 0x0000000086300000, 0x0000000086300000|100%| O|  |TAMS 0x0000000086300000| PB 0x0000000086300000| Untracked 
|  99|0x0000000086300000, 0x0000000086400000, 0x0000000086400000|100%| O|  |TAMS 0x0000000086400000| PB 0x0000000086400000| Updating 
| 100|0x0000000086400000, 0x0000000086500000, 0x0000000086500000|100%| O|  |TAMS 0x0000000086500000| PB 0x0000000086500000| Untracked 
| 101|0x0000000086500000, 0x0000000086600000, 0x0000000086600000|100%| O|  |TAMS 0x0000000086600000| PB 0x0000000086600000| Untracked 
| 102|0x0000000086600000, 0x0000000086700000, 0x0000000086700000|100%| O|  |TAMS 0x0000000086700000| PB 0x0000000086700000| Untracked 
| 103|0x0000000086700000, 0x0000000086800000, 0x0000000086800000|100%| O|  |TAMS 0x0000000086800000| PB 0x0000000086800000| Untracked 
| 104|0x0000000086800000, 0x0000000086900000, 0x0000000086900000|100%| O|  |TAMS 0x0000000086900000| PB 0x0000000086900000| Updating 
| 105|0x0000000086900000, 0x0000000086a00000, 0x0000000086a00000|100%| O|  |TAMS 0x0000000086a00000| PB 0x0000000086a00000| Untracked 
| 106|0x0000000086a00000, 0x0000000086b00000, 0x0000000086b00000|100%| O|  |TAMS 0x0000000086b00000| PB 0x0000000086b00000| Untracked 
| 107|0x0000000086b00000, 0x0000000086c00000, 0x0000000086c00000|100%| O|  |TAMS 0x0000000086c00000| PB 0x0000000086c00000| Updating 
| 108|0x0000000086c00000, 0x0000000086d00000, 0x0000000086d00000|100%| O|  |TAMS 0x0000000086d00000| PB 0x0000000086d00000| Untracked 
| 109|0x0000000086d00000, 0x0000000086e00000, 0x0000000086e00000|100%| O|  |TAMS 0x0000000086e00000| PB 0x0000000086e00000| Untracked 
| 110|0x0000000086e00000, 0x0000000086f00000, 0x0000000086f00000|100%| O|  |TAMS 0x0000000086f00000| PB 0x0000000086f00000| Untracked 
| 111|0x0000000086f00000, 0x0000000087000000, 0x0000000087000000|100%| O|  |TAMS 0x0000000087000000| PB 0x0000000087000000| Untracked 
| 112|0x0000000087000000, 0x0000000087100000, 0x0000000087100000|100%| O|  |TAMS 0x0000000087100000| PB 0x0000000087100000| Updating 
| 113|0x0000000087100000, 0x0000000087200000, 0x0000000087200000|100%| O|  |TAMS 0x0000000087200000| PB 0x0000000087200000| Untracked 
| 114|0x0000000087200000, 0x0000000087300000, 0x0000000087300000|100%| O|  |TAMS 0x0000000087300000| PB 0x0000000087300000| Untracked 
| 115|0x0000000087300000, 0x0000000087400000, 0x0000000087400000|100%| O|  |TAMS 0x0000000087400000| PB 0x0000000087400000| Untracked 
| 116|0x0000000087400000, 0x0000000087500000, 0x0000000087500000|100%| O|  |TAMS 0x0000000087500000| PB 0x0000000087500000| Untracked 
| 117|0x0000000087500000, 0x0000000087600000, 0x0000000087600000|100%| O|  |TAMS 0x0000000087600000| PB 0x0000000087600000| Untracked 
| 118|0x0000000087600000, 0x0000000087700000, 0x0000000087700000|100%| O|  |TAMS 0x0000000087700000| PB 0x0000000087700000| Untracked 
| 119|0x0000000087700000, 0x0000000087800000, 0x0000000087800000|100%| O|  |TAMS 0x0000000087800000| PB 0x0000000087800000| Untracked 
| 120|0x0000000087800000, 0x0000000087900000, 0x0000000087900000|100%| O|  |TAMS 0x0000000087900000| PB 0x0000000087900000| Untracked 
| 121|0x0000000087900000, 0x0000000087a00000, 0x0000000087a00000|100%| O|  |TAMS 0x0000000087a00000| PB 0x0000000087a00000| Untracked 
| 122|0x0000000087a00000, 0x0000000087b00000, 0x0000000087b00000|100%| O|  |TAMS 0x0000000087b00000| PB 0x0000000087b00000| Untracked 
| 123|0x0000000087b00000, 0x0000000087c00000, 0x0000000087c00000|100%| O|  |TAMS 0x0000000087c00000| PB 0x0000000087c00000| Untracked 
| 124|0x0000000087c00000, 0x0000000087d00000, 0x0000000087d00000|100%| O|  |TAMS 0x0000000087d00000| PB 0x0000000087d00000| Updating 
| 125|0x0000000087d00000, 0x0000000087e00000, 0x0000000087e00000|100%| O|  |TAMS 0x0000000087e00000| PB 0x0000000087e00000| Updating 
| 126|0x0000000087e00000, 0x0000000087f00000, 0x0000000087f00000|100%| O|  |TAMS 0x0000000087f00000| PB 0x0000000087f00000| Untracked 
| 127|0x0000000087f00000, 0x0000000088000000, 0x0000000088000000|100%| O|  |TAMS 0x0000000088000000| PB 0x0000000088000000| Updating 
| 128|0x0000000088000000, 0x0000000088100000, 0x0000000088100000|100%| O|  |TAMS 0x0000000088100000| PB 0x0000000088100000| Updating 
| 129|0x0000000088100000, 0x0000000088200000, 0x0000000088200000|100%| O|  |TAMS 0x0000000088200000| PB 0x0000000088200000| Untracked 
| 130|0x0000000088200000, 0x0000000088300000, 0x0000000088300000|100%| O|  |TAMS 0x0000000088300000| PB 0x0000000088300000| Untracked 
| 131|0x0000000088300000, 0x0000000088300000, 0x0000000088400000|  0%| F|  |TAMS 0x0000000088300000| PB 0x0000000088300000| Untracked 
| 132|0x0000000088400000, 0x0000000088500000, 0x0000000088500000|100%| O|  |TAMS 0x0000000088500000| PB 0x0000000088500000| Untracked 
| 133|0x0000000088500000, 0x0000000088600000, 0x0000000088600000|100%| O|  |TAMS 0x0000000088600000| PB 0x0000000088600000| Untracked 
| 134|0x0000000088600000, 0x0000000088700000, 0x0000000088700000|100%| O|  |TAMS 0x0000000088700000| PB 0x0000000088700000| Updating 
| 135|0x0000000088700000, 0x0000000088800000, 0x0000000088800000|100%|HS|  |TAMS 0x0000000088800000| PB 0x0000000088700000| Complete 
| 136|0x0000000088800000, 0x0000000088900000, 0x0000000088900000|100%|HC|  |TAMS 0x0000000088900000| PB 0x0000000088800000| Complete 
| 137|0x0000000088900000, 0x0000000088a00000, 0x0000000088a00000|100%|HS|  |TAMS 0x0000000088a00000| PB 0x0000000088900000| Complete 
| 138|0x0000000088a00000, 0x0000000088b00000, 0x0000000088b00000|100%|HS|  |TAMS 0x0000000088b00000| PB 0x0000000088a00000| Complete 
| 139|0x0000000088b00000, 0x0000000088c00000, 0x0000000088c00000|100%|HC|  |TAMS 0x0000000088c00000| PB 0x0000000088b00000| Complete 
| 140|0x0000000088c00000, 0x0000000088d00000, 0x0000000088d00000|100%|HC|  |TAMS 0x0000000088d00000| PB 0x0000000088c00000| Complete 
| 141|0x0000000088d00000, 0x0000000088e00000, 0x0000000088e00000|100%|HC|  |TAMS 0x0000000088e00000| PB 0x0000000088d00000| Complete 
| 142|0x0000000088e00000, 0x0000000088f00000, 0x0000000088f00000|100%|HS|  |TAMS 0x0000000088f00000| PB 0x0000000088e00000| Complete 
| 143|0x0000000088f00000, 0x0000000089000000, 0x0000000089000000|100%|HC|  |TAMS 0x0000000089000000| PB 0x0000000088f00000| Complete 
| 144|0x0000000089000000, 0x0000000089100000, 0x0000000089100000|100%|HS|  |TAMS 0x0000000089100000| PB 0x0000000089000000| Complete 
| 145|0x0000000089100000, 0x0000000089200000, 0x0000000089200000|100%|HS|  |TAMS 0x0000000089200000| PB 0x0000000089100000| Complete 
| 146|0x0000000089200000, 0x0000000089300000, 0x0000000089300000|100%|HC|  |TAMS 0x0000000089300000| PB 0x0000000089200000| Complete 
| 147|0x0000000089300000, 0x0000000089400000, 0x0000000089400000|100%|HC|  |TAMS 0x0000000089400000| PB 0x0000000089300000| Complete 
| 148|0x0000000089400000, 0x0000000089500000, 0x0000000089500000|100%|HC|  |TAMS 0x0000000089500000| PB 0x0000000089400000| Complete 
| 149|0x0000000089500000, 0x0000000089600000, 0x0000000089600000|100%|HS|  |TAMS 0x0000000089600000| PB 0x0000000089500000| Complete 
| 150|0x0000000089600000, 0x0000000089700000, 0x0000000089700000|100%|HS|  |TAMS 0x0000000089700000| PB 0x0000000089600000| Complete 
| 151|0x0000000089700000, 0x0000000089800000, 0x0000000089800000|100%|HS|  |TAMS 0x0000000089800000| PB 0x0000000089700000| Complete 
| 152|0x0000000089800000, 0x0000000089900000, 0x0000000089900000|100%| O|  |TAMS 0x0000000089900000| PB 0x0000000089900000| Untracked 
| 153|0x0000000089900000, 0x0000000089a00000, 0x0000000089a00000|100%| O|  |TAMS 0x0000000089a00000| PB 0x0000000089a00000| Updating 
| 154|0x0000000089a00000, 0x0000000089b00000, 0x0000000089b00000|100%| O|  |TAMS 0x0000000089b00000| PB 0x0000000089b00000| Untracked 
| 155|0x0000000089b00000, 0x0000000089c00000, 0x0000000089c00000|100%| O|  |TAMS 0x0000000089c00000| PB 0x0000000089c00000| Untracked 
| 156|0x0000000089c00000, 0x0000000089d00000, 0x0000000089d00000|100%| O|  |TAMS 0x0000000089d00000| PB 0x0000000089d00000| Untracked 
| 157|0x0000000089d00000, 0x0000000089e00000, 0x0000000089e00000|100%| O|  |TAMS 0x0000000089e00000| PB 0x0000000089e00000| Untracked 
| 158|0x0000000089e00000, 0x0000000089f00000, 0x0000000089f00000|100%| O|  |TAMS 0x0000000089f00000| PB 0x0000000089f00000| Untracked 
| 159|0x0000000089f00000, 0x000000008a000000, 0x000000008a000000|100%|HS|  |TAMS 0x000000008a000000| PB 0x0000000089f00000| Complete 
| 160|0x000000008a000000, 0x000000008a100000, 0x000000008a100000|100%|HC|  |TAMS 0x000000008a100000| PB 0x000000008a000000| Complete 
| 161|0x000000008a100000, 0x000000008a200000, 0x000000008a200000|100%|HC|  |TAMS 0x000000008a200000| PB 0x000000008a100000| Complete 
| 162|0x000000008a200000, 0x000000008a300000, 0x000000008a300000|100%|HS|  |TAMS 0x000000008a300000| PB 0x000000008a200000| Complete 
| 163|0x000000008a300000, 0x000000008a400000, 0x000000008a400000|100%|HC|  |TAMS 0x000000008a400000| PB 0x000000008a300000| Complete 
| 164|0x000000008a400000, 0x000000008a500000, 0x000000008a500000|100%|HS|  |TAMS 0x000000008a500000| PB 0x000000008a400000| Complete 
| 165|0x000000008a500000, 0x000000008a600000, 0x000000008a600000|100%|HC|  |TAMS 0x000000008a600000| PB 0x000000008a500000| Complete 
| 166|0x000000008a600000, 0x000000008a700000, 0x000000008a700000|100%|HS|  |TAMS 0x000000008a700000| PB 0x000000008a600000| Complete 
| 167|0x000000008a700000, 0x000000008a800000, 0x000000008a800000|100%|HC|  |TAMS 0x000000008a800000| PB 0x000000008a700000| Complete 
| 168|0x000000008a800000, 0x000000008a900000, 0x000000008a900000|100%|HS|  |TAMS 0x000000008a900000| PB 0x000000008a800000| Complete 
| 169|0x000000008a900000, 0x000000008aa00000, 0x000000008aa00000|100%|HC|  |TAMS 0x000000008aa00000| PB 0x000000008a900000| Complete 
| 170|0x000000008aa00000, 0x000000008ab00000, 0x000000008ab00000|100%|HS|  |TAMS 0x000000008ab00000| PB 0x000000008aa00000| Complete 
| 171|0x000000008ab00000, 0x000000008ac00000, 0x000000008ac00000|100%|HC|  |TAMS 0x000000008ac00000| PB 0x000000008ab00000| Complete 
| 172|0x000000008ac00000, 0x000000008ad00000, 0x000000008ad00000|100%|HC|  |TAMS 0x000000008ad00000| PB 0x000000008ac00000| Complete 
| 173|0x000000008ad00000, 0x000000008ae00000, 0x000000008ae00000|100%| O|  |TAMS 0x000000008ae00000| PB 0x000000008ae00000| Untracked 
| 174|0x000000008ae00000, 0x000000008af00000, 0x000000008af00000|100%|HS|  |TAMS 0x000000008af00000| PB 0x000000008ae00000| Complete 
| 175|0x000000008af00000, 0x000000008b000000, 0x000000008b000000|100%|HC|  |TAMS 0x000000008b000000| PB 0x000000008af00000| Complete 
| 176|0x000000008b000000, 0x000000008b100000, 0x000000008b100000|100%| O|  |TAMS 0x000000008b100000| PB 0x000000008b100000| Untracked 
| 177|0x000000008b100000, 0x000000008b200000, 0x000000008b200000|100%| O|  |TAMS 0x000000008b200000| PB 0x000000008b200000| Untracked 
| 178|0x000000008b200000, 0x000000008b300000, 0x000000008b300000|100%| O|  |TAMS 0x000000008b300000| PB 0x000000008b300000| Untracked 
| 179|0x000000008b300000, 0x000000008b400000, 0x000000008b400000|100%| O|  |TAMS 0x000000008b400000| PB 0x000000008b400000| Updating 
| 180|0x000000008b400000, 0x000000008b500000, 0x000000008b500000|100%| O|  |TAMS 0x000000008b500000| PB 0x000000008b500000| Updating 
| 181|0x000000008b500000, 0x000000008b500000, 0x000000008b600000|  0%| F|  |TAMS 0x000000008b500000| PB 0x000000008b500000| Untracked 
| 182|0x000000008b600000, 0x000000008b700000, 0x000000008b700000|100%|HS|  |TAMS 0x000000008b700000| PB 0x000000008b600000| Complete 
| 183|0x000000008b700000, 0x000000008b800000, 0x000000008b800000|100%|HC|  |TAMS 0x000000008b800000| PB 0x000000008b700000| Complete 
| 184|0x000000008b800000, 0x000000008b900000, 0x000000008b900000|100%|HS|  |TAMS 0x000000008b900000| PB 0x000000008b800000| Complete 
| 185|0x000000008b900000, 0x000000008ba00000, 0x000000008ba00000|100%|HS|  |TAMS 0x000000008ba00000| PB 0x000000008b900000| Complete 
| 186|0x000000008ba00000, 0x000000008bb00000, 0x000000008bb00000|100%|HC|  |TAMS 0x000000008bb00000| PB 0x000000008ba00000| Complete 
| 187|0x000000008bb00000, 0x000000008bc00000, 0x000000008bc00000|100%|HS|  |TAMS 0x000000008bc00000| PB 0x000000008bb00000| Complete 
| 188|0x000000008bc00000, 0x000000008bd00000, 0x000000008bd00000|100%|HC|  |TAMS 0x000000008bd00000| PB 0x000000008bc00000| Complete 
| 189|0x000000008bd00000, 0x000000008be00000, 0x000000008be00000|100%|HS|  |TAMS 0x000000008be00000| PB 0x000000008bd00000| Complete 
| 190|0x000000008be00000, 0x000000008bf00000, 0x000000008bf00000|100%|HS|  |TAMS 0x000000008bf00000| PB 0x000000008be00000| Complete 
| 191|0x000000008bf00000, 0x000000008c000000, 0x000000008c000000|100%|HC|  |TAMS 0x000000008c000000| PB 0x000000008bf00000| Complete 
| 192|0x000000008c000000, 0x000000008c100000, 0x000000008c100000|100%|HS|  |TAMS 0x000000008c100000| PB 0x000000008c000000| Complete 
| 193|0x000000008c100000, 0x000000008c200000, 0x000000008c200000|100%|HS|  |TAMS 0x000000008c200000| PB 0x000000008c100000| Complete 
| 194|0x000000008c200000, 0x000000008c300000, 0x000000008c300000|100%| O|  |TAMS 0x000000008c300000| PB 0x000000008c300000| Untracked 
| 195|0x000000008c300000, 0x000000008c400000, 0x000000008c400000|100%| O|  |TAMS 0x000000008c400000| PB 0x000000008c400000| Untracked 
| 196|0x000000008c400000, 0x000000008c500000, 0x000000008c500000|100%|HS|  |TAMS 0x000000008c500000| PB 0x000000008c400000| Complete 
| 197|0x000000008c500000, 0x000000008c600000, 0x000000008c600000|100%|HS|  |TAMS 0x000000008c600000| PB 0x000000008c500000| Complete 
| 198|0x000000008c600000, 0x000000008c700000, 0x000000008c700000|100%| O|  |TAMS 0x000000008c700000| PB 0x000000008c700000| Updating 
| 199|0x000000008c700000, 0x000000008c800000, 0x000000008c800000|100%|HS|  |TAMS 0x000000008c800000| PB 0x000000008c700000| Complete 
| 200|0x000000008c800000, 0x000000008c900000, 0x000000008c900000|100%| O|  |TAMS 0x000000008c900000| PB 0x000000008c900000| Untracked 
| 201|0x000000008c900000, 0x000000008ca00000, 0x000000008ca00000|100%| O|  |TAMS 0x000000008ca00000| PB 0x000000008ca00000| Updating 
| 202|0x000000008ca00000, 0x000000008cb00000, 0x000000008cb00000|100%| O|  |TAMS 0x000000008cb00000| PB 0x000000008cb00000| Untracked 
| 203|0x000000008cb00000, 0x000000008cc00000, 0x000000008cc00000|100%|HS|  |TAMS 0x000000008cc00000| PB 0x000000008cb00000| Complete 
| 204|0x000000008cc00000, 0x000000008cd00000, 0x000000008cd00000|100%|HC|  |TAMS 0x000000008cd00000| PB 0x000000008cc00000| Complete 
| 205|0x000000008cd00000, 0x000000008ce00000, 0x000000008ce00000|100%|HS|  |TAMS 0x000000008ce00000| PB 0x000000008cd00000| Complete 
| 206|0x000000008ce00000, 0x000000008cf00000, 0x000000008cf00000|100%|HS|  |TAMS 0x000000008cf00000| PB 0x000000008ce00000| Complete 
| 207|0x000000008cf00000, 0x000000008d000000, 0x000000008d000000|100%|HC|  |TAMS 0x000000008d000000| PB 0x000000008cf00000| Complete 
| 208|0x000000008d000000, 0x000000008d100000, 0x000000008d100000|100%|HS|  |TAMS 0x000000008d100000| PB 0x000000008d000000| Complete 
| 209|0x000000008d100000, 0x000000008d200000, 0x000000008d200000|100%|HS|  |TAMS 0x000000008d200000| PB 0x000000008d100000| Complete 
| 210|0x000000008d200000, 0x000000008d300000, 0x000000008d300000|100%|HS|  |TAMS 0x000000008d300000| PB 0x000000008d200000| Complete 
| 211|0x000000008d300000, 0x000000008d400000, 0x000000008d400000|100%|HC|  |TAMS 0x000000008d400000| PB 0x000000008d300000| Complete 
| 212|0x000000008d400000, 0x000000008d500000, 0x000000008d500000|100%| O|  |TAMS 0x000000008d400000| PB 0x000000008d400000| Untracked 
| 213|0x000000008d500000, 0x000000008d600000, 0x000000008d600000|100%|HS|  |TAMS 0x000000008d600000| PB 0x000000008d500000| Complete 
| 214|0x000000008d600000, 0x000000008d700000, 0x000000008d700000|100%| O|  |TAMS 0x000000008d700000| PB 0x000000008d700000| Updating 
| 215|0x000000008d700000, 0x000000008d800000, 0x000000008d800000|100%|HS|  |TAMS 0x000000008d800000| PB 0x000000008d700000| Complete 
| 216|0x000000008d800000, 0x000000008d900000, 0x000000008d900000|100%| O|  |TAMS 0x000000008d900000| PB 0x000000008d900000| Updating 
| 217|0x000000008d900000, 0x000000008da00000, 0x000000008da00000|100%| O|  |TAMS 0x000000008d900000| PB 0x000000008d900000| Untracked 
| 218|0x000000008da00000, 0x000000008db00000, 0x000000008db00000|100%| O|  |TAMS 0x000000008db00000| PB 0x000000008db00000| Updating 
| 219|0x000000008db00000, 0x000000008dc00000, 0x000000008dc00000|100%| O|  |TAMS 0x000000008dc00000| PB 0x000000008dc00000| Untracked 
| 220|0x000000008dc00000, 0x000000008dd00000, 0x000000008dd00000|100%| O|  |TAMS 0x000000008dd00000| PB 0x000000008dd00000| Updating 
| 221|0x000000008dd00000, 0x000000008de00000, 0x000000008de00000|100%| O|  |TAMS 0x000000008de00000| PB 0x000000008de00000| Updating 
| 222|0x000000008de00000, 0x000000008df00000, 0x000000008df00000|100%| O|  |TAMS 0x000000008de00000| PB 0x000000008de00000| Untracked 
| 223|0x000000008df00000, 0x000000008e000000, 0x000000008e000000|100%|HS|  |TAMS 0x000000008e000000| PB 0x000000008df00000| Complete 
| 224|0x000000008e000000, 0x000000008e100000, 0x000000008e100000|100%|HS|  |TAMS 0x000000008e100000| PB 0x000000008e000000| Complete 
| 225|0x000000008e100000, 0x000000008e200000, 0x000000008e200000|100%| O|  |TAMS 0x000000008e200000| PB 0x000000008e200000| Updating 
| 226|0x000000008e200000, 0x000000008e300000, 0x000000008e300000|100%| O|  |TAMS 0x000000008e300000| PB 0x000000008e300000| Updating 
| 227|0x000000008e300000, 0x000000008e400000, 0x000000008e400000|100%| O|  |TAMS 0x000000008e300000| PB 0x000000008e300000| Untracked 
| 228|0x000000008e400000, 0x000000008e500000, 0x000000008e500000|100%|HS|  |TAMS 0x000000008e500000| PB 0x000000008e400000| Complete 
| 229|0x000000008e500000, 0x000000008e600000, 0x000000008e600000|100%|HS|  |TAMS 0x000000008e600000| PB 0x000000008e500000| Complete 
| 230|0x000000008e600000, 0x000000008e700000, 0x000000008e700000|100%| O|  |TAMS 0x000000008e700000| PB 0x000000008e700000| Untracked 
| 231|0x000000008e700000, 0x000000008e800000, 0x000000008e800000|100%| O|  |TAMS 0x000000008e800000| PB 0x000000008e800000| Untracked 
| 232|0x000000008e800000, 0x000000008e900000, 0x000000008e900000|100%| O|  |TAMS 0x000000008e900000| PB 0x000000008e900000| Untracked 
| 233|0x000000008e900000, 0x000000008ea00000, 0x000000008ea00000|100%| O|  |TAMS 0x000000008ea00000| PB 0x000000008ea00000| Updating 
| 234|0x000000008ea00000, 0x000000008eb00000, 0x000000008eb00000|100%| O|  |TAMS 0x000000008eb00000| PB 0x000000008eb00000| Untracked 
| 235|0x000000008eb00000, 0x000000008ec00000, 0x000000008ec00000|100%| O|  |TAMS 0x000000008ec00000| PB 0x000000008ec00000| Untracked 
| 236|0x000000008ec00000, 0x000000008ed00000, 0x000000008ed00000|100%| O|  |TAMS 0x000000008ed00000| PB 0x000000008ed00000| Updating 
| 237|0x000000008ed00000, 0x000000008ee00000, 0x000000008ee00000|100%| O|  |TAMS 0x000000008ee00000| PB 0x000000008ee00000| Untracked 
| 238|0x000000008ee00000, 0x000000008ef00000, 0x000000008ef00000|100%| O|  |TAMS 0x000000008ef00000| PB 0x000000008ef00000| Updating 
| 239|0x000000008ef00000, 0x000000008f000000, 0x000000008f000000|100%| O|  |TAMS 0x000000008f000000| PB 0x000000008f000000| Untracked 
| 240|0x000000008f000000, 0x000000008f100000, 0x000000008f100000|100%| O|  |TAMS 0x000000008f100000| PB 0x000000008f100000| Updating 
| 241|0x000000008f100000, 0x000000008f200000, 0x000000008f200000|100%| O|  |TAMS 0x000000008f200000| PB 0x000000008f200000| Updating 
| 242|0x000000008f200000, 0x000000008f300000, 0x000000008f300000|100%| O|  |TAMS 0x000000008f300000| PB 0x000000008f300000| Updating 
| 243|0x000000008f300000, 0x000000008f400000, 0x000000008f400000|100%| O|  |TAMS 0x000000008f400000| PB 0x000000008f400000| Updating 
| 244|0x000000008f400000, 0x000000008f500000, 0x000000008f500000|100%| O|  |TAMS 0x000000008f500000| PB 0x000000008f500000| Untracked 
| 245|0x000000008f500000, 0x000000008f600000, 0x000000008f600000|100%| O|  |TAMS 0x000000008f600000| PB 0x000000008f600000| Untracked 
| 246|0x000000008f600000, 0x000000008f700000, 0x000000008f700000|100%| O|  |TAMS 0x000000008f700000| PB 0x000000008f700000| Updating 
| 247|0x000000008f700000, 0x000000008f800000, 0x000000008f800000|100%| O|  |TAMS 0x000000008f800000| PB 0x000000008f800000| Untracked 
| 248|0x000000008f800000, 0x000000008f900000, 0x000000008f900000|100%| O|  |TAMS 0x000000008f900000| PB 0x000000008f900000| Untracked 
| 249|0x000000008f900000, 0x000000008fa00000, 0x000000008fa00000|100%| O|  |TAMS 0x000000008fa00000| PB 0x000000008fa00000| Updating 
| 250|0x000000008fa00000, 0x000000008fb00000, 0x000000008fb00000|100%| O|  |TAMS 0x000000008fb00000| PB 0x000000008fb00000| Untracked 
| 251|0x000000008fb00000, 0x000000008fc00000, 0x000000008fc00000|100%| O|  |TAMS 0x000000008fc00000| PB 0x000000008fc00000| Updating 
| 252|0x000000008fc00000, 0x000000008fd00000, 0x000000008fd00000|100%|HS|  |TAMS 0x000000008fd00000| PB 0x000000008fc00000| Complete 
| 253|0x000000008fd00000, 0x000000008fe00000, 0x000000008fe00000|100%|HC|  |TAMS 0x000000008fe00000| PB 0x000000008fd00000| Complete 
| 254|0x000000008fe00000, 0x000000008ff00000, 0x000000008ff00000|100%| O|  |TAMS 0x000000008fe00000| PB 0x000000008fe00000| Untracked 
| 255|0x000000008ff00000, 0x0000000090000000, 0x0000000090000000|100%| O|  |TAMS 0x0000000090000000| PB 0x0000000090000000| Updating 
| 256|0x0000000090000000, 0x0000000090100000, 0x0000000090100000|100%| O|  |TAMS 0x0000000090100000| PB 0x0000000090100000| Updating 
| 257|0x0000000090100000, 0x0000000090200000, 0x0000000090200000|100%| O|  |TAMS 0x0000000090200000| PB 0x0000000090200000| Updating 
| 258|0x0000000090200000, 0x0000000090300000, 0x0000000090300000|100%| O|  |TAMS 0x0000000090300000| PB 0x0000000090300000| Updating 
| 259|0x0000000090300000, 0x0000000090400000, 0x0000000090400000|100%| O|  |TAMS 0x0000000090400000| PB 0x0000000090400000| Untracked 
| 260|0x0000000090400000, 0x0000000090500000, 0x0000000090500000|100%| O|  |TAMS 0x0000000090500000| PB 0x0000000090500000| Untracked 
| 261|0x0000000090500000, 0x0000000090600000, 0x0000000090600000|100%| O|  |TAMS 0x0000000090600000| PB 0x0000000090600000| Untracked 
| 262|0x0000000090600000, 0x0000000090700000, 0x0000000090700000|100%| O|  |TAMS 0x0000000090700000| PB 0x0000000090700000| Untracked 
| 263|0x0000000090700000, 0x0000000090800000, 0x0000000090800000|100%| O|  |TAMS 0x0000000090800000| PB 0x0000000090800000| Untracked 
| 264|0x0000000090800000, 0x0000000090900000, 0x0000000090900000|100%| O|  |TAMS 0x0000000090900000| PB 0x0000000090900000| Untracked 
| 265|0x0000000090900000, 0x0000000090a00000, 0x0000000090a00000|100%| O|  |TAMS 0x0000000090a00000| PB 0x0000000090a00000| Untracked 
| 266|0x0000000090a00000, 0x0000000090b00000, 0x0000000090b00000|100%| O|  |TAMS 0x0000000090b00000| PB 0x0000000090b00000| Untracked 
| 267|0x0000000090b00000, 0x0000000090c00000, 0x0000000090c00000|100%| O|  |TAMS 0x0000000090c00000| PB 0x0000000090c00000| Updating 
| 268|0x0000000090c00000, 0x0000000090d00000, 0x0000000090d00000|100%| O|  |TAMS 0x0000000090d00000| PB 0x0000000090d00000| Updating 
| 269|0x0000000090d00000, 0x0000000090e00000, 0x0000000090e00000|100%| O|  |TAMS 0x0000000090e00000| PB 0x0000000090e00000| Untracked 
| 270|0x0000000090e00000, 0x0000000090f00000, 0x0000000090f00000|100%| O|  |TAMS 0x0000000090f00000| PB 0x0000000090f00000| Updating 
| 271|0x0000000090f00000, 0x0000000091000000, 0x0000000091000000|100%| O|  |TAMS 0x0000000091000000| PB 0x0000000091000000| Updating 
| 272|0x0000000091000000, 0x0000000091100000, 0x0000000091100000|100%| O|  |TAMS 0x0000000091100000| PB 0x0000000091100000| Untracked 
| 273|0x0000000091100000, 0x0000000091200000, 0x0000000091200000|100%| O|  |TAMS 0x0000000091200000| PB 0x0000000091200000| Untracked 
| 274|0x0000000091200000, 0x0000000091300000, 0x0000000091300000|100%| O|  |TAMS 0x0000000091300000| PB 0x0000000091300000| Untracked 
| 275|0x0000000091300000, 0x0000000091400000, 0x0000000091400000|100%| O|  |TAMS 0x0000000091400000| PB 0x0000000091400000| Untracked 
| 276|0x0000000091400000, 0x0000000091500000, 0x0000000091500000|100%| O|  |TAMS 0x0000000091500000| PB 0x0000000091500000| Updating 
| 277|0x0000000091500000, 0x0000000091600000, 0x0000000091600000|100%| O|  |TAMS 0x0000000091600000| PB 0x0000000091600000| Updating 
| 278|0x0000000091600000, 0x0000000091700000, 0x0000000091700000|100%| O|  |TAMS 0x0000000091700000| PB 0x0000000091700000| Updating 
| 279|0x0000000091700000, 0x0000000091800000, 0x0000000091800000|100%| O|  |TAMS 0x0000000091800000| PB 0x0000000091800000| Untracked 
| 280|0x0000000091800000, 0x0000000091900000, 0x0000000091900000|100%| O|  |TAMS 0x0000000091900000| PB 0x0000000091900000| Updating 
| 281|0x0000000091900000, 0x0000000091a00000, 0x0000000091a00000|100%| O|  |TAMS 0x0000000091a00000| PB 0x0000000091a00000| Untracked 
| 282|0x0000000091a00000, 0x0000000091b00000, 0x0000000091b00000|100%| O|  |TAMS 0x0000000091b00000| PB 0x0000000091b00000| Untracked 
| 283|0x0000000091b00000, 0x0000000091c00000, 0x0000000091c00000|100%| O|  |TAMS 0x0000000091c00000| PB 0x0000000091c00000| Untracked 
| 284|0x0000000091c00000, 0x0000000091d00000, 0x0000000091d00000|100%| O|  |TAMS 0x0000000091d00000| PB 0x0000000091d00000| Untracked 
| 285|0x0000000091d00000, 0x0000000091e00000, 0x0000000091e00000|100%| O|  |TAMS 0x0000000091e00000| PB 0x0000000091e00000| Untracked 
| 286|0x0000000091e00000, 0x0000000091f00000, 0x0000000091f00000|100%| O|  |TAMS 0x0000000091f00000| PB 0x0000000091f00000| Untracked 
| 287|0x0000000091f00000, 0x0000000092000000, 0x0000000092000000|100%| O|  |TAMS 0x0000000092000000| PB 0x0000000092000000| Untracked 
| 288|0x0000000092000000, 0x0000000092100000, 0x0000000092100000|100%| O|  |TAMS 0x0000000092100000| PB 0x0000000092100000| Untracked 
| 289|0x0000000092100000, 0x0000000092200000, 0x0000000092200000|100%| O|  |TAMS 0x0000000092200000| PB 0x0000000092200000| Untracked 
| 290|0x0000000092200000, 0x0000000092300000, 0x0000000092300000|100%| O|  |TAMS 0x0000000092300000| PB 0x0000000092300000| Untracked 
| 291|0x0000000092300000, 0x0000000092400000, 0x0000000092400000|100%| O|  |TAMS 0x0000000092400000| PB 0x0000000092400000| Untracked 
| 292|0x0000000092400000, 0x0000000092500000, 0x0000000092500000|100%| O|  |TAMS 0x0000000092500000| PB 0x0000000092500000| Updating 
| 293|0x0000000092500000, 0x0000000092600000, 0x0000000092600000|100%| O|  |TAMS 0x0000000092600000| PB 0x0000000092600000| Untracked 
| 294|0x0000000092600000, 0x0000000092700000, 0x0000000092700000|100%| O|  |TAMS 0x0000000092700000| PB 0x0000000092700000| Untracked 
| 295|0x0000000092700000, 0x0000000092800000, 0x0000000092800000|100%| O|  |TAMS 0x0000000092800000| PB 0x0000000092800000| Untracked 
| 296|0x0000000092800000, 0x0000000092900000, 0x0000000092900000|100%| O|  |TAMS 0x0000000092900000| PB 0x0000000092900000| Untracked 
| 297|0x0000000092900000, 0x0000000092a00000, 0x0000000092a00000|100%| O|  |TAMS 0x0000000092a00000| PB 0x0000000092a00000| Untracked 
| 298|0x0000000092a00000, 0x0000000092b00000, 0x0000000092b00000|100%| O|  |TAMS 0x0000000092b00000| PB 0x0000000092b00000| Untracked 
| 299|0x0000000092b00000, 0x0000000092c00000, 0x0000000092c00000|100%| O|  |TAMS 0x0000000092c00000| PB 0x0000000092c00000| Untracked 
| 300|0x0000000092c00000, 0x0000000092d00000, 0x0000000092d00000|100%| O|  |TAMS 0x0000000092d00000| PB 0x0000000092d00000| Updating 
| 301|0x0000000092d00000, 0x0000000092e00000, 0x0000000092e00000|100%| O|  |TAMS 0x0000000092e00000| PB 0x0000000092e00000| Untracked 
| 302|0x0000000092e00000, 0x0000000092f00000, 0x0000000092f00000|100%| O|  |TAMS 0x0000000092f00000| PB 0x0000000092f00000| Untracked 
| 303|0x0000000092f00000, 0x0000000093000000, 0x0000000093000000|100%| O|  |TAMS 0x0000000093000000| PB 0x0000000093000000| Updating 
| 304|0x0000000093000000, 0x0000000093100000, 0x0000000093100000|100%| O|  |TAMS 0x0000000093100000| PB 0x0000000093100000| Untracked 
| 305|0x0000000093100000, 0x0000000093200000, 0x0000000093200000|100%| O|  |TAMS 0x0000000093200000| PB 0x0000000093200000| Updating 
| 306|0x0000000093200000, 0x0000000093300000, 0x0000000093300000|100%| O|  |TAMS 0x0000000093300000| PB 0x0000000093300000| Updating 
| 307|0x0000000093300000, 0x0000000093400000, 0x0000000093400000|100%| O|  |TAMS 0x0000000093400000| PB 0x0000000093400000| Untracked 
| 308|0x0000000093400000, 0x0000000093500000, 0x0000000093500000|100%| O|  |TAMS 0x0000000093500000| PB 0x0000000093500000| Untracked 
| 309|0x0000000093500000, 0x0000000093600000, 0x0000000093600000|100%| O|  |TAMS 0x0000000093600000| PB 0x0000000093600000| Updating 
| 310|0x0000000093600000, 0x0000000093700000, 0x0000000093700000|100%| O|  |TAMS 0x0000000093700000| PB 0x0000000093700000| Untracked 
| 311|0x0000000093700000, 0x0000000093800000, 0x0000000093800000|100%| O|  |TAMS 0x0000000093800000| PB 0x0000000093800000| Updating 
| 312|0x0000000093800000, 0x0000000093900000, 0x0000000093900000|100%| O|  |TAMS 0x0000000093900000| PB 0x0000000093900000| Untracked 
| 313|0x0000000093900000, 0x0000000093a00000, 0x0000000093a00000|100%| O|  |TAMS 0x0000000093a00000| PB 0x0000000093a00000| Untracked 
| 314|0x0000000093a00000, 0x0000000093b00000, 0x0000000093b00000|100%| O|  |TAMS 0x0000000093a00000| PB 0x0000000093a00000| Untracked 
| 315|0x0000000093b00000, 0x0000000093c00000, 0x0000000093c00000|100%| O|  |TAMS 0x0000000093c00000| PB 0x0000000093c00000| Untracked 
| 316|0x0000000093c00000, 0x0000000093d00000, 0x0000000093d00000|100%| O|  |TAMS 0x0000000093d00000| PB 0x0000000093d00000| Untracked 
| 317|0x0000000093d00000, 0x0000000093e00000, 0x0000000093e00000|100%| O|  |TAMS 0x0000000093e00000| PB 0x0000000093e00000| Untracked 
| 318|0x0000000093e00000, 0x0000000093f00000, 0x0000000093f00000|100%| O|  |TAMS 0x0000000093f00000| PB 0x0000000093f00000| Untracked 
| 319|0x0000000093f00000, 0x0000000094000000, 0x0000000094000000|100%| O|  |TAMS 0x0000000094000000| PB 0x0000000094000000| Updating 
| 320|0x0000000094000000, 0x0000000094100000, 0x0000000094100000|100%| O|  |TAMS 0x0000000094100000| PB 0x0000000094100000| Untracked 
| 321|0x0000000094100000, 0x0000000094200000, 0x0000000094200000|100%| O|  |TAMS 0x0000000094200000| PB 0x0000000094200000| Updating 
| 322|0x0000000094200000, 0x0000000094300000, 0x0000000094300000|100%| O|  |TAMS 0x0000000094200000| PB 0x0000000094200000| Untracked 
| 323|0x0000000094300000, 0x0000000094400000, 0x0000000094400000|100%| O|  |TAMS 0x0000000094400000| PB 0x0000000094400000| Updating 
| 324|0x0000000094400000, 0x0000000094500000, 0x0000000094500000|100%| O|  |TAMS 0x0000000094500000| PB 0x0000000094500000| Untracked 
| 325|0x0000000094500000, 0x0000000094600000, 0x0000000094600000|100%| O|  |TAMS 0x0000000094600000| PB 0x0000000094600000| Untracked 
| 326|0x0000000094600000, 0x0000000094700000, 0x0000000094700000|100%| O|  |TAMS 0x0000000094700000| PB 0x0000000094700000| Untracked 
| 327|0x0000000094700000, 0x0000000094800000, 0x0000000094800000|100%| O|  |TAMS 0x0000000094800000| PB 0x0000000094800000| Updating 
| 328|0x0000000094800000, 0x0000000094900000, 0x0000000094900000|100%| O|  |TAMS 0x0000000094900000| PB 0x0000000094900000| Updating 
| 329|0x0000000094900000, 0x0000000094a00000, 0x0000000094a00000|100%| O|  |TAMS 0x0000000094a00000| PB 0x0000000094a00000| Updating 
| 330|0x0000000094a00000, 0x0000000094b00000, 0x0000000094b00000|100%| O|  |TAMS 0x0000000094b00000| PB 0x0000000094b00000| Updating 
| 331|0x0000000094b00000, 0x0000000094c00000, 0x0000000094c00000|100%| O|  |TAMS 0x0000000094c00000| PB 0x0000000094c00000| Untracked 
| 332|0x0000000094c00000, 0x0000000094d00000, 0x0000000094d00000|100%| O|  |TAMS 0x0000000094d00000| PB 0x0000000094d00000| Untracked 
| 333|0x0000000094d00000, 0x0000000094e00000, 0x0000000094e00000|100%| O|  |TAMS 0x0000000094e00000| PB 0x0000000094e00000| Updating 
| 334|0x0000000094e00000, 0x0000000094f00000, 0x0000000094f00000|100%| O|  |TAMS 0x0000000094f00000| PB 0x0000000094f00000| Updating 
| 335|0x0000000094f00000, 0x0000000095000000, 0x0000000095000000|100%| O|  |TAMS 0x0000000095000000| PB 0x0000000095000000| Updating 
| 336|0x0000000095000000, 0x0000000095100000, 0x0000000095100000|100%| O|  |TAMS 0x0000000095100000| PB 0x0000000095100000| Untracked 
| 337|0x0000000095100000, 0x0000000095200000, 0x0000000095200000|100%| O|  |TAMS 0x0000000095200000| PB 0x0000000095200000| Updating 
| 338|0x0000000095200000, 0x0000000095300000, 0x0000000095300000|100%| O|  |TAMS 0x0000000095200000| PB 0x0000000095200000| Untracked 
| 339|0x0000000095300000, 0x0000000095400000, 0x0000000095400000|100%|HS|  |TAMS 0x0000000095400000| PB 0x0000000095300000| Complete 
| 340|0x0000000095400000, 0x0000000095500000, 0x0000000095500000|100%| O|  |TAMS 0x0000000095500000| PB 0x0000000095500000| Updating 
| 341|0x0000000095500000, 0x0000000095600000, 0x0000000095600000|100%| O|  |TAMS 0x0000000095600000| PB 0x0000000095600000| Untracked 
| 342|0x0000000095600000, 0x0000000095700000, 0x0000000095700000|100%| O|  |TAMS 0x0000000095700000| PB 0x0000000095700000| Updating 
| 343|0x0000000095700000, 0x0000000095800000, 0x0000000095800000|100%| O|  |TAMS 0x0000000095800000| PB 0x0000000095800000| Untracked 
| 344|0x0000000095800000, 0x0000000095900000, 0x0000000095900000|100%| O|  |TAMS 0x0000000095900000| PB 0x0000000095900000| Updating 
| 345|0x0000000095900000, 0x0000000095a00000, 0x0000000095a00000|100%| O|  |TAMS 0x0000000095a00000| PB 0x0000000095a00000| Updating 
| 346|0x0000000095a00000, 0x0000000095b00000, 0x0000000095b00000|100%| O|  |TAMS 0x0000000095b00000| PB 0x0000000095b00000| Updating 
| 347|0x0000000095b00000, 0x0000000095c00000, 0x0000000095c00000|100%| O|  |TAMS 0x0000000095c00000| PB 0x0000000095c00000| Updating 
| 348|0x0000000095c00000, 0x0000000095d00000, 0x0000000095d00000|100%| O|  |TAMS 0x0000000095d00000| PB 0x0000000095d00000| Updating 
| 349|0x0000000095d00000, 0x0000000095e00000, 0x0000000095e00000|100%|HS|  |TAMS 0x0000000095e00000| PB 0x0000000095d00000| Complete 
| 350|0x0000000095e00000, 0x0000000095f00000, 0x0000000095f00000|100%| O|  |TAMS 0x0000000095f00000| PB 0x0000000095f00000| Untracked 
| 351|0x0000000095f00000, 0x0000000096000000, 0x0000000096000000|100%| O|  |TAMS 0x0000000096000000| PB 0x0000000096000000| Untracked 
| 352|0x0000000096000000, 0x0000000096100000, 0x0000000096100000|100%| O|  |TAMS 0x0000000096100000| PB 0x0000000096100000| Untracked 
| 353|0x0000000096100000, 0x0000000096200000, 0x0000000096200000|100%| O|  |TAMS 0x0000000096200000| PB 0x0000000096200000| Untracked 
| 354|0x0000000096200000, 0x0000000096300000, 0x0000000096300000|100%| O|  |TAMS 0x0000000096300000| PB 0x0000000096300000| Updating 
| 355|0x0000000096300000, 0x0000000096400000, 0x0000000096400000|100%| O|  |TAMS 0x0000000096400000| PB 0x0000000096400000| Updating 
| 356|0x0000000096400000, 0x0000000096500000, 0x0000000096500000|100%| O|  |TAMS 0x0000000096500000| PB 0x0000000096500000| Updating 
| 357|0x0000000096500000, 0x0000000096600000, 0x0000000096600000|100%| O|  |TAMS 0x0000000096600000| PB 0x0000000096600000| Untracked 
| 358|0x0000000096600000, 0x0000000096700000, 0x0000000096700000|100%| O|  |TAMS 0x0000000096700000| PB 0x0000000096700000| Updating 
| 359|0x0000000096700000, 0x0000000096800000, 0x0000000096800000|100%| O|  |TAMS 0x0000000096700000| PB 0x0000000096700000| Untracked 
| 360|0x0000000096800000, 0x0000000096800000, 0x0000000096900000|  0%| F|  |TAMS 0x0000000096800000| PB 0x0000000096800000| Untracked 
| 361|0x0000000096900000, 0x0000000096a00000, 0x0000000096a00000|100%| O|  |TAMS 0x0000000096a00000| PB 0x0000000096a00000| Updating 
| 362|0x0000000096a00000, 0x0000000096b00000, 0x0000000096b00000|100%| O|  |TAMS 0x0000000096b00000| PB 0x0000000096b00000| Untracked 
| 363|0x0000000096b00000, 0x0000000096c00000, 0x0000000096c00000|100%| O|  |TAMS 0x0000000096c00000| PB 0x0000000096c00000| Untracked 
| 364|0x0000000096c00000, 0x0000000096d00000, 0x0000000096d00000|100%| O|  |TAMS 0x0000000096d00000| PB 0x0000000096d00000| Untracked 
| 365|0x0000000096d00000, 0x0000000096e00000, 0x0000000096e00000|100%| O|  |TAMS 0x0000000096e00000| PB 0x0000000096e00000| Untracked 
| 366|0x0000000096e00000, 0x0000000096f00000, 0x0000000096f00000|100%| O|  |TAMS 0x0000000096f00000| PB 0x0000000096f00000| Untracked 
| 367|0x0000000096f00000, 0x0000000097000000, 0x0000000097000000|100%| O|  |TAMS 0x0000000097000000| PB 0x0000000097000000| Untracked 
| 368|0x0000000097000000, 0x0000000097100000, 0x0000000097100000|100%| O|  |TAMS 0x0000000097100000| PB 0x0000000097100000| Untracked 
| 369|0x0000000097100000, 0x0000000097200000, 0x0000000097200000|100%| O|  |TAMS 0x0000000097200000| PB 0x0000000097200000| Updating 
| 370|0x0000000097200000, 0x0000000097300000, 0x0000000097300000|100%| O|  |TAMS 0x0000000097300000| PB 0x0000000097300000| Updating 
| 371|0x0000000097300000, 0x0000000097400000, 0x0000000097400000|100%| O|  |TAMS 0x0000000097300000| PB 0x0000000097300000| Untracked 
| 372|0x0000000097400000, 0x0000000097500000, 0x0000000097500000|100%| O|  |TAMS 0x0000000097400000| PB 0x0000000097400000| Untracked 
| 373|0x0000000097500000, 0x0000000097600000, 0x0000000097600000|100%| O|  |TAMS 0x0000000097500000| PB 0x0000000097500000| Untracked 
| 374|0x0000000097600000, 0x0000000097700000, 0x0000000097700000|100%| O|  |TAMS 0x0000000097700000| PB 0x0000000097700000| Updating 
| 375|0x0000000097700000, 0x0000000097800000, 0x0000000097800000|100%| O|  |TAMS 0x0000000097800000| PB 0x0000000097800000| Untracked 
| 376|0x0000000097800000, 0x0000000097900000, 0x0000000097900000|100%| O|  |TAMS 0x0000000097900000| PB 0x0000000097900000| Updating 
| 377|0x0000000097900000, 0x0000000097a00000, 0x0000000097a00000|100%| O|  |TAMS 0x0000000097a00000| PB 0x0000000097a00000| Untracked 
| 378|0x0000000097a00000, 0x0000000097b00000, 0x0000000097b00000|100%| O|  |TAMS 0x0000000097b00000| PB 0x0000000097b00000| Untracked 
| 379|0x0000000097b00000, 0x0000000097c00000, 0x0000000097c00000|100%| O|  |TAMS 0x0000000097c00000| PB 0x0000000097c00000| Updating 
| 380|0x0000000097c00000, 0x0000000097d00000, 0x0000000097d00000|100%| O|  |TAMS 0x0000000097d00000| PB 0x0000000097d00000| Updating 
| 381|0x0000000097d00000, 0x0000000097e00000, 0x0000000097e00000|100%| O|  |TAMS 0x0000000097e00000| PB 0x0000000097e00000| Updating 
| 382|0x0000000097e00000, 0x0000000097f00000, 0x0000000097f00000|100%| O|  |TAMS 0x0000000097f00000| PB 0x0000000097f00000| Untracked 
| 383|0x0000000097f00000, 0x0000000098000000, 0x0000000098000000|100%| O|  |TAMS 0x0000000098000000| PB 0x0000000098000000| Updating 
| 384|0x0000000098000000, 0x0000000098100000, 0x0000000098100000|100%| O|  |TAMS 0x0000000098100000| PB 0x0000000098100000| Untracked 
| 385|0x0000000098100000, 0x0000000098200000, 0x0000000098200000|100%| O|  |TAMS 0x0000000098200000| PB 0x0000000098200000| Updating 
| 386|0x0000000098200000, 0x0000000098300000, 0x0000000098300000|100%| O|  |TAMS 0x0000000098300000| PB 0x0000000098300000| Updating 
| 387|0x0000000098300000, 0x0000000098400000, 0x0000000098400000|100%| O|  |TAMS 0x0000000098400000| PB 0x0000000098400000| Updating 
| 388|0x0000000098400000, 0x0000000098400000, 0x0000000098500000|  0%| F|  |TAMS 0x0000000098400000| PB 0x0000000098400000| Untracked 
| 389|0x0000000098500000, 0x0000000098500000, 0x0000000098600000|  0%| F|  |TAMS 0x0000000098500000| PB 0x0000000098500000| Untracked 
| 390|0x0000000098600000, 0x0000000098700000, 0x0000000098700000|100%|HS|  |TAMS 0x0000000098700000| PB 0x0000000098600000| Complete 
| 391|0x0000000098700000, 0x0000000098800000, 0x0000000098800000|100%|HS|  |TAMS 0x0000000098800000| PB 0x0000000098700000| Complete 
| 392|0x0000000098800000, 0x0000000098900000, 0x0000000098900000|100%|HC|  |TAMS 0x0000000098900000| PB 0x0000000098800000| Complete 
| 393|0x0000000098900000, 0x0000000098a00000, 0x0000000098a00000|100%|HS|  |TAMS 0x0000000098a00000| PB 0x0000000098900000| Complete 
| 394|0x0000000098a00000, 0x0000000098b00000, 0x0000000098b00000|100%|HC|  |TAMS 0x0000000098b00000| PB 0x0000000098a00000| Complete 
| 395|0x0000000098b00000, 0x0000000098c00000, 0x0000000098c00000|100%|HS|  |TAMS 0x0000000098c00000| PB 0x0000000098b00000| Complete 
| 396|0x0000000098c00000, 0x0000000098d00000, 0x0000000098d00000|100%|HS|  |TAMS 0x0000000098d00000| PB 0x0000000098c00000| Complete 
| 397|0x0000000098d00000, 0x0000000098e00000, 0x0000000098e00000|100%|HS|  |TAMS 0x0000000098e00000| PB 0x0000000098d00000| Complete 
| 398|0x0000000098e00000, 0x0000000098f00000, 0x0000000098f00000|100%|HC|  |TAMS 0x0000000098f00000| PB 0x0000000098e00000| Complete 
| 399|0x0000000098f00000, 0x0000000099000000, 0x0000000099000000|100%| O|  |TAMS 0x0000000099000000| PB 0x0000000099000000| Updating 
| 400|0x0000000099000000, 0x0000000099100000, 0x0000000099100000|100%| O|  |TAMS 0x0000000099100000| PB 0x0000000099100000| Untracked 
| 401|0x0000000099100000, 0x0000000099200000, 0x0000000099200000|100%|HS|  |TAMS 0x0000000099200000| PB 0x0000000099100000| Complete 
| 402|0x0000000099200000, 0x0000000099300000, 0x0000000099300000|100%|HC|  |TAMS 0x0000000099300000| PB 0x0000000099200000| Complete 
| 403|0x0000000099300000, 0x0000000099400000, 0x0000000099400000|100%|HS|  |TAMS 0x0000000099400000| PB 0x0000000099300000| Complete 
| 404|0x0000000099400000, 0x0000000099500000, 0x0000000099500000|100%|HC|  |TAMS 0x0000000099500000| PB 0x0000000099400000| Complete 
| 405|0x0000000099500000, 0x0000000099600000, 0x0000000099600000|100%|HC|  |TAMS 0x0000000099600000| PB 0x0000000099500000| Complete 
| 406|0x0000000099600000, 0x0000000099700000, 0x0000000099700000|100%|HC|  |TAMS 0x0000000099700000| PB 0x0000000099600000| Complete 
| 407|0x0000000099700000, 0x0000000099800000, 0x0000000099800000|100%|HC|  |TAMS 0x0000000099800000| PB 0x0000000099700000| Complete 
| 408|0x0000000099800000, 0x0000000099900000, 0x0000000099900000|100%|HC|  |TAMS 0x0000000099900000| PB 0x0000000099800000| Complete 
| 409|0x0000000099900000, 0x0000000099a00000, 0x0000000099a00000|100%|HC|  |TAMS 0x0000000099a00000| PB 0x0000000099900000| Complete 
| 410|0x0000000099a00000, 0x0000000099b00000, 0x0000000099b00000|100%|HC|  |TAMS 0x0000000099b00000| PB 0x0000000099a00000| Complete 
| 411|0x0000000099b00000, 0x0000000099c00000, 0x0000000099c00000|100%|HC|  |TAMS 0x0000000099c00000| PB 0x0000000099b00000| Complete 
| 412|0x0000000099c00000, 0x0000000099d00000, 0x0000000099d00000|100%|HC|  |TAMS 0x0000000099d00000| PB 0x0000000099c00000| Complete 
| 413|0x0000000099d00000, 0x0000000099e00000, 0x0000000099e00000|100%|HS|  |TAMS 0x0000000099e00000| PB 0x0000000099d00000| Complete 
| 414|0x0000000099e00000, 0x0000000099f00000, 0x0000000099f00000|100%|HC|  |TAMS 0x0000000099f00000| PB 0x0000000099e00000| Complete 
| 415|0x0000000099f00000, 0x000000009a000000, 0x000000009a000000|100%|HC|  |TAMS 0x000000009a000000| PB 0x0000000099f00000| Complete 
| 416|0x000000009a000000, 0x000000009a100000, 0x000000009a100000|100%|HC|  |TAMS 0x000000009a100000| PB 0x000000009a000000| Complete 
| 417|0x000000009a100000, 0x000000009a200000, 0x000000009a200000|100%|HC|  |TAMS 0x000000009a200000| PB 0x000000009a100000| Complete 
| 418|0x000000009a200000, 0x000000009a300000, 0x000000009a300000|100%|HC|  |TAMS 0x000000009a300000| PB 0x000000009a200000| Complete 
| 419|0x000000009a300000, 0x000000009a400000, 0x000000009a400000|100%|HC|  |TAMS 0x000000009a400000| PB 0x000000009a300000| Complete 
| 420|0x000000009a400000, 0x000000009a500000, 0x000000009a500000|100%|HC|  |TAMS 0x000000009a500000| PB 0x000000009a400000| Complete 
| 421|0x000000009a500000, 0x000000009a600000, 0x000000009a600000|100%|HC|  |TAMS 0x000000009a600000| PB 0x000000009a500000| Complete 
| 422|0x000000009a600000, 0x000000009a700000, 0x000000009a700000|100%|HC|  |TAMS 0x000000009a700000| PB 0x000000009a600000| Complete 
| 423|0x000000009a700000, 0x000000009a800000, 0x000000009a800000|100%|HC|  |TAMS 0x000000009a800000| PB 0x000000009a700000| Complete 
| 424|0x000000009a800000, 0x000000009a900000, 0x000000009a900000|100%|HC|  |TAMS 0x000000009a900000| PB 0x000000009a800000| Complete 
| 425|0x000000009a900000, 0x000000009aa00000, 0x000000009aa00000|100%|HC|  |TAMS 0x000000009aa00000| PB 0x000000009a900000| Complete 
| 426|0x000000009aa00000, 0x000000009ab00000, 0x000000009ab00000|100%| O|  |TAMS 0x000000009ab00000| PB 0x000000009ab00000| Untracked 
| 427|0x000000009ab00000, 0x000000009ac00000, 0x000000009ac00000|100%| O|  |TAMS 0x000000009ac00000| PB 0x000000009ac00000| Untracked 
| 428|0x000000009ac00000, 0x000000009ad00000, 0x000000009ad00000|100%| O|  |TAMS 0x000000009ad00000| PB 0x000000009ad00000| Untracked 
| 429|0x000000009ad00000, 0x000000009ae00000, 0x000000009ae00000|100%| O|  |TAMS 0x000000009ae00000| PB 0x000000009ae00000| Untracked 
| 430|0x000000009ae00000, 0x000000009af00000, 0x000000009af00000|100%| O|  |TAMS 0x000000009af00000| PB 0x000000009af00000| Untracked 
| 431|0x000000009af00000, 0x000000009b000000, 0x000000009b000000|100%| O|  |TAMS 0x000000009b000000| PB 0x000000009b000000| Untracked 
| 432|0x000000009b000000, 0x000000009b100000, 0x000000009b100000|100%| O|  |TAMS 0x000000009b100000| PB 0x000000009b100000| Untracked 
| 433|0x000000009b100000, 0x000000009b200000, 0x000000009b200000|100%| O|  |TAMS 0x000000009b200000| PB 0x000000009b200000| Untracked 
| 434|0x000000009b200000, 0x000000009b300000, 0x000000009b300000|100%| O|  |TAMS 0x000000009b300000| PB 0x000000009b300000| Untracked 
| 435|0x000000009b300000, 0x000000009b400000, 0x000000009b400000|100%| O|  |TAMS 0x000000009b400000| PB 0x000000009b400000| Untracked 
| 436|0x000000009b400000, 0x000000009b500000, 0x000000009b500000|100%| O|  |TAMS 0x000000009b500000| PB 0x000000009b500000| Untracked 
| 437|0x000000009b500000, 0x000000009b600000, 0x000000009b600000|100%| O|  |TAMS 0x000000009b600000| PB 0x000000009b600000| Untracked 
| 438|0x000000009b600000, 0x000000009b700000, 0x000000009b700000|100%| O|  |TAMS 0x000000009b700000| PB 0x000000009b700000| Untracked 
| 439|0x000000009b700000, 0x000000009b800000, 0x000000009b800000|100%| O|  |TAMS 0x000000009b800000| PB 0x000000009b800000| Untracked 
| 440|0x000000009b800000, 0x000000009b900000, 0x000000009b900000|100%| O|  |TAMS 0x000000009b900000| PB 0x000000009b900000| Updating 
| 441|0x000000009b900000, 0x000000009ba00000, 0x000000009ba00000|100%| O|  |TAMS 0x000000009ba00000| PB 0x000000009ba00000| Updating 
| 442|0x000000009ba00000, 0x000000009bb00000, 0x000000009bb00000|100%| O|  |TAMS 0x000000009bb00000| PB 0x000000009bb00000| Updating 
| 443|0x000000009bb00000, 0x000000009bc00000, 0x000000009bc00000|100%| O|  |TAMS 0x000000009bc00000| PB 0x000000009bc00000| Untracked 
| 444|0x000000009bc00000, 0x000000009bd00000, 0x000000009bd00000|100%| O|  |TAMS 0x000000009bd00000| PB 0x000000009bd00000| Updating 
| 445|0x000000009bd00000, 0x000000009be00000, 0x000000009be00000|100%| O|  |TAMS 0x000000009be00000| PB 0x000000009be00000| Updating 
| 446|0x000000009be00000, 0x000000009bf00000, 0x000000009bf00000|100%| O|  |TAMS 0x000000009be00000| PB 0x000000009be00000| Untracked 
| 447|0x000000009bf00000, 0x000000009c000000, 0x000000009c000000|100%| O|  |TAMS 0x000000009bf00000| PB 0x000000009bf00000| Untracked 
| 448|0x000000009c000000, 0x000000009c100000, 0x000000009c100000|100%| O|  |TAMS 0x000000009c000000| PB 0x000000009c000000| Untracked 
| 449|0x000000009c100000, 0x000000009c200000, 0x000000009c200000|100%| O|  |TAMS 0x000000009c100000| PB 0x000000009c100000| Untracked 
| 450|0x000000009c200000, 0x000000009c300000, 0x000000009c300000|100%| O|  |TAMS 0x000000009c200000| PB 0x000000009c200000| Untracked 
| 451|0x000000009c300000, 0x000000009c300000, 0x000000009c400000|  0%| F|  |TAMS 0x000000009c300000| PB 0x000000009c300000| Untracked 
| 452|0x000000009c400000, 0x000000009c400000, 0x000000009c500000|  0%| F|  |TAMS 0x000000009c400000| PB 0x000000009c400000| Untracked 
| 453|0x000000009c500000, 0x000000009c500000, 0x000000009c600000|  0%| F|  |TAMS 0x000000009c500000| PB 0x000000009c500000| Untracked 
| 454|0x000000009c600000, 0x000000009c600000, 0x000000009c700000|  0%| F|  |TAMS 0x000000009c600000| PB 0x000000009c600000| Untracked 
| 455|0x000000009c700000, 0x000000009c700000, 0x000000009c800000|  0%| F|  |TAMS 0x000000009c700000| PB 0x000000009c700000| Untracked 
| 456|0x000000009c800000, 0x000000009c800000, 0x000000009c900000|  0%| F|  |TAMS 0x000000009c800000| PB 0x000000009c800000| Untracked 
| 457|0x000000009c900000, 0x000000009c900000, 0x000000009ca00000|  0%| F|  |TAMS 0x000000009c900000| PB 0x000000009c900000| Untracked 
| 458|0x000000009ca00000, 0x000000009ca00000, 0x000000009cb00000|  0%| F|  |TAMS 0x000000009ca00000| PB 0x000000009ca00000| Untracked 
| 459|0x000000009cb00000, 0x000000009cb00000, 0x000000009cc00000|  0%| F|  |TAMS 0x000000009cb00000| PB 0x000000009cb00000| Untracked 
| 460|0x000000009cc00000, 0x000000009cc00000, 0x000000009cd00000|  0%| F|  |TAMS 0x000000009cc00000| PB 0x000000009cc00000| Untracked 
| 461|0x000000009cd00000, 0x000000009cd00000, 0x000000009ce00000|  0%| F|  |TAMS 0x000000009cd00000| PB 0x000000009cd00000| Untracked 
| 462|0x000000009ce00000, 0x000000009ce00000, 0x000000009cf00000|  0%| F|  |TAMS 0x000000009ce00000| PB 0x000000009ce00000| Untracked 
| 463|0x000000009cf00000, 0x000000009cf00000, 0x000000009d000000|  0%| F|  |TAMS 0x000000009cf00000| PB 0x000000009cf00000| Untracked 
| 464|0x000000009d000000, 0x000000009d000000, 0x000000009d100000|  0%| F|  |TAMS 0x000000009d000000| PB 0x000000009d000000| Untracked 
| 465|0x000000009d100000, 0x000000009d100000, 0x000000009d200000|  0%| F|  |TAMS 0x000000009d100000| PB 0x000000009d100000| Untracked 
| 466|0x000000009d200000, 0x000000009d200000, 0x000000009d300000|  0%| F|  |TAMS 0x000000009d200000| PB 0x000000009d200000| Untracked 
| 467|0x000000009d300000, 0x000000009d400000, 0x000000009d400000|100%| O|  |TAMS 0x000000009d400000| PB 0x000000009d400000| Untracked 
| 468|0x000000009d400000, 0x000000009d500000, 0x000000009d500000|100%| O|  |TAMS 0x000000009d500000| PB 0x000000009d500000| Updating 
| 469|0x000000009d500000, 0x000000009d600000, 0x000000009d600000|100%| O|  |TAMS 0x000000009d600000| PB 0x000000009d600000| Updating 
| 470|0x000000009d600000, 0x000000009d700000, 0x000000009d700000|100%| O|  |TAMS 0x000000009d640018| PB 0x000000009d640018| Untracked 
| 471|0x000000009d700000, 0x000000009d800000, 0x000000009d800000|100%|HS|  |TAMS 0x000000009d700000| PB 0x000000009d700000| Complete 
| 472|0x000000009d800000, 0x000000009d900000, 0x000000009d900000|100%|HC|  |TAMS 0x000000009d800000| PB 0x000000009d800000| Complete 
| 473|0x000000009d900000, 0x000000009da00000, 0x000000009da00000|100%|HC|  |TAMS 0x000000009d900000| PB 0x000000009d900000| Complete 
| 474|0x000000009da00000, 0x000000009db00000, 0x000000009db00000|100%|HC|  |TAMS 0x000000009da00000| PB 0x000000009da00000| Complete 
| 475|0x000000009db00000, 0x000000009dc00000, 0x000000009dc00000|100%|HC|  |TAMS 0x000000009db00000| PB 0x000000009db00000| Complete 
| 476|0x000000009dc00000, 0x000000009dd00000, 0x000000009dd00000|100%|HC|  |TAMS 0x000000009dc00000| PB 0x000000009dc00000| Complete 
| 477|0x000000009dd00000, 0x000000009de00000, 0x000000009de00000|100%|HC|  |TAMS 0x000000009dd00000| PB 0x000000009dd00000| Complete 
| 478|0x000000009de00000, 0x000000009df00000, 0x000000009df00000|100%|HC|  |TAMS 0x000000009de00000| PB 0x000000009de00000| Complete 
| 479|0x000000009df00000, 0x000000009e000000, 0x000000009e000000|100%|HC|  |TAMS 0x000000009df00000| PB 0x000000009df00000| Complete 
| 480|0x000000009e000000, 0x000000009e100000, 0x000000009e100000|100%|HC|  |TAMS 0x000000009e000000| PB 0x000000009e000000| Complete 
| 481|0x000000009e100000, 0x000000009e200000, 0x000000009e200000|100%|HC|  |TAMS 0x000000009e100000| PB 0x000000009e100000| Complete 
| 482|0x000000009e200000, 0x000000009e300000, 0x000000009e300000|100%|HC|  |TAMS 0x000000009e200000| PB 0x000000009e200000| Complete 
| 483|0x000000009e300000, 0x000000009e400000, 0x000000009e400000|100%|HC|  |TAMS 0x000000009e300000| PB 0x000000009e300000| Complete 
| 484|0x000000009e400000, 0x000000009e500000, 0x000000009e500000|100%|HC|  |TAMS 0x000000009e400000| PB 0x000000009e400000| Complete 
| 485|0x000000009e500000, 0x000000009e600000, 0x000000009e600000|100%|HC|  |TAMS 0x000000009e500000| PB 0x000000009e500000| Complete 
| 486|0x000000009e600000, 0x000000009e700000, 0x000000009e700000|100%|HC|  |TAMS 0x000000009e600000| PB 0x000000009e600000| Complete 
| 487|0x000000009e700000, 0x000000009e800000, 0x000000009e800000|100%|HC|  |TAMS 0x000000009e700000| PB 0x000000009e700000| Complete 
| 488|0x000000009e800000, 0x000000009e900000, 0x000000009e900000|100%|HC|  |TAMS 0x000000009e800000| PB 0x000000009e800000| Complete 
| 489|0x000000009e900000, 0x000000009ea00000, 0x000000009ea00000|100%|HC|  |TAMS 0x000000009e900000| PB 0x000000009e900000| Complete 
| 490|0x000000009ea00000, 0x000000009eb00000, 0x000000009eb00000|100%|HS|  |TAMS 0x000000009ea00000| PB 0x000000009ea00000| Complete 
| 491|0x000000009eb00000, 0x000000009ec00000, 0x000000009ec00000|100%|HC|  |TAMS 0x000000009eb00000| PB 0x000000009eb00000| Complete 
| 492|0x000000009ec00000, 0x000000009ed00000, 0x000000009ed00000|100%|HC|  |TAMS 0x000000009ec00000| PB 0x000000009ec00000| Complete 
| 493|0x000000009ed00000, 0x000000009ee00000, 0x000000009ee00000|100%|HC|  |TAMS 0x000000009ed00000| PB 0x000000009ed00000| Complete 
| 494|0x000000009ee00000, 0x000000009ef00000, 0x000000009ef00000|100%|HC|  |TAMS 0x000000009ee00000| PB 0x000000009ee00000| Complete 
| 495|0x000000009ef00000, 0x000000009f000000, 0x000000009f000000|100%|HC|  |TAMS 0x000000009ef00000| PB 0x000000009ef00000| Complete 
| 496|0x000000009f000000, 0x000000009f100000, 0x000000009f100000|100%|HC|  |TAMS 0x000000009f000000| PB 0x000000009f000000| Complete 
| 497|0x000000009f100000, 0x000000009f200000, 0x000000009f200000|100%|HC|  |TAMS 0x000000009f100000| PB 0x000000009f100000| Complete 
| 498|0x000000009f200000, 0x000000009f300000, 0x000000009f300000|100%|HC|  |TAMS 0x000000009f200000| PB 0x000000009f200000| Complete 
| 499|0x000000009f300000, 0x000000009f400000, 0x000000009f400000|100%|HC|  |TAMS 0x000000009f300000| PB 0x000000009f300000| Complete 
| 500|0x000000009f400000, 0x000000009f500000, 0x000000009f500000|100%|HC|  |TAMS 0x000000009f400000| PB 0x000000009f400000| Complete 
| 501|0x000000009f500000, 0x000000009f600000, 0x000000009f600000|100%|HC|  |TAMS 0x000000009f500000| PB 0x000000009f500000| Complete 
| 502|0x000000009f600000, 0x000000009f700000, 0x000000009f700000|100%|HC|  |TAMS 0x000000009f600000| PB 0x000000009f600000| Complete 
| 503|0x000000009f700000, 0x000000009f800000, 0x000000009f800000|100%|HC|  |TAMS 0x000000009f700000| PB 0x000000009f700000| Complete 
| 504|0x000000009f800000, 0x000000009f900000, 0x000000009f900000|100%|HC|  |TAMS 0x000000009f800000| PB 0x000000009f800000| Complete 
| 505|0x000000009f900000, 0x000000009fa00000, 0x000000009fa00000|100%|HC|  |TAMS 0x000000009f900000| PB 0x000000009f900000| Complete 
| 506|0x000000009fa00000, 0x000000009fb00000, 0x000000009fb00000|100%|HC|  |TAMS 0x000000009fa00000| PB 0x000000009fa00000| Complete 
| 507|0x000000009fb00000, 0x000000009fc00000, 0x000000009fc00000|100%|HC|  |TAMS 0x000000009fb00000| PB 0x000000009fb00000| Complete 
| 508|0x000000009fc00000, 0x000000009fd00000, 0x000000009fd00000|100%|HC|  |TAMS 0x000000009fc00000| PB 0x000000009fc00000| Complete 
| 509|0x000000009fd00000, 0x000000009fe00000, 0x000000009fe00000|100%|HC|  |TAMS 0x000000009fd00000| PB 0x000000009fd00000| Complete 
| 510|0x000000009fe00000, 0x000000009ff00000, 0x000000009ff00000|100%|HC|  |TAMS 0x000000009fe00000| PB 0x000000009fe00000| Complete 
| 511|0x000000009ff00000, 0x00000000a0000000, 0x00000000a0000000|100%|HC|  |TAMS 0x000000009ff00000| PB 0x000000009ff00000| Complete 
| 512|0x00000000a0000000, 0x00000000a0100000, 0x00000000a0100000|100%|HC|  |TAMS 0x00000000a0000000| PB 0x00000000a0000000| Complete 
| 513|0x00000000a0100000, 0x00000000a0200000, 0x00000000a0200000|100%|HC|  |TAMS 0x00000000a0100000| PB 0x00000000a0100000| Complete 
| 514|0x00000000a0200000, 0x00000000a0300000, 0x00000000a0300000|100%|HC|  |TAMS 0x00000000a0200000| PB 0x00000000a0200000| Complete 
| 515|0x00000000a0300000, 0x00000000a0400000, 0x00000000a0400000|100%|HC|  |TAMS 0x00000000a0300000| PB 0x00000000a0300000| Complete 
| 516|0x00000000a0400000, 0x00000000a0400000, 0x00000000a0500000|  0%| F|  |TAMS 0x00000000a0400000| PB 0x00000000a0400000| Untracked 
| 517|0x00000000a0500000, 0x00000000a0500000, 0x00000000a0600000|  0%| F|  |TAMS 0x00000000a0500000| PB 0x00000000a0500000| Untracked 
| 518|0x00000000a0600000, 0x00000000a0600000, 0x00000000a0700000|  0%| F|  |TAMS 0x00000000a0600000| PB 0x00000000a0600000| Untracked 
| 519|0x00000000a0700000, 0x00000000a0700000, 0x00000000a0800000|  0%| F|  |TAMS 0x00000000a0700000| PB 0x00000000a0700000| Untracked 
| 520|0x00000000a0800000, 0x00000000a0800000, 0x00000000a0900000|  0%| F|  |TAMS 0x00000000a0800000| PB 0x00000000a0800000| Untracked 
| 521|0x00000000a0900000, 0x00000000a0900000, 0x00000000a0a00000|  0%| F|  |TAMS 0x00000000a0900000| PB 0x00000000a0900000| Untracked 
| 522|0x00000000a0a00000, 0x00000000a0a00000, 0x00000000a0b00000|  0%| F|  |TAMS 0x00000000a0a00000| PB 0x00000000a0a00000| Untracked 
| 523|0x00000000a0b00000, 0x00000000a0b00000, 0x00000000a0c00000|  0%| F|  |TAMS 0x00000000a0b00000| PB 0x00000000a0b00000| Untracked 
| 524|0x00000000a0c00000, 0x00000000a0c00000, 0x00000000a0d00000|  0%| F|  |TAMS 0x00000000a0c00000| PB 0x00000000a0c00000| Untracked 
| 525|0x00000000a0d00000, 0x00000000a0d00000, 0x00000000a0e00000|  0%| F|  |TAMS 0x00000000a0d00000| PB 0x00000000a0d00000| Untracked 
| 526|0x00000000a0e00000, 0x00000000a0e00000, 0x00000000a0f00000|  0%| F|  |TAMS 0x00000000a0e00000| PB 0x00000000a0e00000| Untracked 
| 527|0x00000000a0f00000, 0x00000000a0f00000, 0x00000000a1000000|  0%| F|  |TAMS 0x00000000a0f00000| PB 0x00000000a0f00000| Untracked 
| 528|0x00000000a1000000, 0x00000000a1000000, 0x00000000a1100000|  0%| F|  |TAMS 0x00000000a1000000| PB 0x00000000a1000000| Untracked 
| 529|0x00000000a1100000, 0x00000000a1100000, 0x00000000a1200000|  0%| F|  |TAMS 0x00000000a1100000| PB 0x00000000a1100000| Untracked 
| 530|0x00000000a1200000, 0x00000000a1200000, 0x00000000a1300000|  0%| F|  |TAMS 0x00000000a1200000| PB 0x00000000a1200000| Untracked 
| 531|0x00000000a1300000, 0x00000000a1300000, 0x00000000a1400000|  0%| F|  |TAMS 0x00000000a1300000| PB 0x00000000a1300000| Untracked 
| 532|0x00000000a1400000, 0x00000000a1400000, 0x00000000a1500000|  0%| F|  |TAMS 0x00000000a1400000| PB 0x00000000a1400000| Untracked 
| 533|0x00000000a1500000, 0x00000000a1500000, 0x00000000a1600000|  0%| F|  |TAMS 0x00000000a1500000| PB 0x00000000a1500000| Untracked 
| 534|0x00000000a1600000, 0x00000000a1600000, 0x00000000a1700000|  0%| F|  |TAMS 0x00000000a1600000| PB 0x00000000a1600000| Untracked 
| 535|0x00000000a1700000, 0x00000000a1700000, 0x00000000a1800000|  0%| F|  |TAMS 0x00000000a1700000| PB 0x00000000a1700000| Untracked 
| 536|0x00000000a1800000, 0x00000000a1800000, 0x00000000a1900000|  0%| F|  |TAMS 0x00000000a1800000| PB 0x00000000a1800000| Untracked 
| 537|0x00000000a1900000, 0x00000000a1900000, 0x00000000a1a00000|  0%| F|  |TAMS 0x00000000a1900000| PB 0x00000000a1900000| Untracked 
| 538|0x00000000a1a00000, 0x00000000a1a00000, 0x00000000a1b00000|  0%| F|  |TAMS 0x00000000a1a00000| PB 0x00000000a1a00000| Untracked 
| 539|0x00000000a1b00000, 0x00000000a1b00000, 0x00000000a1c00000|  0%| F|  |TAMS 0x00000000a1b00000| PB 0x00000000a1b00000| Untracked 
| 540|0x00000000a1c00000, 0x00000000a1c00000, 0x00000000a1d00000|  0%| F|  |TAMS 0x00000000a1c00000| PB 0x00000000a1c00000| Untracked 
| 541|0x00000000a1d00000, 0x00000000a1d00000, 0x00000000a1e00000|  0%| F|  |TAMS 0x00000000a1d00000| PB 0x00000000a1d00000| Untracked 
| 542|0x00000000a1e00000, 0x00000000a1e00000, 0x00000000a1f00000|  0%| F|  |TAMS 0x00000000a1e00000| PB 0x00000000a1e00000| Untracked 
| 543|0x00000000a1f00000, 0x00000000a1f00000, 0x00000000a2000000|  0%| F|  |TAMS 0x00000000a1f00000| PB 0x00000000a1f00000| Untracked 
| 544|0x00000000a2000000, 0x00000000a2000000, 0x00000000a2100000|  0%| F|  |TAMS 0x00000000a2000000| PB 0x00000000a2000000| Untracked 
| 545|0x00000000a2100000, 0x00000000a2100000, 0x00000000a2200000|  0%| F|  |TAMS 0x00000000a2100000| PB 0x00000000a2100000| Untracked 
| 546|0x00000000a2200000, 0x00000000a2200000, 0x00000000a2300000|  0%| F|  |TAMS 0x00000000a2200000| PB 0x00000000a2200000| Untracked 
| 547|0x00000000a2300000, 0x00000000a2300000, 0x00000000a2400000|  0%| F|  |TAMS 0x00000000a2300000| PB 0x00000000a2300000| Untracked 
| 548|0x00000000a2400000, 0x00000000a2400000, 0x00000000a2500000|  0%| F|  |TAMS 0x00000000a2400000| PB 0x00000000a2400000| Untracked 
| 549|0x00000000a2500000, 0x00000000a25c6d10, 0x00000000a2600000| 77%| S|CS|TAMS 0x00000000a2500000| PB 0x00000000a2500000| Complete 
| 550|0x00000000a2600000, 0x00000000a2700000, 0x00000000a2700000|100%| S|CS|TAMS 0x00000000a2600000| PB 0x00000000a2600000| Complete 
| 551|0x00000000a2700000, 0x00000000a2800000, 0x00000000a2800000|100%| S|CS|TAMS 0x00000000a2700000| PB 0x00000000a2700000| Complete 
| 552|0x00000000a2800000, 0x00000000a2800000, 0x00000000a2900000|  0%| F|  |TAMS 0x00000000a2800000| PB 0x00000000a2800000| Untracked 
| 553|0x00000000a2900000, 0x00000000a2900000, 0x00000000a2a00000|  0%| F|  |TAMS 0x00000000a2900000| PB 0x00000000a2900000| Untracked 
| 554|0x00000000a2a00000, 0x00000000a2a00000, 0x00000000a2b00000|  0%| F|  |TAMS 0x00000000a2a00000| PB 0x00000000a2a00000| Untracked 
| 555|0x00000000a2b00000, 0x00000000a2b00000, 0x00000000a2c00000|  0%| F|  |TAMS 0x00000000a2b00000| PB 0x00000000a2b00000| Untracked 
| 556|0x00000000a2c00000, 0x00000000a2c00000, 0x00000000a2d00000|  0%| F|  |TAMS 0x00000000a2c00000| PB 0x00000000a2c00000| Untracked 
| 557|0x00000000a2d00000, 0x00000000a2d00000, 0x00000000a2e00000|  0%| F|  |TAMS 0x00000000a2d00000| PB 0x00000000a2d00000| Untracked 
| 558|0x00000000a2e00000, 0x00000000a2e00000, 0x00000000a2f00000|  0%| F|  |TAMS 0x00000000a2e00000| PB 0x00000000a2e00000| Untracked 
| 559|0x00000000a2f00000, 0x00000000a2f00000, 0x00000000a3000000|  0%| F|  |TAMS 0x00000000a2f00000| PB 0x00000000a2f00000| Untracked 
| 560|0x00000000a3000000, 0x00000000a3000000, 0x00000000a3100000|  0%| F|  |TAMS 0x00000000a3000000| PB 0x00000000a3000000| Untracked 
| 561|0x00000000a3100000, 0x00000000a3100000, 0x00000000a3200000|  0%| F|  |TAMS 0x00000000a3100000| PB 0x00000000a3100000| Untracked 
| 562|0x00000000a3200000, 0x00000000a3200000, 0x00000000a3300000|  0%| F|  |TAMS 0x00000000a3200000| PB 0x00000000a3200000| Untracked 
| 563|0x00000000a3300000, 0x00000000a3300000, 0x00000000a3400000|  0%| F|  |TAMS 0x00000000a3300000| PB 0x00000000a3300000| Untracked 
| 564|0x00000000a3400000, 0x00000000a3400000, 0x00000000a3500000|  0%| F|  |TAMS 0x00000000a3400000| PB 0x00000000a3400000| Untracked 
| 565|0x00000000a3500000, 0x00000000a3500000, 0x00000000a3600000|  0%| F|  |TAMS 0x00000000a3500000| PB 0x00000000a3500000| Untracked 
| 566|0x00000000a3600000, 0x00000000a3600000, 0x00000000a3700000|  0%| F|  |TAMS 0x00000000a3600000| PB 0x00000000a3600000| Untracked 
| 567|0x00000000a3700000, 0x00000000a3700000, 0x00000000a3800000|  0%| F|  |TAMS 0x00000000a3700000| PB 0x00000000a3700000| Untracked 
| 568|0x00000000a3800000, 0x00000000a3800000, 0x00000000a3900000|  0%| F|  |TAMS 0x00000000a3800000| PB 0x00000000a3800000| Untracked 
| 569|0x00000000a3900000, 0x00000000a3900000, 0x00000000a3a00000|  0%| F|  |TAMS 0x00000000a3900000| PB 0x00000000a3900000| Untracked 
| 570|0x00000000a3a00000, 0x00000000a3a00000, 0x00000000a3b00000|  0%| F|  |TAMS 0x00000000a3a00000| PB 0x00000000a3a00000| Untracked 
| 571|0x00000000a3b00000, 0x00000000a3b00000, 0x00000000a3c00000|  0%| F|  |TAMS 0x00000000a3b00000| PB 0x00000000a3b00000| Untracked 
| 572|0x00000000a3c00000, 0x00000000a3c00000, 0x00000000a3d00000|  0%| F|  |TAMS 0x00000000a3c00000| PB 0x00000000a3c00000| Untracked 
| 573|0x00000000a3d00000, 0x00000000a3d00000, 0x00000000a3e00000|  0%| F|  |TAMS 0x00000000a3d00000| PB 0x00000000a3d00000| Untracked 
| 574|0x00000000a3e00000, 0x00000000a3e00000, 0x00000000a3f00000|  0%| F|  |TAMS 0x00000000a3e00000| PB 0x00000000a3e00000| Untracked 
| 575|0x00000000a3f00000, 0x00000000a3f00000, 0x00000000a4000000|  0%| F|  |TAMS 0x00000000a3f00000| PB 0x00000000a3f00000| Untracked 
| 576|0x00000000a4000000, 0x00000000a4000000, 0x00000000a4100000|  0%| F|  |TAMS 0x00000000a4000000| PB 0x00000000a4000000| Untracked 
| 577|0x00000000a4100000, 0x00000000a4100000, 0x00000000a4200000|  0%| F|  |TAMS 0x00000000a4100000| PB 0x00000000a4100000| Untracked 
| 578|0x00000000a4200000, 0x00000000a4200000, 0x00000000a4300000|  0%| F|  |TAMS 0x00000000a4200000| PB 0x00000000a4200000| Untracked 
| 579|0x00000000a4300000, 0x00000000a4300000, 0x00000000a4400000|  0%| F|  |TAMS 0x00000000a4300000| PB 0x00000000a4300000| Untracked 
| 580|0x00000000a4400000, 0x00000000a4400000, 0x00000000a4500000|  0%| F|  |TAMS 0x00000000a4400000| PB 0x00000000a4400000| Untracked 
| 581|0x00000000a4500000, 0x00000000a4500000, 0x00000000a4600000|  0%| F|  |TAMS 0x00000000a4500000| PB 0x00000000a4500000| Untracked 
| 582|0x00000000a4600000, 0x00000000a4600000, 0x00000000a4700000|  0%| F|  |TAMS 0x00000000a4600000| PB 0x00000000a4600000| Untracked 
| 583|0x00000000a4700000, 0x00000000a4700000, 0x00000000a4800000|  0%| F|  |TAMS 0x00000000a4700000| PB 0x00000000a4700000| Untracked 
| 584|0x00000000a4800000, 0x00000000a4800000, 0x00000000a4900000|  0%| F|  |TAMS 0x00000000a4800000| PB 0x00000000a4800000| Untracked 
| 585|0x00000000a4900000, 0x00000000a4900000, 0x00000000a4a00000|  0%| F|  |TAMS 0x00000000a4900000| PB 0x00000000a4900000| Untracked 
| 586|0x00000000a4a00000, 0x00000000a4a00000, 0x00000000a4b00000|  0%| F|  |TAMS 0x00000000a4a00000| PB 0x00000000a4a00000| Untracked 
| 587|0x00000000a4b00000, 0x00000000a4b00000, 0x00000000a4c00000|  0%| F|  |TAMS 0x00000000a4b00000| PB 0x00000000a4b00000| Untracked 
| 588|0x00000000a4c00000, 0x00000000a4c00000, 0x00000000a4d00000|  0%| F|  |TAMS 0x00000000a4c00000| PB 0x00000000a4c00000| Untracked 
| 589|0x00000000a4d00000, 0x00000000a4d00000, 0x00000000a4e00000|  0%| F|  |TAMS 0x00000000a4d00000| PB 0x00000000a4d00000| Untracked 
| 590|0x00000000a4e00000, 0x00000000a4e00000, 0x00000000a4f00000|  0%| F|  |TAMS 0x00000000a4e00000| PB 0x00000000a4e00000| Untracked 
| 591|0x00000000a4f00000, 0x00000000a5000000, 0x00000000a5000000|100%| E|  |TAMS 0x00000000a4f00000| PB 0x00000000a4f00000| Complete 
| 592|0x00000000a5000000, 0x00000000a5100000, 0x00000000a5100000|100%| E|CS|TAMS 0x00000000a5000000| PB 0x00000000a5000000| Complete 
| 593|0x00000000a5100000, 0x00000000a5200000, 0x00000000a5200000|100%| E|  |TAMS 0x00000000a5100000| PB 0x00000000a5100000| Complete 
| 594|0x00000000a5200000, 0x00000000a5300000, 0x00000000a5300000|100%| E|CS|TAMS 0x00000000a5200000| PB 0x00000000a5200000| Complete 
| 595|0x00000000a5300000, 0x00000000a5400000, 0x00000000a5400000|100%| E|CS|TAMS 0x00000000a5300000| PB 0x00000000a5300000| Complete 
| 596|0x00000000a5400000, 0x00000000a5500000, 0x00000000a5500000|100%| E|CS|TAMS 0x00000000a5400000| PB 0x00000000a5400000| Complete 
| 597|0x00000000a5500000, 0x00000000a5600000, 0x00000000a5600000|100%| E|CS|TAMS 0x00000000a5500000| PB 0x00000000a5500000| Complete 
| 598|0x00000000a5600000, 0x00000000a5700000, 0x00000000a5700000|100%| E|CS|TAMS 0x00000000a5600000| PB 0x00000000a5600000| Complete 
| 599|0x00000000a5700000, 0x00000000a5800000, 0x00000000a5800000|100%| E|CS|TAMS 0x00000000a5700000| PB 0x00000000a5700000| Complete 
| 600|0x00000000a5800000, 0x00000000a5900000, 0x00000000a5900000|100%| E|CS|TAMS 0x00000000a5800000| PB 0x00000000a5800000| Complete 
| 601|0x00000000a5900000, 0x00000000a5a00000, 0x00000000a5a00000|100%| E|CS|TAMS 0x00000000a5900000| PB 0x00000000a5900000| Complete 
| 602|0x00000000a5a00000, 0x00000000a5b00000, 0x00000000a5b00000|100%| E|CS|TAMS 0x00000000a5a00000| PB 0x00000000a5a00000| Complete 
| 603|0x00000000a5b00000, 0x00000000a5c00000, 0x00000000a5c00000|100%| E|CS|TAMS 0x00000000a5b00000| PB 0x00000000a5b00000| Complete 
| 604|0x00000000a5c00000, 0x00000000a5d00000, 0x00000000a5d00000|100%| E|CS|TAMS 0x00000000a5c00000| PB 0x00000000a5c00000| Complete 
| 605|0x00000000a5d00000, 0x00000000a5e00000, 0x00000000a5e00000|100%| E|CS|TAMS 0x00000000a5d00000| PB 0x00000000a5d00000| Complete 
| 606|0x00000000a5e00000, 0x00000000a5f00000, 0x00000000a5f00000|100%| E|CS|TAMS 0x00000000a5e00000| PB 0x00000000a5e00000| Complete 
| 607|0x00000000a5f00000, 0x00000000a6000000, 0x00000000a6000000|100%| E|CS|TAMS 0x00000000a5f00000| PB 0x00000000a5f00000| Complete 
| 608|0x00000000a6000000, 0x00000000a6100000, 0x00000000a6100000|100%| E|CS|TAMS 0x00000000a6000000| PB 0x00000000a6000000| Complete 
| 609|0x00000000a6100000, 0x00000000a6200000, 0x00000000a6200000|100%| E|CS|TAMS 0x00000000a6100000| PB 0x00000000a6100000| Complete 
| 610|0x00000000a6200000, 0x00000000a6300000, 0x00000000a6300000|100%| E|CS|TAMS 0x00000000a6200000| PB 0x00000000a6200000| Complete 
| 611|0x00000000a6300000, 0x00000000a6400000, 0x00000000a6400000|100%| E|CS|TAMS 0x00000000a6300000| PB 0x00000000a6300000| Complete 
| 612|0x00000000a6400000, 0x00000000a6500000, 0x00000000a6500000|100%| E|CS|TAMS 0x00000000a6400000| PB 0x00000000a6400000| Complete 
| 613|0x00000000a6500000, 0x00000000a6600000, 0x00000000a6600000|100%| E|CS|TAMS 0x00000000a6500000| PB 0x00000000a6500000| Complete 
| 614|0x00000000a6600000, 0x00000000a6700000, 0x00000000a6700000|100%| E|CS|TAMS 0x00000000a6600000| PB 0x00000000a6600000| Complete 
| 615|0x00000000a6700000, 0x00000000a6800000, 0x00000000a6800000|100%| E|CS|TAMS 0x00000000a6700000| PB 0x00000000a6700000| Complete 
| 616|0x00000000a6800000, 0x00000000a6900000, 0x00000000a6900000|100%| E|CS|TAMS 0x00000000a6800000| PB 0x00000000a6800000| Complete 
| 617|0x00000000a6900000, 0x00000000a6a00000, 0x00000000a6a00000|100%| E|CS|TAMS 0x00000000a6900000| PB 0x00000000a6900000| Complete 
| 618|0x00000000a6a00000, 0x00000000a6b00000, 0x00000000a6b00000|100%| E|CS|TAMS 0x00000000a6a00000| PB 0x00000000a6a00000| Complete 
| 619|0x00000000a6b00000, 0x00000000a6c00000, 0x00000000a6c00000|100%| E|CS|TAMS 0x00000000a6b00000| PB 0x00000000a6b00000| Complete 
| 620|0x00000000a6c00000, 0x00000000a6d00000, 0x00000000a6d00000|100%| E|CS|TAMS 0x00000000a6c00000| PB 0x00000000a6c00000| Complete 
| 621|0x00000000a6d00000, 0x00000000a6e00000, 0x00000000a6e00000|100%| E|CS|TAMS 0x00000000a6d00000| PB 0x00000000a6d00000| Complete 
| 622|0x00000000a6e00000, 0x00000000a6f00000, 0x00000000a6f00000|100%| E|CS|TAMS 0x00000000a6e00000| PB 0x00000000a6e00000| Complete 
| 623|0x00000000a6f00000, 0x00000000a7000000, 0x00000000a7000000|100%| E|CS|TAMS 0x00000000a6f00000| PB 0x00000000a6f00000| Complete 
| 624|0x00000000a7000000, 0x00000000a7100000, 0x00000000a7100000|100%| E|CS|TAMS 0x00000000a7000000| PB 0x00000000a7000000| Complete 
| 625|0x00000000a7100000, 0x00000000a7200000, 0x00000000a7200000|100%| E|CS|TAMS 0x00000000a7100000| PB 0x00000000a7100000| Complete 
| 626|0x00000000a7200000, 0x00000000a7300000, 0x00000000a7300000|100%| E|CS|TAMS 0x00000000a7200000| PB 0x00000000a7200000| Complete 
| 627|0x00000000a7300000, 0x00000000a7400000, 0x00000000a7400000|100%| E|CS|TAMS 0x00000000a7300000| PB 0x00000000a7300000| Complete 
|2005|0x00000000fd500000, 0x00000000fd600000, 0x00000000fd600000|100%| E|CS|TAMS 0x00000000fd500000| PB 0x00000000fd500000| Complete 
|2006|0x00000000fd600000, 0x00000000fd700000, 0x00000000fd700000|100%| E|CS|TAMS 0x00000000fd600000| PB 0x00000000fd600000| Complete 
|2007|0x00000000fd700000, 0x00000000fd800000, 0x00000000fd800000|100%| E|CS|TAMS 0x00000000fd700000| PB 0x00000000fd700000| Complete 
|2008|0x00000000fd800000, 0x00000000fd900000, 0x00000000fd900000|100%| E|CS|TAMS 0x00000000fd800000| PB 0x00000000fd800000| Complete 
|2009|0x00000000fd900000, 0x00000000fda00000, 0x00000000fda00000|100%| O|  |TAMS 0x00000000fda00000| PB 0x00000000fda00000| Untracked 
|2010|0x00000000fda00000, 0x00000000fdb00000, 0x00000000fdb00000|100%| O|  |TAMS 0x00000000fdb00000| PB 0x00000000fdb00000| Untracked 
|2011|0x00000000fdb00000, 0x00000000fdc00000, 0x00000000fdc00000|100%| O|  |TAMS 0x00000000fdc00000| PB 0x00000000fdc00000| Untracked 
|2012|0x00000000fdc00000, 0x00000000fdd00000, 0x00000000fdd00000|100%| O|  |TAMS 0x00000000fdd00000| PB 0x00000000fdd00000| Updating 
|2013|0x00000000fdd00000, 0x00000000fde00000, 0x00000000fde00000|100%| E|CS|TAMS 0x00000000fdd00000| PB 0x00000000fdd00000| Complete 
|2014|0x00000000fde00000, 0x00000000fdf00000, 0x00000000fdf00000|100%| E|CS|TAMS 0x00000000fde00000| PB 0x00000000fde00000| Complete 
|2015|0x00000000fdf00000, 0x00000000fe000000, 0x00000000fe000000|100%| O|  |TAMS 0x00000000fe000000| PB 0x00000000fe000000| Untracked 
|2016|0x00000000fe000000, 0x00000000fe100000, 0x00000000fe100000|100%| O|  |TAMS 0x00000000fe100000| PB 0x00000000fe100000| Untracked 
|2017|0x00000000fe100000, 0x00000000fe200000, 0x00000000fe200000|100%| O|  |TAMS 0x00000000fe200000| PB 0x00000000fe200000| Untracked 
|2018|0x00000000fe200000, 0x00000000fe300000, 0x00000000fe300000|100%| O|  |TAMS 0x00000000fe300000| PB 0x00000000fe300000| Untracked 
|2019|0x00000000fe300000, 0x00000000fe400000, 0x00000000fe400000|100%| O|  |TAMS 0x00000000fe400000| PB 0x00000000fe400000| Untracked 
|2020|0x00000000fe400000, 0x00000000fe500000, 0x00000000fe500000|100%| O|  |TAMS 0x00000000fe500000| PB 0x00000000fe500000| Untracked 
|2021|0x00000000fe500000, 0x00000000fe600000, 0x00000000fe600000|100%| O|  |TAMS 0x00000000fe600000| PB 0x00000000fe600000| Updating 
|2022|0x00000000fe600000, 0x00000000fe700000, 0x00000000fe700000|100%| O|  |TAMS 0x00000000fe700000| PB 0x00000000fe700000| Untracked 
|2023|0x00000000fe700000, 0x00000000fe800000, 0x00000000fe800000|100%| O|  |TAMS 0x00000000fe800000| PB 0x00000000fe800000| Untracked 
|2024|0x00000000fe800000, 0x00000000fe900000, 0x00000000fe900000|100%| O|  |TAMS 0x00000000fe900000| PB 0x00000000fe900000| Untracked 
|2025|0x00000000fe900000, 0x00000000fea00000, 0x00000000fea00000|100%| O|  |TAMS 0x00000000fea00000| PB 0x00000000fea00000| Updating 
|2026|0x00000000fea00000, 0x00000000feb00000, 0x00000000feb00000|100%| O|  |TAMS 0x00000000feb00000| PB 0x00000000feb00000| Updating 
|2027|0x00000000feb00000, 0x00000000fec00000, 0x00000000fec00000|100%| O|  |TAMS 0x00000000fec00000| PB 0x00000000fec00000| Untracked 
|2028|0x00000000fec00000, 0x00000000fed00000, 0x00000000fed00000|100%| O|  |TAMS 0x00000000fed00000| PB 0x00000000fed00000| Updating 
|2029|0x00000000fed00000, 0x00000000fee00000, 0x00000000fee00000|100%| O|  |TAMS 0x00000000fee00000| PB 0x00000000fee00000| Updating 
|2030|0x00000000fee00000, 0x00000000fef00000, 0x00000000fef00000|100%| O|  |TAMS 0x00000000fef00000| PB 0x00000000fef00000| Updating 
|2031|0x00000000fef00000, 0x00000000ff000000, 0x00000000ff000000|100%| O|  |TAMS 0x00000000ff000000| PB 0x00000000ff000000| Updating 
|2032|0x00000000ff000000, 0x00000000ff100000, 0x00000000ff100000|100%| O|  |TAMS 0x00000000ff100000| PB 0x00000000ff100000| Updating 
|2033|0x00000000ff100000, 0x00000000ff200000, 0x00000000ff200000|100%| O|  |TAMS 0x00000000ff200000| PB 0x00000000ff200000| Updating 
|2034|0x00000000ff200000, 0x00000000ff300000, 0x00000000ff300000|100%| O|  |TAMS 0x00000000ff300000| PB 0x00000000ff300000| Untracked 
|2035|0x00000000ff300000, 0x00000000ff400000, 0x00000000ff400000|100%| O|  |TAMS 0x00000000ff400000| PB 0x00000000ff400000| Updating 
|2036|0x00000000ff400000, 0x00000000ff500000, 0x00000000ff500000|100%| E|CS|TAMS 0x00000000ff400000| PB 0x00000000ff400000| Complete 
|2037|0x00000000ff500000, 0x00000000ff600000, 0x00000000ff600000|100%| E|CS|TAMS 0x00000000ff500000| PB 0x00000000ff500000| Complete 
|2038|0x00000000ff600000, 0x00000000ff700000, 0x00000000ff700000|100%| O|  |TAMS 0x00000000ff700000| PB 0x00000000ff700000| Untracked 
|2039|0x00000000ff700000, 0x00000000ff800000, 0x00000000ff800000|100%| O|  |TAMS 0x00000000ff800000| PB 0x00000000ff800000| Untracked 
|2040|0x00000000ff800000, 0x00000000ff900000, 0x00000000ff900000|100%| O|  |TAMS 0x00000000ff900000| PB 0x00000000ff900000| Untracked 
|2041|0x00000000ff900000, 0x00000000ffa00000, 0x00000000ffa00000|100%| O|  |TAMS 0x00000000ffa00000| PB 0x00000000ffa00000| Untracked 
|2042|0x00000000ffa00000, 0x00000000ffb00000, 0x00000000ffb00000|100%| O|  |TAMS 0x00000000ffb00000| PB 0x00000000ffb00000| Untracked 
|2043|0x00000000ffb00000, 0x00000000ffc00000, 0x00000000ffc00000|100%| O|  |TAMS 0x00000000ffc00000| PB 0x00000000ffc00000| Updating 
|2044|0x00000000ffc00000, 0x00000000ffd00000, 0x00000000ffd00000|100%| O|  |TAMS 0x00000000ffd00000| PB 0x00000000ffd00000| Untracked 
|2045|0x00000000ffd00000, 0x00000000ffe00000, 0x00000000ffe00000|100%| O|  |TAMS 0x00000000ffe00000| PB 0x00000000ffe00000| Updating 
|2046|0x00000000ffe00000, 0x00000000fff00000, 0x00000000fff00000|100%| E|CS|TAMS 0x00000000ffe00000| PB 0x00000000ffe00000| Complete 
|2047|0x00000000fff00000, 0x0000000100000000, 0x0000000100000000|100%| O|  |TAMS 0x0000000100000000| PB 0x0000000100000000| Updating 

Card table byte_map: [0x000001ebdc150000,0x000001ebdc550000] _byte_map_base: 0x000001ebdbd50000

Marking Bits: (CMBitMap*) 0x000001ebc9915080
 Bits: [0x000001ebdc550000, 0x000001ebde550000)

Polling page: 0x000001ebc76a0000

Metaspace:

Usage:
  Non-class:    124.01 MB used.
      Class:     19.90 MB used.
       Both:    143.91 MB used.

Virtual space:
  Non-class space:      128.00 MB reserved,     125.19 MB ( 98%) committed,  2 nodes.
      Class space:        1.00 GB reserved,      21.00 MB (  2%) committed,  1 nodes.
             Both:        1.12 GB reserved,     146.19 MB ( 13%) committed. 

Chunk freelists:
   Non-Class:  1.95 MB
       Class:  11.03 MB
        Both:  12.99 MB

MaxMetaspaceSize: unlimited
CompressedClassSpaceSize: 1.00 GB
Initial GC threshold: 21.00 MB
Current GC threshold: 235.75 MB
CDS: off
 - commit_granule_bytes: 65536.
 - commit_granule_words: 8192.
 - virtual_space_node_default_size: 8388608.
 - enlarge_chunks_in_place: 1.
 - use_allocation_guard: 0.


Internal statistics:

num_allocs_failed_limit: 12.
num_arena_births: 4450.
num_arena_deaths: 0.
num_vsnodes_births: 3.
num_vsnodes_deaths: 0.
num_space_committed: 2338.
num_space_uncommitted: 0.
num_chunks_returned_to_freelist: 12.
num_chunks_taken_from_freelist: 10614.
num_chunk_merges: 9.
num_chunk_splits: 7008.
num_chunks_enlarged: 4473.
num_inconsistent_stats: 0.

CodeHeap 'non-profiled nmethods': size=120000Kb used=12357Kb max_used=12921Kb free=107642Kb
 bounds [0x000001ebd44f0000, 0x000001ebd5190000, 0x000001ebdba20000]
CodeHeap 'profiled nmethods': size=120000Kb used=29870Kb max_used=31483Kb free=90129Kb
 bounds [0x000001ebcca20000, 0x000001ebce8e0000, 0x000001ebd3f50000]
CodeHeap 'non-nmethods': size=5760Kb used=2848Kb max_used=2893Kb free=2911Kb
 bounds [0x000001ebd3f50000, 0x000001ebd4230000, 0x000001ebd44f0000]
CodeCache: size=245760Kb, used=45075Kb, max_used=47297Kb, free=200682Kb
 total_blobs=17991, nmethods=16882, adapters=1012, full_count=0
Compilation: enabled, stopped_count=0, restarted_count=0

Compilation events (20 events):
Event: 124.298 Thread 0x000001ebe11a3ba0 20906       2       org.gradle.internal.instantiation.generator.AbstractClassGenerator$ClassMetadata::resolveTypeVariables (19 bytes)
Event: 124.299 Thread 0x000001ebe11a3ba0 nmethod 20906 0x000001ebce8b3010 code [0x000001ebce8b31c0, 0x000001ebce8b3400]
Event: 124.299 Thread 0x000001ebe11a3ba0 20905 %     3       com.android.tools.r8.dex.l0::a @ 3077 (4072 bytes)
Event: 124.362 Thread 0x000001ebe11a1a20 nmethod 20759 0x000001ebd5183610 code [0x000001ebd5183ce0, 0x000001ebd5188398]
Event: 124.363 Thread 0x000001ebe11a1a20 20807       4       com.android.tools.r8.dex.j0::b (42 bytes)
Event: 124.373 Thread 0x000001ebe11a1a20 nmethod 20807 0x000001ebd518be90 code [0x000001ebd518c060, 0x000001ebd518c410]
Event: 124.374 Thread 0x000001ebe11a1a20 20873 %     4       com.android.tools.r8.dex.l0::a @ 35 (63 bytes)
Event: 124.382 Thread 0x000001ebe11a1a20 nmethod 20873% 0x000001ebd518c710 code [0x000001ebd518c8c0, 0x000001ebd518cb38]
Event: 124.382 Thread 0x000001ebe11a1a20 20836       4       com.android.tools.r8.dex.l0$$Lambda/0x00000001014e4250::accept (12 bytes)
Event: 124.412 Thread 0x000001ebe11a3ba0 nmethod 20905% 0x000001ebce8b3510 code [0x000001ebce8b5ce0, 0x000001ebce8d15e0]
Event: 124.412 Thread 0x000001ebe11a3ba0 20908       3       com.android.tools.r8.dex.l0$$Lambda/0x00000001014ecfe0::accept (12 bytes)
Event: 124.413 Thread 0x000001ebe11a3ba0 nmethod 20908 0x000001ebce8dc410 code [0x000001ebce8dc5c0, 0x000001ebce8dc7e8]
Event: 124.413 Thread 0x000001ebe11a3ba0 20901   !   2       com.android.tools.r8.dex.l0::c (364 bytes)
Event: 124.418 Thread 0x000001ebe11a3ba0 nmethod 20901 0x000001ebce8dc910 code [0x000001ebce8dccc0, 0x000001ebce8dd990]
Event: 124.419 Thread 0x000001ebe11a3ba0 20909       3       java.util.concurrent.CountDownLatch$Sync::tryAcquireShared (13 bytes)
Event: 124.419 Thread 0x000001ebe11a3ba0 nmethod 20909 0x000001ebce8de590 code [0x000001ebce8de740, 0x000001ebce8de8d8]
Event: 124.419 Thread 0x000001ebe11a3ba0 20902       2       com.android.tools.r8.dex.q::a (1 bytes)
Event: 124.419 Thread 0x000001ebe11a3ba0 nmethod 20902 0x000001ebce8de990 code [0x000001ebce8deb20, 0x000001ebce8dec28]
Event: 124.430 Thread 0x000001ebe11a1a20 nmethod 20836 0x000001ebd518ce10 code [0x000001ebd518d0c0, 0x000001ebd518db20]
Event: 124.430 Thread 0x000001ebe11a1a20 20883       4       com.android.tools.r8.dex.l0$$Lambda/0x00000001014ec240::accept (12 bytes)

GC Heap History (20 events):
Event: 101.599 GC heap before
{Heap before GC invocations=65 (full 0):
 garbage-first heap   total 431104K, used 376320K [0x0000000080000000, 0x0000000100000000)
  region size 1024K, 92 young (94208K), 16 survivors (16384K)
 Metaspace       used 137067K, committed 139328K, reserved 1179648K
  class space    used 19048K, committed 20160K, reserved 1048576K
}
Event: 101.715 GC heap after
{Heap after GC invocations=66 (full 0):
 garbage-first heap   total 438272K, used 340480K [0x0000000080000000, 0x0000000100000000)
  region size 1024K, 12 young (12288K), 12 survivors (12288K)
 Metaspace       used 137067K, committed 139328K, reserved 1179648K
  class space    used 19048K, committed 20160K, reserved 1048576K
}
Event: 102.309 GC heap before
{Heap before GC invocations=66 (full 0):
 garbage-first heap   total 438272K, used 390656K [0x0000000080000000, 0x0000000100000000)
  region size 1024K, 62 young (63488K), 12 survivors (12288K)
 Metaspace       used 137080K, committed 139392K, reserved 1179648K
  class space    used 19048K, committed 20160K, reserved 1048576K
}
Event: 102.370 GC heap after
{Heap after GC invocations=67 (full 0):
 garbage-first heap   total 438272K, used 368128K [0x0000000080000000, 0x0000000100000000)
  region size 1024K, 8 young (8192K), 8 survivors (8192K)
 Metaspace       used 137080K, committed 139392K, reserved 1179648K
  class space    used 19048K, committed 20160K, reserved 1048576K
}
Event: 102.950 GC heap before
{Heap before GC invocations=67 (full 0):
 garbage-first heap   total 438272K, used 400896K [0x0000000080000000, 0x0000000100000000)
  region size 1024K, 41 young (41984K), 8 survivors (8192K)
 Metaspace       used 137087K, committed 139392K, reserved 1179648K
  class space    used 19049K, committed 20160K, reserved 1048576K
}
Event: 102.997 GC heap after
{Heap after GC invocations=68 (full 0):
 garbage-first heap   total 632832K, used 387072K [0x0000000080000000, 0x0000000100000000)
  region size 1024K, 6 young (6144K), 6 survivors (6144K)
 Metaspace       used 137087K, committed 139392K, reserved 1179648K
  class space    used 19049K, committed 20160K, reserved 1048576K
}
Event: 106.635 GC heap before
{Heap before GC invocations=69 (full 0):
 garbage-first heap   total 642048K, used 492544K [0x0000000080000000, 0x0000000100000000)
  region size 1024K, 112 young (114688K), 6 survivors (6144K)
 Metaspace       used 140552K, committed 142912K, reserved 1179648K
  class space    used 19525K, committed 20672K, reserved 1048576K
}
Event: 106.723 GC heap after
{Heap after GC invocations=70 (full 0):
 garbage-first heap   total 642048K, used 419328K [0x0000000080000000, 0x0000000100000000)
  region size 1024K, 14 young (14336K), 14 survivors (14336K)
 Metaspace       used 140552K, committed 142912K, reserved 1179648K
  class space    used 19525K, committed 20672K, reserved 1048576K
}
Event: 109.805 GC heap before
{Heap before GC invocations=70 (full 0):
 garbage-first heap   total 642048K, used 523776K [0x0000000080000000, 0x0000000100000000)
  region size 1024K, 116 young (118784K), 14 survivors (14336K)
 Metaspace       used 142261K, committed 144576K, reserved 1179648K
  class space    used 19788K, committed 20928K, reserved 1048576K
}
Event: 109.864 GC heap after
{Heap after GC invocations=71 (full 0):
 garbage-first heap   total 642048K, used 432941K [0x0000000080000000, 0x0000000100000000)
  region size 1024K, 15 young (15360K), 15 survivors (15360K)
 Metaspace       used 142261K, committed 144576K, reserved 1179648K
  class space    used 19788K, committed 20928K, reserved 1048576K
}
Event: 111.540 GC heap before
{Heap before GC invocations=71 (full 0):
 garbage-first heap   total 642048K, used 490285K [0x0000000080000000, 0x0000000100000000)
  region size 1024K, 72 young (73728K), 15 survivors (15360K)
 Metaspace       used 142557K, committed 144832K, reserved 1179648K
  class space    used 19822K, committed 20928K, reserved 1048576K
}
Event: 111.570 GC heap after
{Heap after GC invocations=72 (full 0):
 garbage-first heap   total 642048K, used 437726K [0x0000000080000000, 0x0000000100000000)
  region size 1024K, 5 young (5120K), 5 survivors (5120K)
 Metaspace       used 142557K, committed 144832K, reserved 1179648K
  class space    used 19822K, committed 20928K, reserved 1048576K
}
Event: 114.471 GC heap before
{Heap before GC invocations=73 (full 0):
 garbage-first heap   total 686080K, used 540126K [0x0000000080000000, 0x0000000100000000)
  region size 1024K, 119 young (121856K), 5 survivors (5120K)
 Metaspace       used 143636K, committed 145920K, reserved 1179648K
  class space    used 19955K, committed 21056K, reserved 1048576K
}
Event: 114.513 GC heap after
{Heap after GC invocations=74 (full 0):
 garbage-first heap   total 686080K, used 425445K [0x0000000080000000, 0x0000000100000000)
  region size 1024K, 12 young (12288K), 12 survivors (12288K)
 Metaspace       used 143636K, committed 145920K, reserved 1179648K
  class space    used 19955K, committed 21056K, reserved 1048576K
}
Event: 118.701 GC heap before
{Heap before GC invocations=74 (full 0):
 garbage-first heap   total 686080K, used 614885K [0x0000000080000000, 0x0000000100000000)
  region size 1024K, 168 young (172032K), 12 survivors (12288K)
 Metaspace       used 144462K, committed 146752K, reserved 1179648K
  class space    used 20034K, committed 21120K, reserved 1048576K
}
Event: 118.761 GC heap after
{Heap after GC invocations=75 (full 0):
 garbage-first heap   total 686080K, used 463104K [0x0000000080000000, 0x0000000100000000)
  region size 1024K, 21 young (21504K), 21 survivors (21504K)
 Metaspace       used 144462K, committed 146752K, reserved 1179648K
  class space    used 20034K, committed 21120K, reserved 1048576K
}
Event: 121.594 GC heap before
{Heap before GC invocations=75 (full 0):
 garbage-first heap   total 686080K, used 639232K [0x0000000080000000, 0x0000000100000000)
  region size 1024K, 165 young (168960K), 21 survivors (21504K)
 Metaspace       used 144793K, committed 147072K, reserved 1179648K
  class space    used 20077K, committed 21184K, reserved 1048576K
}
Event: 121.683 GC heap after
{Heap after GC invocations=76 (full 0):
 garbage-first heap   total 687104K, used 503988K [0x0000000080000000, 0x0000000100000000)
  region size 1024K, 21 young (21504K), 21 survivors (21504K)
 Metaspace       used 144793K, committed 147072K, reserved 1179648K
  class space    used 20077K, committed 21184K, reserved 1048576K
}
Event: 122.908 GC heap before
{Heap before GC invocations=76 (full 0):
 garbage-first heap   total 687104K, used 588980K [0x0000000080000000, 0x0000000100000000)
  region size 1024K, 105 young (107520K), 21 survivors (21504K)
 Metaspace       used 145507K, committed 147840K, reserved 1179648K
  class space    used 20162K, committed 21248K, reserved 1048576K
}
Event: 122.937 GC heap after
{Heap after GC invocations=77 (full 0):
 garbage-first heap   total 687104K, used 503579K [0x0000000080000000, 0x0000000100000000)
  region size 1024K, 3 young (3072K), 3 survivors (3072K)
 Metaspace       used 145507K, committed 147840K, reserved 1179648K
  class space    used 20162K, committed 21248K, reserved 1048576K
}

Dll operation events (3 events):
Event: 0.173 Loaded shared library C:\Program Files\Android\Android Studio2\jbr\bin\java.dll
Event: 0.240 Loaded shared library C:\Program Files\Android\Android Studio2\jbr\bin\zip.dll
Event: 5.247 Loaded shared library C:\Program Files\Android\Android Studio2\jbr\bin\verify.dll

Deoptimization events (20 events):
Event: 124.123 Thread 0x000001ebe71429f0 Uncommon trap: trap_request=0xffffff45 fr.pc=0x000001ebd4812078 relative=0x0000000000000b58
Event: 124.123 Thread 0x000001ebe71429f0 Uncommon trap: reason=unstable_if action=reinterpret pc=0x000001ebd4812078 method=sun.nio.fs.WindowsPathParser.normalize(Ljava/lang/StringBuilder;Ljava/lang/String;I)Ljava/lang/String; @ 53 c2
Event: 124.123 Thread 0x000001ebe71429f0 DEOPT PACKING pc=0x000001ebd4812078 sp=0x0000001699dfa170
Event: 124.123 Thread 0x000001ebe71429f0 DEOPT UNPACKING pc=0x000001ebd3fa43a2 sp=0x0000001699dfa158 mode 2
Event: 124.127 Thread 0x000001ebe71429f0 Uncommon trap: trap_request=0xffffff45 fr.pc=0x000001ebd4e3e854 relative=0x0000000000000774
Event: 124.127 Thread 0x000001ebe71429f0 Uncommon trap: reason=unstable_if action=reinterpret pc=0x000001ebd4e3e854 method=java.lang.Long.toString(JI)Ljava/lang/String; @ 17 c2
Event: 124.128 Thread 0x000001ebe71429f0 DEOPT PACKING pc=0x000001ebd4e3e854 sp=0x0000001699dfad20
Event: 124.128 Thread 0x000001ebe71429f0 DEOPT UNPACKING pc=0x000001ebd3fa43a2 sp=0x0000001699dface0 mode 2
Event: 124.262 Thread 0x000001ebe8c9df70 Uncommon trap: trap_request=0xffffff45 fr.pc=0x000001ebd4c27110 relative=0x0000000000000810
Event: 124.262 Thread 0x000001ebe8c9df70 Uncommon trap: reason=unstable_if action=reinterpret pc=0x000001ebd4c27110 method=java.io.ObjectInputStream$BlockDataInputStream.readUTFSpan(Ljava/lang/StringBuilder;J)J @ 35 c2
Event: 124.262 Thread 0x000001ebe8c9df70 DEOPT PACKING pc=0x000001ebd4c27110 sp=0x000000169c6fd1b0
Event: 124.262 Thread 0x000001ebe8c9df70 DEOPT UNPACKING pc=0x000001ebd3fa43a2 sp=0x000000169c6fd140 mode 2
Event: 124.354 Thread 0x000001ebf2c738d0 Uncommon trap: trap_request=0xffffffc6 fr.pc=0x000001ebd50ae998 relative=0x0000000000000238
Event: 124.354 Thread 0x000001ebf2c738d0 Uncommon trap: reason=bimorphic_or_optimized_type_check action=maybe_recompile pc=0x000001ebd50ae998 method=com.android.tools.r8.internal.ks2.d(Lcom/android/tools/r8/internal/ks2;)Z @ 2 c2
Event: 124.354 Thread 0x000001ebf2c738d0 DEOPT PACKING pc=0x000001ebd50ae998 sp=0x000000169d2fe9f0
Event: 124.354 Thread 0x000001ebf2c738d0 DEOPT UNPACKING pc=0x000001ebd3fa43a2 sp=0x000000169d2fe998 mode 2
Event: 124.401 Thread 0x000001ebe8c9df70 Uncommon trap: trap_request=0xffffffde fr.pc=0x000001ebd4ef548c relative=0x0000000000000d4c
Event: 124.401 Thread 0x000001ebe8c9df70 Uncommon trap: reason=class_check action=maybe_recompile pc=0x000001ebd4ef548c method=java.util.concurrent.ConcurrentHashMap.merge(Ljava/lang/Object;Ljava/lang/Object;Ljava/util/function/BiFunction;)Ljava/lang/Object; @ 21 c2
Event: 124.401 Thread 0x000001ebe8c9df70 DEOPT PACKING pc=0x000001ebd4ef548c sp=0x000000169c6fcca0
Event: 124.402 Thread 0x000001ebe8c9df70 DEOPT UNPACKING pc=0x000001ebd3fa43a2 sp=0x000000169c6fcc58 mode 2

Classes loaded (20 events):
Event: 116.765 Loading class java/util/zip/ZipOutputStream
Event: 116.772 Loading class java/util/zip/ZipOutputStream done
Event: 116.795 Loading class java/util/zip/Deflater
Event: 116.799 Loading class java/util/zip/Deflater done
Event: 116.808 Loading class java/util/zip/Deflater$DeflaterZStreamRef
Event: 116.808 Loading class java/util/zip/Deflater$DeflaterZStreamRef done
Event: 116.840 Loading class java/util/zip/ZipOutputStream$XEntry
Event: 116.841 Loading class java/util/zip/ZipOutputStream$XEntry done
Event: 120.798 Loading class java/nio/file/FileTreeWalker$1
Event: 120.803 Loading class java/nio/file/FileTreeWalker$1 done
Event: 121.733 Loading class java/nio/ByteBufferAsShortBufferL
Event: 121.736 Loading class java/nio/ByteBufferAsShortBufferL done
Event: 123.323 Loading class java/io/NotSerializableException
Event: 123.324 Loading class java/io/NotSerializableException done
Event: 124.118 Loading class java/nio/file/TempFileHelper
Event: 124.123 Loading class java/nio/file/TempFileHelper done
Event: 124.302 Loading class java/rmi/RemoteException
Event: 124.304 Loading class java/rmi/RemoteException done
Event: 124.382 Loading class java/util/zip/Adler32
Event: 124.383 Loading class java/util/zip/Adler32 done

Classes unloaded (0 events):
No events

Classes redefined (0 events):
No events

Internal exceptions (20 events):
Event: 122.246 Thread 0x000001ebe71429f0 Exception <a 'sun/nio/fs/WindowsException'{0x00000000a4804c80}> (0x00000000a4804c80) 
thrown [s\src\hotspot\share\prims\jni.cpp, line 537]
Event: 122.247 Thread 0x000001ebe71429f0 Exception <a 'sun/nio/fs/WindowsException'{0x00000000a4806710}> (0x00000000a4806710) 
thrown [s\src\hotspot\share\prims\jni.cpp, line 537]
Event: 122.247 Thread 0x000001ebe71429f0 Exception <a 'sun/nio/fs/WindowsException'{0x00000000a48079e8}> (0x00000000a48079e8) 
thrown [s\src\hotspot\share\prims\jni.cpp, line 537]
Event: 122.248 Thread 0x000001ebe71429f0 Exception <a 'sun/nio/fs/WindowsException'{0x00000000a4809570}> (0x00000000a4809570) 
thrown [s\src\hotspot\share\prims\jni.cpp, line 537]
Event: 122.248 Thread 0x000001ebe71429f0 Exception <a 'sun/nio/fs/WindowsException'{0x00000000a480a848}> (0x00000000a480a848) 
thrown [s\src\hotspot\share\prims\jni.cpp, line 537]
Event: 122.250 Thread 0x000001ebe71429f0 Exception <a 'sun/nio/fs/WindowsException'{0x00000000a480e378}> (0x00000000a480e378) 
thrown [s\src\hotspot\share\prims\jni.cpp, line 537]
Event: 122.250 Thread 0x000001ebe71429f0 Exception <a 'sun/nio/fs/WindowsException'{0x00000000a480f650}> (0x00000000a480f650) 
thrown [s\src\hotspot\share\prims\jni.cpp, line 537]
Event: 122.252 Thread 0x000001ebe71429f0 Exception <a 'sun/nio/fs/WindowsException'{0x00000000a48117c8}> (0x00000000a48117c8) 
thrown [s\src\hotspot\share\prims\jni.cpp, line 537]
Event: 122.253 Thread 0x000001ebe71429f0 Exception <a 'sun/nio/fs/WindowsException'{0x00000000a4813580}> (0x00000000a4813580) 
thrown [s\src\hotspot\share\prims\jni.cpp, line 537]
Event: 122.262 Thread 0x000001ebe71429f0 Exception <a 'sun/nio/fs/WindowsException'{0x00000000a4818fc8}> (0x00000000a4818fc8) 
thrown [s\src\hotspot\share\prims\jni.cpp, line 537]
Event: 122.269 Thread 0x000001ebe71429f0 Exception <a 'sun/nio/fs/WindowsException'{0x00000000a481f498}> (0x00000000a481f498) 
thrown [s\src\hotspot\share\prims\jni.cpp, line 537]
Event: 122.729 Thread 0x000001ebe71429f0 Exception <a 'java/lang/NoSuchMethodError'{0x00000000a2eaa770}: method resolution failed> (0x00000000a2eaa770) 
thrown [s\src\hotspot\share\prims\methodHandles.cpp, line 1136]
Event: 124.191 Thread 0x000001ebe71429f0 Exception <a 'java/lang/NoSuchMethodError'{0x00000000a54e6390}: static Lorg/jetbrains/kotlin/incremental/ChangedFiles$Known;.<clinit>()V> (0x00000000a54e6390) 
thrown [s\src\hotspot\share\prims\jni.cpp, line 1144]
Event: 124.205 Thread 0x000001ebe71429f0 Exception <a 'java/lang/NoSuchMethodError'{0x00000000a5330778}: static Lorg/jetbrains/kotlin/incremental/ClasspathChanges$ClasspathSnapshotEnabled$IncrementalRun$NoChanges;.<clinit>()V> (0x00000000a5330778) 
thrown [s\src\hotspot\share\prims\jni.cpp, line 1144]
Event: 124.205 Thread 0x000001ebe71429f0 Exception <a 'java/lang/NoSuchMethodError'{0x00000000a5332750}: static Lorg/jetbrains/kotlin/incremental/ClasspathChanges$ClasspathSnapshotEnabled$IncrementalRun;.<clinit>()V> (0x00000000a5332750) 
thrown [s\src\hotspot\share\prims\jni.cpp, line 1144]
Event: 124.205 Thread 0x000001ebe71429f0 Exception <a 'java/lang/NoSuchMethodError'{0x00000000a5334278}: static Lorg/jetbrains/kotlin/incremental/ClasspathChanges$ClasspathSnapshotEnabled;.<clinit>()V> (0x00000000a5334278) 
thrown [s\src\hotspot\share\prims\jni.cpp, line 1144]
Event: 124.205 Thread 0x000001ebe71429f0 Exception <a 'java/lang/NoSuchMethodError'{0x00000000a53360c8}: static Lorg/jetbrains/kotlin/incremental/ClasspathChanges;.<clinit>()V> (0x00000000a53360c8) 
thrown [s\src\hotspot\share\prims\jni.cpp, line 1144]
Event: 124.238 Thread 0x000001ebe71429f0 Exception <a 'java/lang/NoSuchMethodError'{0x00000000a5269f60}: static Lorg/jetbrains/kotlin/gradle/report/GradleBuildMetricsReporter;.<clinit>()V> (0x00000000a5269f60) 
thrown [s\src\hotspot\share\prims\jni.cpp, line 1144]
Event: 124.238 Thread 0x000001ebe71429f0 Exception <a 'java/lang/NoSuchMethodError'{0x00000000a526c9f0}: static Lorg/jetbrains/kotlin/build/report/metrics/BuildMetricsReporterImpl;.<clinit>()V> (0x00000000a526c9f0) 
thrown [s\src\hotspot\share\prims\jni.cpp, line 1144]
Event: 124.257 Thread 0x000001ebe71429f0 Exception <a 'java/lang/NoSuchMethodError'{0x00000000a52c66e0}: static Lorg/jetbrains/kotlin/build/report/metrics/GcMetrics;.<clinit>()V> (0x00000000a52c66e0) 
thrown [s\src\hotspot\share\prims\jni.cpp, line 1144]

ZGC Phase Switch (0 events):
No events

VM Operations (20 events):
Event: 119.788 Executing safepoint VM operation: Cleanup done
Event: 120.517 Executing non-safepoint VM operation: HandshakeAllThreads (HandshakeForDeflation)
Event: 120.532 Executing non-safepoint VM operation: HandshakeAllThreads (HandshakeForDeflation) done
Event: 120.532 Executing non-safepoint VM operation: RendezvousGCThreads
Event: 120.532 Executing non-safepoint VM operation: RendezvousGCThreads done
Event: 120.648 Executing non-safepoint VM operation: HandshakeAllThreads (Deoptimize)
Event: 120.691 Executing non-safepoint VM operation: HandshakeAllThreads (Deoptimize) done
Event: 121.588 Executing safepoint VM operation: G1CollectForAllocation (G1 Evacuation Pause)
Event: 121.683 Executing safepoint VM operation: G1CollectForAllocation (G1 Evacuation Pause) done
Event: 121.743 Executing non-safepoint VM operation: HandshakeAllThreads (Deoptimize)
Event: 121.744 Executing non-safepoint VM operation: HandshakeAllThreads (Deoptimize) done
Event: 122.734 Executing safepoint VM operation: ICBufferFull
Event: 122.734 Executing safepoint VM operation: ICBufferFull done
Event: 122.875 Executing safepoint VM operation: G1TryInitiateConcMark (G1 Humongous Allocation)
Event: 122.937 Executing safepoint VM operation: G1TryInitiateConcMark (G1 Humongous Allocation) done
Event: 123.954 Executing safepoint VM operation: Cleanup
Event: 123.969 Executing safepoint VM operation: Cleanup done
Event: 124.389 Executing non-safepoint VM operation: HandshakeAllThreads (Deoptimize)
Event: 124.454 Executing non-safepoint VM operation: HandshakeAllThreads (Deoptimize) done
Event: 124.454 Executing safepoint VM operation: G1PauseRemark

Memory protections (0 events):
No events

Nmethod flushes (20 events):
Event: 124.496 Thread 0x000001ebe1118a90 flushing  nmethod 0x000001ebcceb7610
Event: 124.496 Thread 0x000001ebe1118a90 flushing  nmethod 0x000001ebccf47e90
Event: 124.496 Thread 0x000001ebe1118a90 flushing  nmethod 0x000001ebccf48590
Event: 124.496 Thread 0x000001ebe1118a90 flushing  nmethod 0x000001ebcd1bad90
Event: 124.496 Thread 0x000001ebe1118a90 flushing  nmethod 0x000001ebcd2eb390
Event: 124.496 Thread 0x000001ebe1118a90 flushing  nmethod 0x000001ebcd2ebd90
Event: 124.496 Thread 0x000001ebe1118a90 flushing  nmethod 0x000001ebcd32bf90
Event: 124.496 Thread 0x000001ebe1118a90 flushing  nmethod 0x000001ebcd32c390
Event: 124.496 Thread 0x000001ebe1118a90 flushing  nmethod 0x000001ebcd32ca90
Event: 124.496 Thread 0x000001ebe1118a90 flushing  nmethod 0x000001ebcd483290
Event: 124.496 Thread 0x000001ebe1118a90 flushing  nmethod 0x000001ebcd5d8090
Event: 124.496 Thread 0x000001ebe1118a90 flushing  nmethod 0x000001ebcd706d10
Event: 124.496 Thread 0x000001ebe1118a90 flushing  nmethod 0x000001ebcd786c10
Event: 124.496 Thread 0x000001ebe1118a90 flushing  nmethod 0x000001ebcd78be90
Event: 124.496 Thread 0x000001ebe1118a90 flushing  nmethod 0x000001ebcd80f690
Event: 124.496 Thread 0x000001ebe1118a90 flushing  nmethod 0x000001ebcd810210
Event: 124.496 Thread 0x000001ebe1118a90 flushing  nmethod 0x000001ebcd88f610
Event: 124.496 Thread 0x000001ebe1118a90 flushing  nmethod 0x000001ebcdbe3690
Event: 124.496 Thread 0x000001ebe1118a90 flushing  nmethod 0x000001ebcddb8710
Event: 124.496 Thread 0x000001ebe1118a90 flushing  nmethod 0x000001ebcde06010

Events (20 events):
Event: 92.581 Thread 0x000001ebe6be9410 Thread exited: 0x000001ebe6be9410
Event: 92.782 Thread 0x000001ebe11a3ba0 Thread added: 0x000001ebeb57ad80
Event: 93.924 Thread 0x000001ebe8ca0d60 Thread exited: 0x000001ebe8ca0d60
Event: 94.822 Thread 0x000001ebeb57ad80 Thread exited: 0x000001ebeb57ad80
Event: 94.945 Thread 0x000001ebe8e83c50 Thread added: 0x000001ebf2c6e380
Event: 95.044 Thread 0x000001ebe8e83c50 Thread added: 0x000001ebf2c70450
Event: 95.044 Thread 0x000001ebe8e83c50 Thread added: 0x000001ebf2c6ea10
Event: 95.350 Thread 0x000001ebe11a1a20 Thread added: 0x000001ebeb580ce0
Event: 98.444 Thread 0x000001ebf2c6dcf0 Thread added: 0x000001ebf2c70ae0
Event: 98.445 Thread 0x000001ebf2c6dcf0 Thread added: 0x000001ebf2c6d660
Event: 98.452 Thread 0x000001ebf2c6d660 Thread added: 0x000001ebf2c73f60
Event: 98.455 Thread 0x000001ebf2c70ae0 Thread added: 0x000001ebf2c71800
Event: 98.458 Thread 0x000001ebf2c73f60 Thread added: 0x000001ebf2c738d0
Event: 98.461 Thread 0x000001ebf2c71800 Thread added: 0x000001ebf2c71e90
Event: 98.464 Thread 0x000001ebf2c738d0 Thread added: 0x000001ebf2c745f0
Event: 98.467 Thread 0x000001ebf2c71e90 Thread added: 0x000001ebf2c72bb0
Event: 113.156 Thread 0x000001ebeb580ce0 Thread exited: 0x000001ebeb580ce0
Event: 113.335 Thread 0x000001ebe11a3ba0 Thread added: 0x000001ebe6be6460
Event: 120.410 Thread 0x000001ebe6be6460 Thread exited: 0x000001ebe6be6460
Event: 120.744 Thread 0x000001ebe11a3ba0 Thread added: 0x000001ebf2164770


Dynamic libraries:
0x00007ff689730000 - 0x00007ff68973a000 	C:\Program Files\Android\Android Studio2\jbr\bin\java.exe
0x00007ff951640000 - 0x00007ff9518a8000 	C:\WINDOWS\SYSTEM32\ntdll.dll
0x00007ff94fcf0000 - 0x00007ff94fdb9000 	C:\WINDOWS\System32\KERNEL32.DLL
0x00007ff94efe0000 - 0x00007ff94f3d1000 	C:\WINDOWS\System32\KERNELBASE.dll
0x00007ff94ee90000 - 0x00007ff94efdb000 	C:\WINDOWS\System32\ucrtbase.dll
0x00007ff93a310000 - 0x00007ff93a328000 	C:\Program Files\Android\Android Studio2\jbr\bin\jli.dll
0x00007ff951430000 - 0x00007ff9515f6000 	C:\WINDOWS\System32\USER32.dll
0x00007ff94e8d0000 - 0x00007ff94e8f7000 	C:\WINDOWS\System32\win32u.dll
0x00007ff94ff60000 - 0x00007ff94ff8b000 	C:\WINDOWS\System32\GDI32.dll
0x00007ff9328d0000 - 0x00007ff932b63000 	C:\WINDOWS\WinSxS\amd64_microsoft.windows.common-controls_6595b64144ccf1df_6.0.26100.7705_none_3e06597ae3363b04\COMCTL32.dll
0x00007ff94eb40000 - 0x00007ff94ec6b000 	C:\WINDOWS\System32\gdi32full.dll
0x00007ff91a6b0000 - 0x00007ff91a6cb000 	C:\Program Files\Android\Android Studio2\jbr\bin\VCRUNTIME140.dll
0x00007ff94ede0000 - 0x00007ff94ee83000 	C:\WINDOWS\System32\msvcp_win.dll
0x00007ff94f570000 - 0x00007ff94f619000 	C:\WINDOWS\System32\msvcrt.dll
0x00007ff94f620000 - 0x00007ff94f651000 	C:\WINDOWS\System32\IMM32.DLL
0x00007ff93e2b0000 - 0x00007ff93e2bc000 	C:\Program Files\Android\Android Studio2\jbr\bin\vcruntime140_1.dll
0x00007ff910040000 - 0x00007ff9100cd000 	C:\Program Files\Android\Android Studio2\jbr\bin\msvcp140.dll
0x00007ff8bfae0000 - 0x00007ff8c0776000 	C:\Program Files\Android\Android Studio2\jbr\bin\server\jvm.dll
0x00007ff94f8f0000 - 0x00007ff94f9a4000 	C:\WINDOWS\System32\ADVAPI32.dll
0x00007ff94f3e0000 - 0x00007ff94f486000 	C:\WINDOWS\System32\sechost.dll
0x00007ff950500000 - 0x00007ff950618000 	C:\WINDOWS\System32\RPCRT4.dll
0x00007ff94fc70000 - 0x00007ff94fce4000 	C:\WINDOWS\System32\WS2_32.dll
0x00007ff94dda0000 - 0x00007ff94ddfe000 	C:\WINDOWS\SYSTEM32\POWRPROF.dll
0x00007ff94b080000 - 0x00007ff94b0b5000 	C:\WINDOWS\SYSTEM32\WINMM.dll
0x00007ff9471d0000 - 0x00007ff9471db000 	C:\WINDOWS\SYSTEM32\VERSION.dll
0x00007ff94dd80000 - 0x00007ff94dd94000 	C:\WINDOWS\SYSTEM32\UMPDC.dll
0x00007ff94ccb0000 - 0x00007ff94cccb000 	C:\WINDOWS\SYSTEM32\kernel.appcore.dll
0x00007ff93cc30000 - 0x00007ff93cc3a000 	C:\Program Files\Android\Android Studio2\jbr\bin\jimage.dll
0x00007ff94ba00000 - 0x00007ff94bc42000 	C:\WINDOWS\SYSTEM32\DBGHELP.DLL
0x00007ff9510a0000 - 0x00007ff951426000 	C:\WINDOWS\System32\combase.dll
0x00007ff94f9b0000 - 0x00007ff94fa87000 	C:\WINDOWS\System32\OLEAUT32.dll
0x00007ff934a70000 - 0x00007ff934aab000 	C:\WINDOWS\SYSTEM32\dbgcore.DLL
0x00007ff94df20000 - 0x00007ff94dfc5000 	C:\WINDOWS\System32\bcryptPrimitives.dll
0x00007ff942c40000 - 0x00007ff942c4e000 	C:\Program Files\Android\Android Studio2\jbr\bin\instrument.dll
0x00007ff916ba0000 - 0x00007ff916bc0000 	C:\Program Files\Android\Android Studio2\jbr\bin\java.dll
0x00007ff9100d0000 - 0x00007ff9100e8000 	C:\Program Files\Android\Android Studio2\jbr\bin\zip.dll
0x00007ff950750000 - 0x00007ff950ea1000 	C:\WINDOWS\System32\SHELL32.dll
0x00007ff94ec70000 - 0x00007ff94edda000 	C:\WINDOWS\System32\wintypes.dll
0x00007ff94e060000 - 0x00007ff94e8c2000 	C:\WINDOWS\System32\windows.storage.dll
0x00007ff950650000 - 0x00007ff950746000 	C:\WINDOWS\System32\SHCORE.dll
0x00007ff950420000 - 0x00007ff950487000 	C:\WINDOWS\System32\shlwapi.dll
0x00007ff94de40000 - 0x00007ff94de69000 	C:\WINDOWS\SYSTEM32\profapi.dll
0x00007ff93aab0000 - 0x00007ff93aac0000 	C:\Program Files\Android\Android Studio2\jbr\bin\net.dll
0x00007ff943870000 - 0x00007ff943997000 	C:\WINDOWS\SYSTEM32\WINHTTP.dll
0x00007ff94d240000 - 0x00007ff94d2ab000 	C:\WINDOWS\system32\mswsock.dll
0x00007ff90fd90000 - 0x00007ff90fda6000 	C:\Program Files\Android\Android Studio2\jbr\bin\nio.dll
0x00007ff92c950000 - 0x00007ff92c960000 	C:\Program Files\Android\Android Studio2\jbr\bin\verify.dll
0x00007ff948d00000 - 0x00007ff948d27000 	C:\Users\admin\.gradle\native\1def1411415f61bf3af743bc5b6707747c0891f09f0c88961ee8f79bc544acac\windows-amd64\native-platform.dll
0x00007ff90c960000 - 0x00007ff90c9d8000 	C:\Users\admin\.gradle\native\0.2.7\x86_64-windows-gnu\gradle-fileevents.dll
0x00007ff937910000 - 0x00007ff937919000 	C:\Program Files\Android\Android Studio2\jbr\bin\management.dll
0x00007ff936540000 - 0x00007ff93654b000 	C:\Program Files\Android\Android Studio2\jbr\bin\management_ext.dll
0x00007ff94f8e0000 - 0x00007ff94f8e8000 	C:\WINDOWS\System32\PSAPI.DLL
0x00007ff94c6f0000 - 0x00007ff94c724000 	C:\WINDOWS\SYSTEM32\IPHLPAPI.DLL
0x00007ff94f760000 - 0x00007ff94f76a000 	C:\WINDOWS\System32\NSI.dll
0x00007ff9387b0000 - 0x00007ff9387b9000 	C:\Program Files\Android\Android Studio2\jbr\bin\extnet.dll
0x00007ff94d500000 - 0x00007ff94d51b000 	C:\WINDOWS\SYSTEM32\CRYPTSP.dll
0x00007ff94cc10000 - 0x00007ff94cc49000 	C:\WINDOWS\system32\rsaenh.dll
0x00007ff94d2f0000 - 0x00007ff94d31b000 	C:\WINDOWS\SYSTEM32\USERENV.dll
0x00007ff94de10000 - 0x00007ff94de3a000 	C:\WINDOWS\SYSTEM32\bcrypt.dll
0x00007ff94d520000 - 0x00007ff94d52c000 	C:\WINDOWS\SYSTEM32\CRYPTBASE.dll
0x00007ff8deb20000 - 0x00007ff8deb28000 	C:\WINDOWS\system32\wshunix.dll
0x00007ff94c790000 - 0x00007ff94c8bc000 	C:\WINDOWS\SYSTEM32\DNSAPI.dll
0x00007ff942040000 - 0x00007ff94204b000 	C:\Windows\System32\rasadhlp.dll
0x00007ff942200000 - 0x00007ff942286000 	C:\WINDOWS\System32\fwpuclnt.dll
0x00007ff8de850000 - 0x00007ff8de868000 	C:\WINDOWS\system32\napinsp.dll
0x00007ff8de830000 - 0x00007ff8de842000 	C:\WINDOWS\System32\winrnr.dll
0x00007ff8de990000 - 0x00007ff8de9b2000 	C:\WINDOWS\system32\nlansp_c.dll
0x00007ff942b10000 - 0x00007ff942b26000 	C:\WINDOWS\system32\wshbth.dll

JVMTI agents:
C:\Users\admin\.gradle\wrapper\dists\gradle-8.14.4-bin\92wwslzcyst3phie3o264zltu\gradle-8.14.4\lib\agents\gradle-instrumentation-agent-8.14.4.jar path:C:\Program Files\Android\Android Studio2\jbr\bin\instrument.dll, loaded, initialized, instrumentlib options:none

dbghelp: loaded successfully - version: 4.0.5 - missing functions: none
symbol engine: initialized successfully - sym options: 0x614 - pdb path: .;C:\Program Files\Android\Android Studio2\jbr\bin;C:\WINDOWS\SYSTEM32;C:\WINDOWS\WinSxS\amd64_microsoft.windows.common-controls_6595b64144ccf1df_6.0.26100.7705_none_3e06597ae3363b04;C:\Program Files\Android\Android Studio2\jbr\bin\server;C:\Users\admin\.gradle\native\1def1411415f61bf3af743bc5b6707747c0891f09f0c88961ee8f79bc544acac\windows-amd64;C:\Users\admin\.gradle\native\0.2.7\x86_64-windows-gnu

VM Arguments:
jvm_args: --add-opens=java.base/java.lang=ALL-UNNAMED --add-opens=java.base/java.lang.invoke=ALL-UNNAMED --add-opens=java.base/java.util=ALL-UNNAMED --add-opens=java.prefs/java.util.prefs=ALL-UNNAMED --add-exports=jdk.compiler/com.sun.tools.javac.api=ALL-UNNAMED --add-exports=jdk.compiler/com.sun.tools.javac.util=ALL-UNNAMED --add-opens=java.base/java.util=ALL-UNNAMED --add-opens=java.prefs/java.util.prefs=ALL-UNNAMED --add-opens=java.base/java.nio.charset=ALL-UNNAMED --add-opens=java.base/java.net=ALL-UNNAMED --add-opens=java.base/java.util.concurrent.atomic=ALL-UNNAMED --add-opens=java.xml/javax.xml.namespace=ALL-UNNAMED -Xmx2048m -Dfile.encoding=UTF-8 -Duser.country=GB -Duser.language=en -Duser.variant -javaagent:C:\Users\admin\.gradle\wrapper\dists\gradle-8.14.4-bin\92wwslzcyst3phie3o264zltu\gradle-8.14.4\lib\agents\gradle-instrumentation-agent-8.14.4.jar 
java_command: org.gradle.launcher.daemon.bootstrap.GradleDaemon 8.14.4
java_class_path (initial): C:\Users\admin\.gradle\wrapper\dists\gradle-8.14.4-bin\92wwslzcyst3phie3o264zltu\gradle-8.14.4\lib\gradle-daemon-main-8.14.4.jar
Launcher Type: SUN_STANDARD

[Global flags]
     intx CICompilerCount                          = 4                                         {product} {ergonomic}
     uint ConcGCThreads                            = 2                                         {product} {ergonomic}
     uint G1ConcRefinementThreads                  = 8                                         {product} {ergonomic}
   size_t G1HeapRegionSize                         = 1048576                                   {product} {ergonomic}
    uintx GCDrainStackTargetSize                   = 64                                        {product} {ergonomic}
   size_t InitialHeapSize                          = 117440512                                 {product} {ergonomic}
   size_t MarkStackSize                            = 4194304                                   {product} {ergonomic}
   size_t MaxHeapSize                              = 2147483648                                {product} {command line}
   size_t MaxNewSize                               = 1287651328                                {product} {ergonomic}
   size_t MinHeapDeltaBytes                        = 1048576                                   {product} {ergonomic}
   size_t MinHeapSize                              = 8388608                                   {product} {ergonomic}
    uintx NonNMethodCodeHeapSize                   = 5839372                                {pd product} {ergonomic}
    uintx NonProfiledCodeHeapSize                  = 122909434                              {pd product} {ergonomic}
    uintx ProfiledCodeHeapSize                     = 122909434                              {pd product} {ergonomic}
    uintx ReservedCodeCacheSize                    = 251658240                              {pd product} {ergonomic}
     bool SegmentedCodeCache                       = true                                      {product} {ergonomic}
   size_t SoftMaxHeapSize                          = 2147483648                             {manageable} {ergonomic}
     bool UseCompressedOops                        = true                           {product lp64_product} {ergonomic}
     bool UseG1GC                                  = true                                      {product} {ergonomic}
     bool UseLargePagesIndividualAllocation        = false                                  {pd product} {ergonomic}

Logging:
Log output configuration:
 #0: stdout all=warning uptime,level,tags foldmultilines=false
 #1: stderr all=off uptime,level,tags foldmultilines=false

Release file:
JAVA_VERSION="21.0.10" 
MODULES="java.base java.compiler java.datatransfer java.xml java.prefs java.desktop java.instrument java.logging java.management java.security.sasl java.naming java.rmi java.management.rmi java.net.http java.scripting java.security.jgss java.transaction.xa java.sql java.sql.rowset java.xml.crypto java.se java.smartcardio jdk.accessibility jdk.internal.jvmstat jdk.attach jdk.charsets jdk.internal.opt jdk.zipfs jdk.compiler jdk.crypto.ec jdk.crypto.cryptoki jdk.dynalink jdk.hotspot.agent jdk.httpserver jdk.internal.ed jdk.internal.le jdk.internal.vm.ci jdk.jartool jdk.javadoc jdk.jcmd jdk.jdeps jdk.jdwp.agent jdk.jdi jdk.jfr jdk.jlink jdk.jsobject jdk.localedata jdk.management jdk.management.agent jdk.management.jfr jdk.naming.dns jdk.naming.rmi jdk.net jdk.sctp jdk.security.auth jdk.security.jgss jdk.unsupported jdk.unsupported.desktop jdk.xml.dom" 
IMPLEMENTOR="JetBrains s.r.o." 
JAVA_RUNTIME_VERSION="21.0.10+-14961533-b1163.108" 
LIBC="default" 
OS_ARCH="x86_64" 
OS_NAME="Windows" 
SOURCE=".:git:1351622c2ff2" 

Environment Variables:
JAVA_HOME=C:\Program Files\Java\jdk-20
PATH=C:\Program Files\Common Files\Oracle\Java\javapath;C:\WINDOWS\system32;C:\WINDOWS;C:\WINDOWS\System32\Wbem;C:\WINDOWS\System32\WindowsPowerShell\v1.0\;C:\WINDOWS\System32\OpenSSH\;C:\Program Files\Java\jdk-20\bin;C:\Users\admin\AppData\Local\Packages\PythonSoftwareFoundation.Python.3.11_qbz5n2kfra8p0\LocalCache\local-packages\Python311\Scripts;C:\Users\admin\AppData\Local\Programs\Python\Python311\python.exe;C:\Users\admin\OneDrive\Apps\Documents\chromedriver-win64\chromedriver.exe;C:\Program Files\Git\cmd;C:\Users\admin\AppData\Local\Pub\Cache\bin\flutterfire.bat;C:\Users\admin\Documents\firebase-tools-instant-win.exe;C:\Users\admin\shorebird\bin;C:\Users\admin\flutter\bin;C:\Users\admin\flutter\dev;C:\Program Files\Docker\Docker\resources\bin;C:\Program Files\Amazon\AWSCLIV2\;C:\Program Files\PowerShell\7\;%NVM_HOME%;%NVM_SYMLINK%;C:\Users\admin\.local\bin;C:\Users\admin\AppData\Local\Programs\Python\Python311\Scripts\;C:\Users\admin\AppData\Local\Programs\Python\Python311\;C:\Users\admin\AppData\Local\Microsoft\WindowsApps;C:\Program Files\JetBrains\IntelliJ IDEA Community Edition 2023.1.2\bin;C:\Program Files\JetBrains\PyCharm 2023.2.1\bin;C:\Program Files\JetBrains\PyCharm Community Edition 2023.2.1\bin;C:\Users\admin\AppData\Local\JetBrains\Toolbox\scripts;C:\Program Files\JetBrains\PyCharm 2024.1.1\bin;;C:\dart-sdk\bin;C:\Users\admin\Documents\firebase-tools-instant-win.exe;C:\Users\admin\AppData\Local\Pub\Cache\bin;C:\Users\admin\AppData\Roaming\npm;C:\Users\admin\shorebird\bin;C:\Users\admin\flutter\bin;C:\Users\admin\flutter\dev;C:\Users\admin\AppData\Local\Microsoft\WindowsApps;C:\Users\admin\AppData\Local\Programs\Ollama;C:\Users\admin\AppData\Local\Programs\Microsoft VS Code\bin;C:\Users\admin\AppData\Local\nvm;C:\nvm4w\nodejs
USERNAME=admin
OS=Windows_NT
PROCESSOR_IDENTIFIER=AMD64 Family 23 Model 24 Stepping 1, AuthenticAMD
TMP=C:\Users\admin\AppData\Local\Temp
TEMP=C:\Users\admin\AppData\Local\Temp




Periodic native trim disabled

JNI global refs:
JNI global refs: 30, weak refs: 19

JNI global refs memory usage: 835, weak refs: 833

Process memory usage:
Resident Set Size: 846612K (11% of 7274124K total physical memory with 419056K free physical memory)

OOME stack traces (most recent first):
Classloader memory used:
Loader org.gradle.internal.classloader.VisitableURLClassLoader$InstrumentingVisitableURLClassLoader: 50281K
Loader org.gradle.internal.classloader.VisitableURLClassLoader                         : 47517K
Loader bootstrap                                                                       : 34687K
Loader org.gradle.initialization.MixInLegacyTypesClassLoader                           : 12762K
Loader jdk.internal.loader.ClassLoaders$PlatformClassLoader                            : 809K
Loader jdk.internal.reflect.DelegatingClassLoader                                      : 511K
Loader org.gradle.groovy.scripts.internal.DefaultScriptCompilationHandler$ScriptClassLoader: 502K
Loader jdk.internal.loader.ClassLoaders$AppClassLoader                                 : 237K
Loader org.codehaus.groovy.runtime.callsite.CallSiteClassLoader                        : 55408B
Loader sun.reflect.misc.MethodUtil                                                     : 2984B

Classes loaded by more than one classloader:
Class com.google.common.io.LineReader                                                 : loaded 2 times (x 72B)
Class com.google.common.base.PairwiseEquivalence                                      : loaded 2 times (x 83B)
Class com.google.common.base.Equivalence$Identity                                     : loaded 2 times (x 82B)
Class com.google.common.collect.RegularImmutableMap$KeySet                            : loaded 2 times (x 152B)
Class org.gradle.internal.classloader.FilteringClassLoader                            : loaded 2 times (x 105B)
Class [Lcom.google.common.collect.MapMakerInternalMap$Segment;                        : loaded 2 times (x 69B)
Class [Lcom.google.common.base.AbstractIterator$State;                                : loaded 2 times (x 69B)
Class com.google.common.io.FileWriteMode                                              : loaded 2 times (x 79B)
Class com.google.common.base.CharMatcher$IsEither                                     : loaded 2 times (x 111B)
Class org.gradle.internal.classloader.ClassLoaderHierarchy                            : loaded 2 times (x 70B)
Class com.google.common.collect.AbstractMapBasedMultimap$WrappedCollection            : loaded 2 times (x 124B)
Class com.google.common.collect.ImmutableEnumSet                                      : loaded 2 times (x 146B)
Class com.google.common.util.concurrent.ExecutionError                                : loaded 2 times (x 82B)
Class com.google.common.collect.ImmutableList$1                                       : loaded 2 times (x 97B)
Class org.gradle.api.internal.classpath.ManifestUtil                                  : loaded 2 times (x 71B)
Class com.google.common.collect.RegularImmutableMap                                   : loaded 2 times (x 121B)
Class com.google.common.collect.ImmutableMap$MapViewOfValuesAsSingletonSets           : loaded 2 times (x 126B)
Class [Lorg.objectweb.asm.Symbol;                                                     : loaded 2 times (x 69B)
Class org.objectweb.asm.ClassVisitor                                                  : loaded 2 times (x 88B)
Class com.google.common.collect.UnmodifiableListIterator                              : loaded 2 times (x 95B)
Class com.google.common.collect.MapMakerInternalMap$StrongKeyDummyValueEntry$LinkedStrongKeyDummyValueEntry: loaded 2 times (x 82B)
Class com.google.common.collect.MapMakerInternalMap$Strength                          : loaded 2 times (x 80B)
Class com.google.common.base.Platform$JdkPatternCompiler                              : loaded 2 times (x 75B)
Class org.objectweb.asm.MethodTooLargeException                                       : loaded 2 times (x 83B)
Class [Lcom.google.common.cache.CacheBuilder$OneWeigher;                              : loaded 2 times (x 69B)
Class com.google.common.base.Suppliers                                                : loaded 2 times (x 71B)
Class org.gradle.internal.classloader.DefaultClassLoaderFactory                       : loaded 2 times (x 82B)
Class [Lcom.google.common.collect.AbstractIterator$State;                             : loaded 2 times (x 69B)
Class com.google.common.base.CharMatcher$None                                         : loaded 2 times (x 112B)
Class org.apache.commons.io.file.PathUtils                                            : loaded 2 times (x 71B)
Class org.gradle.internal.classloader.ClassLoaderVisitor                              : loaded 2 times (x 76B)
Class [Lcom.google.common.collect.ImmutableMapEntry;                                  : loaded 2 times (x 69B)
Class org.gradle.api.internal.classpath.EffectiveClassPath                            : loaded 2 times (x 90B)
Class com.google.common.collect.ImmutableRangeSet                                     : loaded 2 times (x 115B)
Class [Lorg.apache.commons.io.StandardLineSeparator;                                  : loaded 2 times (x 69B)
Class org.apache.commons.io.output.StringBuilderWriter                                : loaded 2 times (x 100B)
Class com.google.common.collect.ListMultimap                                          : loaded 2 times (x 70B)
Class com.google.common.collect.ImmutableEnumMap                                      : loaded 2 times (x 126B)
Class com.google.common.base.Splitter                                                 : loaded 2 times (x 72B)
Class com.google.common.collect.Sets$1                                                : loaded 2 times (x 139B)
Class org.objectweb.asm.AnnotationVisitor                                             : loaded 2 times (x 78B)
Class org.gradle.api.internal.DefaultClassPathProvider                                : loaded 2 times (x 76B)
Class com.google.common.collect.MapMakerInternalMap$Strength$1                        : loaded 2 times (x 80B)
Class com.google.common.collect.Maps$ViewCachingAbstractMap                           : loaded 2 times (x 125B)
Class com.google.common.collect.Sets$2                                                : loaded 2 times (x 139B)
Class [Lorg.gradle.api.internal.ClassPathProvider;                                    : loaded 2 times (x 69B)
Class org.gradle.api.internal.ClassPathProvider                                       : loaded 2 times (x 70B)
Class com.google.common.collect.MapMakerInternalMap$Strength$2                        : loaded 2 times (x 80B)
Class com.google.common.base.AbstractIterator$State                                   : loaded 2 times (x 79B)
Class [Lorg.objectweb.asm.AnnotationVisitor;                                          : loaded 2 times (x 69B)
Class com.google.common.collect.Sets$3                                                : loaded 2 times (x 139B)
Class com.google.common.cache.LocalCache$LocalLoadingCache                            : loaded 2 times (x 134B)
Class org.gradle.internal.service.UnknownServiceException                             : loaded 2 times (x 83B)
Class com.google.common.collect.MapMakerInternalMap$StrongValueEntry                  : loaded 2 times (x 70B)
Class com.google.common.collect.Sets$4                                                : loaded 2 times (x 139B)
Class org.objectweb.asm.ModuleVisitor                                                 : loaded 2 times (x 81B)
Class com.google.common.cache.LocalCache$Strength$1                                   : loaded 2 times (x 81B)
Class build_9jckm90gyrxqgybibs47fmmkb                                                 : loaded 2 times (x 180B)
Class org.apache.commons.io.output.QueueOutputStream                                  : loaded 2 times (x 87B)
Class com.google.common.util.concurrent.SettableFuture                                : loaded 2 times (x 114B)
Class com.google.common.cache.LocalCache$Strength$2                                   : loaded 2 times (x 81B)
Class com.google.common.collect.Interners$InternerImpl                                : loaded 2 times (x 75B)
Class com.google.common.base.Splitter$1                                               : loaded 2 times (x 77B)
Class com.google.common.collect.Interner                                              : loaded 2 times (x 70B)
Class com.google.common.cache.LocalCache$Strength$3                                   : loaded 2 times (x 81B)
Class com.google.common.collect.MapDifference                                         : loaded 2 times (x 70B)
Class com.google.common.collect.MapMaker$Dummy                                        : loaded 2 times (x 79B)
Class org.objectweb.asm.FieldWriter                                                   : loaded 2 times (x 78B)
Class com.google.common.cache.CacheBuilder$NullListener                               : loaded 2 times (x 82B)
Class settings_74z0l2fagy64pvqu004t2r6v9                                              : loaded 2 times (x 179B)
Class org.gradle.internal.classpath.TransformedClassPath                              : loaded 2 times (x 96B)
Class org.gradle.internal.classloader.InstrumentingClassLoader                        : loaded 2 times (x 70B)
Class com.google.common.collect.ImmutableRangeSet$AsSet                               : loaded 2 times (x 300B)
Class org.apache.commons.io.output.UnsynchronizedByteArrayOutputStream                : loaded 2 times (x 102B)
Class com.google.common.collect.ImmutableListMultimap                                 : loaded 2 times (x 176B)
Class com.google.common.cache.CacheLoader$FunctionToCacheLoader                       : loaded 2 times (x 75B)
Class com.google.common.collect.Iterators$ArrayItr                                    : loaded 2 times (x 97B)
Class com.google.common.collect.ImmutableCollection$Builder                           : loaded 2 times (x 76B)
Class ijKotlinCoroutineJvmDebugInit1_1mmaeqeq6pesofomjq0eqj1s9$_run_closure1          : loaded 2 times (x 139B)
Class org.apache.commons.io.output.ByteArrayOutputStream                              : loaded 2 times (x 102B)
Class com.google.common.collect.EmptyImmutableListMultimap                            : loaded 2 times (x 176B)
Class com.google.common.collect.BaseImmutableMultimap                                 : loaded 2 times (x 123B)
Class com.google.common.base.Joiner                                                   : loaded 2 times (x 79B)
Class com.google.common.base.MoreObjects                                              : loaded 2 times (x 71B)
Class com.google.common.collect.Platform                                              : loaded 2 times (x 71B)
Class [Lorg.objectweb.asm.Type;                                                       : loaded 2 times (x 69B)
Class com.google.common.collect.UnmodifiableIterator                                  : loaded 2 times (x 80B)
Class org.gradle.internal.service.ServiceLocator                                      : loaded 2 times (x 70B)
Class org.apache.commons.io.FileExistsException                                       : loaded 2 times (x 82B)
Class com.google.common.base.Ascii                                                    : loaded 2 times (x 71B)
Class com.google.common.cache.LocalCache$1                                            : loaded 2 times (x 89B)
Class com.google.common.collect.SingletonImmutableBiMap                               : loaded 2 times (x 143B)
Class com.google.common.collect.Iterators$SingletonIterator                           : loaded 2 times (x 81B)
Class com.google.common.collect.AbstractMapEntry                                      : loaded 2 times (x 81B)
Class com.google.common.collect.MapMakerInternalMap$AbstractStrongKeyEntry            : loaded 2 times (x 80B)
Class com.google.common.collect.Sets$ImprovedAbstractSet                              : loaded 2 times (x 135B)
Class com.google.common.collect.ImmutableList$Builder                                 : loaded 2 times (x 77B)
Class com.google.common.collect.AbstractMultimap                                      : loaded 2 times (x 123B)
Class com.google.common.cache.LocalCache$2                                            : loaded 2 times (x 142B)
Class com.google.common.collect.ImmutableRangeSet$1                                   : loaded 2 times (x 210B)
Class com.google.common.collect.RegularImmutableAsList                                : loaded 2 times (x 217B)
Class com.google.common.collect.Range                                                 : loaded 2 times (x 87B)
Class com.google.common.base.Optional                                                 : loaded 2 times (x 80B)
Class com.google.common.util.concurrent.AbstractFuture$Trusted                        : loaded 2 times (x 70B)
Class com.google.common.collect.Iterators                                             : loaded 2 times (x 71B)
Class com.google.common.io.ByteSink$AsCharSink                                        : loaded 2 times (x 80B)
Class com.google.common.collect.Lists$StringAsImmutableList                           : loaded 2 times (x 207B)
Class com.google.common.util.concurrent.UncheckedExecutionException                   : loaded 2 times (x 82B)
Class org.gradle.internal.InternalTransformer                                         : loaded 2 times (x 70B)
Class com.google.common.collect.AbstractMapBasedMultimap$KeySet$1                     : loaded 2 times (x 82B)
Class org.objectweb.asm.ClassWriter                                                   : loaded 2 times (x 106B)
Class com.google.common.base.CharMatcher$And                                          : loaded 2 times (x 112B)
Class com.google.common.cache.CacheLoader$UnsupportedLoadingOperationException        : loaded 2 times (x 82B)
Class org.gradle.internal.classloader.ClasspathUtil$1                                 : loaded 2 times (x 76B)
Class build_9jckm90gyrxqgybibs47fmmkb$_run_closure1                                   : loaded 2 times (x 139B)
Class com.google.common.collect.FluentIterable$1                                      : loaded 2 times (x 81B)
Class com.google.common.base.Objects                                                  : loaded 2 times (x 71B)
Class org.objectweb.asm.FieldVisitor                                                  : loaded 2 times (x 77B)
Class com.google.common.collect.IndexedImmutableSet                                   : loaded 2 times (x 152B)
Class com.google.common.collect.ImmutableMap$1                                        : loaded 2 times (x 81B)
Class com.google.common.collect.BiMap                                                 : loaded 2 times (x 70B)
Class org.gradle.api.internal.classpath.DefaultModuleRegistry$DefaultModule           : loaded 2 times (x 86B)
Class com.google.common.base.Absent                                                   : loaded 2 times (x 80B)
Class com.google.common.collect.FluentIterable$2                                      : loaded 2 times (x 81B)
Class com.google.common.primitives.Ints                                               : loaded 2 times (x 71B)
Class com.google.common.collect.AbstractIterator                                      : loaded 2 times (x 82B)
Class com.google.common.collect.FluentIterable$3                                      : loaded 2 times (x 81B)
Class com.google.common.collect.ObjectArrays                                          : loaded 2 times (x 71B)
Class com.google.common.collect.Multiset                                              : loaded 2 times (x 70B)
Class com.google.common.collect.ArrayListMultimapGwtSerializationDependencies         : loaded 2 times (x 172B)
Class com.google.common.collect.AbstractIndexedListIterator                           : loaded 2 times (x 96B)
Class com.google.common.math.MathPreconditions                                        : loaded 2 times (x 71B)
Class org.apache.commons.io.output.NullOutputStream                                   : loaded 2 times (x 85B)
Class com.google.common.collect.ImmutableMapEntrySet                                  : loaded 2 times (x 152B)
Class org.gradle.api.internal.classpath.Module                                        : loaded 2 times (x 70B)
Class com.google.common.cache.Weigher                                                 : loaded 2 times (x 70B)
Class org.gradle.api.internal.classpath.UnknownModuleException                        : loaded 2 times (x 82B)
Class com.google.common.base.Stopwatch                                                : loaded 2 times (x 72B)
Class com.google.common.cache.LocalCache$Strength                                     : loaded 2 times (x 81B)
Class com.google.common.cache.Cache                                                   : loaded 2 times (x 70B)
Class org.apache.commons.io.filefilter.IOFileFilter                                   : loaded 2 times (x 70B)
Class com.google.common.io.AppendableWriter                                           : loaded 2 times (x 100B)
Class com.google.common.base.NullnessCasts                                            : loaded 2 times (x 71B)
Class com.google.common.util.concurrent.AbstractFuture$Cancellation                   : loaded 2 times (x 72B)
Class com.google.common.collect.ImmutableMap$Builder                                  : loaded 2 times (x 82B)
Class com.google.common.base.Present                                                  : loaded 2 times (x 81B)
Class com.google.common.cache.RemovalListener                                         : loaded 2 times (x 70B)
Class org.gradle.api.internal.DefaultClassPathRegistry                                : loaded 2 times (x 76B)
Class org.apache.commons.io.file.DeleteOption                                         : loaded 2 times (x 70B)
Class com.google.common.collect.ImmutableMultimap$Keys                                : loaded 2 times (x 166B)
Class com.google.common.primitives.IntsMethodsForWeb                                  : loaded 2 times (x 71B)
Class com.google.common.collect.Multimap                                              : loaded 2 times (x 70B)
Class org.gradle.api.internal.ClassPathRegistry                                       : loaded 2 times (x 70B)
Class org.gradle.internal.classpath.DefaultClassPath$ImmutableUniqueList              : loaded 2 times (x 199B)
Class com.google.common.collect.NullnessCasts                                         : loaded 2 times (x 71B)
Class com.google.common.collect.MapMakerInternalMap$Segment                           : loaded 2 times (x 142B)
Class org.apache.commons.io.IOUtils                                                   : loaded 2 times (x 71B)
Class com.google.common.base.ExtraObjectsMethodsForWeb                                : loaded 2 times (x 71B)
Class com.google.common.io.ByteSink                                                   : loaded 2 times (x 76B)
Class com.google.common.cache.CacheBuilder                                            : loaded 2 times (x 72B)
Class com.google.common.collect.SingletonImmutableList                                : loaded 2 times (x 207B)
Class org.gradle.internal.classpath.ClassPath                                         : loaded 2 times (x 70B)
Class org.gradle.api.UncheckedIOException                                             : loaded 2 times (x 82B)
Class com.google.common.collect.Interners$InternerBuilder                             : loaded 2 times (x 76B)
Class com.google.common.io.Files$FileByteSource                                       : loaded 2 times (x 85B)
Class com.google.common.base.JdkPattern                                               : loaded 2 times (x 75B)
Class com.google.common.collect.ImmutableList$ReverseImmutableList                    : loaded 2 times (x 209B)
Class com.google.common.io.CharStreams$NullWriter                                     : loaded 2 times (x 99B)
Class org.objectweb.asm.SymbolTable$Entry                                             : loaded 2 times (x 74B)
Class org.gradle.internal.Factory                                                     : loaded 2 times (x 70B)
Class org.objectweb.asm.Edge                                                          : loaded 2 times (x 72B)
Class com.google.common.base.Suppliers$SupplierOfInstance                             : loaded 2 times (x 79B)
Class com.google.common.collect.Iterators$1                                           : loaded 2 times (x 81B)
Class com.google.common.cache.LocalCache$ComputingValueReference                      : loaded 2 times (x 96B)
Class com.google.common.collect.SingletonImmutableSet                                 : loaded 2 times (x 146B)
Class com.google.common.collect.ImmutableMap$IteratorBasedImmutableMap                : loaded 2 times (x 126B)
Class com.google.common.cache.LocalCache$Segment                                      : loaded 2 times (x 154B)
Class com.google.common.collect.SortedIterable                                        : loaded 2 times (x 70B)
Class com.google.common.collect.AbstractListMultimap                                  : loaded 2 times (x 172B)
Class [Lorg.objectweb.asm.SymbolTable$Entry;                                          : loaded 2 times (x 69B)
Class com.google.common.cache.CacheLoader                                             : loaded 2 times (x 74B)
Class com.google.common.collect.Iterators$4                                           : loaded 2 times (x 82B)
Class com.google.common.collect.ImmutableBiMap                                        : loaded 2 times (x 143B)
Class org.gradle.internal.installation.GradleInstallation$1                           : loaded 2 times (x 75B)
Class org.gradle.api.internal.classpath.ModuleRegistry                                : loaded 2 times (x 70B)
Class com.google.common.base.Splitter$SplittingIterator                               : loaded 2 times (x 84B)
Class org.apache.commons.io.output.NullWriter                                         : loaded 2 times (x 99B)
Class com.google.common.util.concurrent.internal.InternalFutureFailureAccess          : loaded 2 times (x 72B)
Class com.google.common.collect.Iterators$5                                           : loaded 2 times (x 82B)
Class com.google.common.collect.ImmutableSet$JdkBackedSetBuilderImpl                  : loaded 2 times (x 76B)
Class com.google.common.collect.ImmutableMultimap$Values                              : loaded 2 times (x 126B)
Class com.google.common.base.CharMatcher$ForPredicate                                 : loaded 2 times (x 112B)
Class com.google.common.cache.LocalCache$LocalManualCache$1                           : loaded 2 times (x 75B)
Class com.google.common.base.CharMatcher$AnyOf                                        : loaded 2 times (x 112B)
Class com.google.common.collect.ImmutableCollection                                   : loaded 2 times (x 125B)
Class org.gradle.api.internal.classpath.DefaultModuleRegistry                         : loaded 2 times (x 86B)
Class com.google.common.collect.Lists                                                 : loaded 2 times (x 71B)
Class com.google.common.util.concurrent.ListenableFuture                              : loaded 2 times (x 70B)
Class com.google.common.cache.ReferenceEntry                                          : loaded 2 times (x 70B)
Class com.google.common.base.Converter                                                : loaded 2 times (x 90B)
Class com.google.common.collect.ImmutableSet$CachingAsList                            : loaded 2 times (x 148B)
Class com.google.common.collect.AbstractMapBasedMultimap                              : loaded 2 times (x 139B)
Class com.google.common.util.concurrent.AbstractFuture                                : loaded 2 times (x 106B)
Class com.google.common.base.FunctionalEquivalence                                    : loaded 2 times (x 83B)
Class com.google.common.collect.Iterators$9                                           : loaded 2 times (x 81B)
Class com.google.common.collect.ImmutableAsList                                       : loaded 2 times (x 209B)
Class com.google.common.io.CharStreams                                                : loaded 2 times (x 71B)
Class com.google.common.collect.ImmutableMultiset                                     : loaded 2 times (x 163B)
Class org.objectweb.asm.RecordComponentVisitor                                        : loaded 2 times (x 77B)
Class com.google.common.cache.CacheLoader$SupplierToCacheLoader                       : loaded 2 times (x 75B)
Class com.google.common.collect.Maps$EntryTransformer                                 : loaded 2 times (x 70B)
Class org.gradle.internal.service.ServiceLookupException                              : loaded 2 times (x 82B)
Class com.google.common.collect.ImmutableSortedSet                                    : loaded 2 times (x 300B)
Class [Lcom.google.common.cache.LocalCache$EntryFactory;                              : loaded 2 times (x 69B)
Class org.gradle.internal.classloader.ClassLoaderFactory                              : loaded 2 times (x 70B)
Class org.apache.commons.io.CloseableURLConnection                                    : loaded 2 times (x 116B)
Class com.google.common.base.CommonPattern                                            : loaded 2 times (x 74B)
Class com.google.common.base.CharMatcher$IsNot                                        : loaded 2 times (x 111B)
Class com.google.common.cache.LocalCache$LocalManualCache                             : loaded 2 times (x 99B)
Class org.gradle.internal.service.CachingServiceLocator                               : loaded 2 times (x 82B)
Class com.google.common.collect.RegularImmutableSortedSet                             : loaded 2 times (x 300B)
Class com.google.common.collect.AbstractMapBasedMultimap$KeySet                       : loaded 2 times (x 137B)
Class com.google.common.math.IntMath                                                  : loaded 2 times (x 71B)
Class com.google.common.collect.MapMakerInternalMap$InternalEntry                     : loaded 2 times (x 70B)
Class com.google.common.collect.ImmutableMapEntry                                     : loaded 2 times (x 85B)
Class com.google.common.collect.ImmutableMultimap                                     : loaded 2 times (x 147B)
Class com.google.common.base.Equivalence                                              : loaded 2 times (x 82B)
Class com.google.common.base.Function                                                 : loaded 2 times (x 70B)
Class com.google.common.collect.ImmutableMapEntry$NonTerminalImmutableMapEntry        : loaded 2 times (x 85B)
Class com.google.common.collect.IndexedImmutableSet$1                                 : loaded 2 times (x 213B)
Class org.apache.commons.io.output.AbstractByteArrayOutputStream                      : loaded 2 times (x 102B)
Class com.google.common.cache.CacheBuilder$OneWeigher                                 : loaded 2 times (x 82B)
Class com.google.common.collect.RegularImmutableList                                  : loaded 2 times (x 213B)
Class org.gradle.internal.classloader.ClasspathUtil                                   : loaded 2 times (x 71B)
Class com.google.common.util.concurrent.Uninterruptibles                              : loaded 2 times (x 71B)
Class com.google.common.util.concurrent.LazyLogger                                    : loaded 2 times (x 72B)
Class com.google.common.collect.Maps                                                  : loaded 2 times (x 71B)
Class org.gradle.api.specs.Spec                                                       : loaded 2 times (x 70B)
Class com.google.common.collect.MapMaker                                              : loaded 2 times (x 72B)
Class org.apache.commons.io.file.PathFilter                                           : loaded 2 times (x 70B)
Class [Lcom.google.common.collect.ImmutableEntry;                                     : loaded 2 times (x 69B)
Class ijKotlinCoroutineJvmDebugInit1_1mmaeqeq6pesofomjq0eqj1s9                        : loaded 2 times (x 179B)
Class com.google.common.cache.LocalCache$LoadingValueReference                        : loaded 2 times (x 96B)
Class com.google.common.collect.MapMakerInternalMap$StrongKeyDummyValueEntry          : loaded 2 times (x 82B)
Class com.google.common.io.LineReader$1                                               : loaded 2 times (x 75B)
Class com.google.common.collect.CollectSpliterators                                   : loaded 2 times (x 71B)
Class com.google.common.collect.AbstractMapBasedMultimap$AsMap                        : loaded 2 times (x 128B)
Class com.google.common.base.Platform                                                 : loaded 2 times (x 71B)
Class com.google.common.collect.AbstractMapBasedMultimap$WrappedList                  : loaded 2 times (x 205B)
Class [Lorg.objectweb.asm.AnnotationWriter;                                           : loaded 2 times (x 69B)
Class com.google.common.collect.Maps$8                                                : loaded 2 times (x 82B)
Class ijKotlinCoroutineJvmDebugInit1_1mmaeqeq6pesofomjq0eqj1s9$_run_closure1$_closure2: loaded 2 times (x 139B)
Class com.google.common.collect.ImmutableRangeSet$Builder                             : loaded 2 times (x 77B)
Class com.google.common.collect.Sets$SetView                                          : loaded 2 times (x 138B)
Class com.google.common.cache.LocalCache$StrongValueReference                         : loaded 2 times (x 90B)
Class ijJvmDebugger1_1hd7xic4c10wao9oph84r8fkv                                        : loaded 2 times (x 179B)
Class com.google.common.graph.SuccessorsFunction                                      : loaded 2 times (x 70B)
Class org.objectweb.asm.Type                                                          : loaded 2 times (x 72B)
Class org.gradle.internal.classloader.VisitableURLClassLoader$InstrumentingVisitableURLClassLoader: loaded 2 times (x 123B)
Class com.google.common.collect.MapMakerInternalMap$StrongKeyDummyValueEntry$Helper   : loaded 2 times (x 79B)
Class org.apache.commons.io.FileUtils                                                 : loaded 2 times (x 71B)
Class com.google.common.io.Files$FileByteSink                                         : loaded 2 times (x 77B)
Class org.objectweb.asm.ByteVector                                                    : loaded 2 times (x 79B)
Class [Lcom.google.common.cache.CacheBuilder$NullListener;                            : loaded 2 times (x 69B)
Class com.google.common.math.IntMath$1                                                : loaded 2 times (x 71B)
Class build_eza7a9j2c2vb3rxwipt3s2sn9$_run_closure1                                   : loaded 2 times (x 139B)
Class org.gradle.internal.classloader.VisitableURLClassLoader$Spec                    : loaded 2 times (x 74B)
Class org.gradle.internal.classpath.DefaultClassPath                                  : loaded 2 times (x 90B)
Class com.google.common.base.AbstractIterator                                         : loaded 2 times (x 80B)
Class org.objectweb.asm.Symbol                                                        : loaded 2 times (x 73B)
Class com.google.common.io.Closer                                                     : loaded 2 times (x 78B)
Class com.google.common.io.Java8Compatibility                                         : loaded 2 times (x 71B)
Class com.google.common.base.CharMatcher$BitSetMatcher                                : loaded 2 times (x 112B)
Class com.google.common.collect.RegularImmutableMap$Values                            : loaded 2 times (x 207B)
Class com.google.common.collect.ImmutableSet                                          : loaded 2 times (x 145B)
Class org.gradle.internal.classloader.ClassLoaderSpec                                 : loaded 2 times (x 71B)
Class org.objectweb.asm.AnnotationWriter                                              : loaded 2 times (x 79B)
Class com.google.common.cache.CacheStats                                              : loaded 2 times (x 71B)
Class com.google.common.collect.Interners                                             : loaded 2 times (x 71B)
Class com.google.common.io.Closer$Suppressor                                          : loaded 2 times (x 70B)
Class com.google.common.io.LineProcessor                                              : loaded 2 times (x 70B)
Class com.google.common.collect.ImmutableMultisetGwtSerializationDependencies         : loaded 2 times (x 125B)
Class org.objectweb.asm.RecordComponentWriter                                         : loaded 2 times (x 78B)
Class com.google.common.util.concurrent.AbstractFuture$Listener                       : loaded 2 times (x 72B)
Class com.google.common.base.CharMatcher$Or                                           : loaded 2 times (x 112B)
Class org.objectweb.asm.Attribute                                                     : loaded 2 times (x 77B)
Class com.google.common.base.Supplier                                                 : loaded 2 times (x 70B)
Class org.gradle.internal.classloader.VisitableURLClassLoader                         : loaded 2 times (x 117B)
Class com.google.common.collect.ImmutableList$SerializedForm                          : loaded 2 times (x 73B)
Class org.gradle.internal.Cast                                                        : loaded 2 times (x 71B)
Class org.gradle.api.Action                                                           : loaded 2 times (x 70B)
Class com.google.common.collect.MapMakerInternalMap                                   : loaded 2 times (x 161B)
Class com.google.common.base.Strings                                                  : loaded 2 times (x 71B)
Class com.google.common.collect.Sets                                                  : loaded 2 times (x 71B)
Class org.objectweb.asm.Handler                                                       : loaded 2 times (x 72B)
Class com.google.common.base.CharMatcher$FastMatcher                                  : loaded 2 times (x 111B)
Class com.google.common.base.Ticker                                                   : loaded 2 times (x 72B)
Class [Lcom.google.common.cache.LocalCache$Segment;                                   : loaded 2 times (x 69B)
Class com.google.common.base.Predicate                                                : loaded 2 times (x 70B)
Class [Lcom.google.common.cache.LocalCache$Strength;                                  : loaded 2 times (x 69B)
Class com.google.common.cache.CacheBuilder$1                                          : loaded 2 times (x 85B)
Class com.google.common.collect.ImmutableMap                                          : loaded 2 times (x 120B)
Class org.gradle.internal.classpath.DefaultClassPath$ImmutableUniqueList$Builder      : loaded 2 times (x 75B)
Class com.google.common.collect.AbstractRangeSet                                      : loaded 2 times (x 114B)
Class com.google.common.collect.MapMakerInternalMap$WeakValueReference                : loaded 2 times (x 70B)
Class com.google.common.base.CharMatcher$NegatedFastMatcher                           : loaded 2 times (x 113B)
Class com.google.common.cache.LocalCache                                              : loaded 2 times (x 187B)
Class com.google.common.cache.CacheBuilder$2                                          : loaded 2 times (x 79B)
Class com.google.common.collect.ArrayListMultimap                                     : loaded 2 times (x 172B)
Class com.google.common.cache.CacheBuilder$3                                          : loaded 2 times (x 72B)
Class [Lcom.google.common.collect.AbstractMapEntry;                                   : loaded 2 times (x 69B)
Class com.google.common.collect.ImmutableEntry                                        : loaded 2 times (x 82B)
Class org.gradle.api.GradleException                                                  : loaded 2 times (x 82B)
Class org.apache.commons.io.StandardLineSeparator                                     : loaded 2 times (x 79B)
Class com.google.common.base.Suppliers$MemoizingSupplier                              : loaded 2 times (x 79B)
Class com.google.common.collect.CollectPreconditions                                  : loaded 2 times (x 71B)
Class build_eza7a9j2c2vb3rxwipt3s2sn9                                                 : loaded 2 times (x 180B)
Class [Lcom.google.common.collect.MapMakerInternalMap$Strength;                       : loaded 2 times (x 69B)
Class [Lcom.google.common.io.FileWriteMode;                                           : loaded 2 times (x 69B)
Class com.google.common.collect.SortedMapDifference                                   : loaded 2 times (x 70B)
Class com.google.common.collect.MapMakerInternalMap$StrongKeyDummyValueSegment        : loaded 2 times (x 142B)
Class com.google.common.collect.Iterables$4                                           : loaded 2 times (x 81B)
Class com.google.common.io.Files                                                      : loaded 2 times (x 71B)
Class com.google.common.cache.LocalCache$EntryFactory                                 : loaded 2 times (x 83B)
Class ijJvmDebugger1_1hd7xic4c10wao9oph84r8fkv$_run_closure1$_closure2                : loaded 2 times (x 140B)
Class [Lcom.google.common.collect.MapMaker$Dummy;                                     : loaded 2 times (x 69B)
Class com.google.common.cache.LocalCache$AbstractReferenceEntry                       : loaded 2 times (x 107B)
Class org.gradle.internal.IoActions                                                   : loaded 2 times (x 71B)
Class com.google.common.collect.ImmutableMapKeySet                                    : loaded 2 times (x 152B)
Class com.google.common.collect.ImmutableRangeSet$ComplementRanges                    : loaded 2 times (x 207B)
Class org.objectweb.asm.SymbolTable                                                   : loaded 2 times (x 72B)
Class com.google.common.cache.CacheLoader$InvalidCacheLoadException                   : loaded 2 times (x 82B)
Class com.google.common.collect.ImmutableSet$RegularSetBuilderImpl                    : loaded 2 times (x 77B)
Class org.gradle.internal.classloader.SystemClassLoaderSpec                           : loaded 2 times (x 71B)
Class com.google.common.collect.FluentIterable                                        : loaded 2 times (x 81B)
Class com.google.common.cache.LocalCache$StrongEntry                                  : loaded 2 times (x 108B)
Class com.google.common.util.concurrent.AbstractFuture$TrustedFuture                  : loaded 2 times (x 114B)
Class com.google.common.cache.LoadingCache                                            : loaded 2 times (x 70B)
Class com.google.common.base.Suppliers$NonSerializableMemoizingSupplier               : loaded 2 times (x 79B)
Class org.objectweb.asm.MethodWriter                                                  : loaded 2 times (x 106B)
Class [Lcom.google.common.cache.Weigher;                                              : loaded 2 times (x 69B)
Class com.google.common.collect.RegularImmutableMap$BucketOverflowException           : loaded 2 times (x 82B)
Class com.google.common.collect.ImmutableMultimap$1                                   : loaded 2 times (x 82B)
Class com.google.common.collect.AbstractMapBasedMultimap$RandomAccessWrappedList      : loaded 2 times (x 205B)
Class com.google.common.collect.AbstractIterator$State                                : loaded 2 times (x 79B)
Class com.google.common.collect.ImmutableMultimap$2                                   : loaded 2 times (x 81B)
Class com.google.common.base.CharMatcher$Negated                                      : loaded 2 times (x 113B)
Class com.google.common.base.CharMatcher$Is                                           : loaded 2 times (x 111B)
Class com.google.common.cache.LocalCache$ValueReference                               : loaded 2 times (x 70B)
Class com.google.common.collect.RegularImmutableBiMap                                 : loaded 2 times (x 149B)
Class com.google.common.base.PatternCompiler                                          : loaded 2 times (x 70B)
Class com.google.common.util.concurrent.AbstractFuture$Failure                        : loaded 2 times (x 72B)
Class com.google.common.base.Equivalence$Equals                                       : loaded 2 times (x 82B)
Class com.google.common.collect.Hashing                                               : loaded 2 times (x 71B)
Class com.google.common.base.Preconditions                                            : loaded 2 times (x 71B)
Class [Lorg.apache.commons.io.file.DeleteOption;                                      : loaded 2 times (x 69B)
Class com.google.common.io.CharSink                                                   : loaded 2 times (x 79B)
Class com.google.common.base.Joiner$1                                                 : loaded 2 times (x 80B)
Class org.objectweb.asm.Label                                                         : loaded 2 times (x 73B)
Class org.objectweb.asm.CurrentFrame                                                  : loaded 2 times (x 73B)
Class org.objectweb.asm.ClassTooLargeException                                        : loaded 2 times (x 83B)
Class com.google.common.base.CharMatcher                                              : loaded 2 times (x 111B)
Class com.google.common.collect.PeekingIterator                                       : loaded 2 times (x 70B)
Class com.google.common.collect.RangeGwtSerializationDependencies                     : loaded 2 times (x 71B)
Class com.google.common.collect.Table                                                 : loaded 2 times (x 70B)
Class com.google.common.collect.MapMakerInternalMap$InternalEntryHelper               : loaded 2 times (x 70B)
Class com.google.common.collect.Maps$IteratorBasedAbstractMap                         : loaded 2 times (x 125B)
Class com.google.common.base.Joiner$2                                                 : loaded 2 times (x 79B)
Class org.objectweb.asm.Frame                                                         : loaded 2 times (x 73B)
Class org.objectweb.asm.MethodVisitor                                                 : loaded 2 times (x 105B)
Class com.google.common.base.CharMatcher$NamedFastMatcher                             : loaded 2 times (x 112B)
Class com.google.common.base.CharMatcher$1                                            : loaded 2 times (x 113B)
Class com.google.common.cache.LocalCache$EntryFactory$1                               : loaded 2 times (x 83B)
Class [Lcom.google.common.cache.RemovalListener;                                      : loaded 2 times (x 69B)
Class com.google.common.collect.RangeSet                                              : loaded 2 times (x 70B)
Class com.google.common.cache.LocalCache$EntryFactory$2                               : loaded 2 times (x 83B)
Class org.gradle.api.internal.classpath.GlobalCacheRootsProvider                      : loaded 2 times (x 70B)
Class com.google.common.collect.CollectCollectors                                     : loaded 2 times (x 71B)
Class org.objectweb.asm.ModuleWriter                                                  : loaded 2 times (x 82B)
Class com.google.common.cache.LocalCache$EntryFactory$3                               : loaded 2 times (x 83B)
Class com.google.common.base.Ticker$1                                                 : loaded 2 times (x 72B)
Class com.google.common.collect.Maps$BiMapConverter                                   : loaded 2 times (x 90B)
Class com.google.common.collect.ImmutableMapEntrySet$RegularEntrySet                  : loaded 2 times (x 152B)
Class com.google.common.collect.CollectSpliterators$1                                 : loaded 2 times (x 90B)
Class com.google.common.base.CharMatcher$InRange                                      : loaded 2 times (x 111B)
Class com.google.common.cache.LocalCache$EntryFactory$4                               : loaded 2 times (x 83B)
Class com.google.common.collect.ImmutableSet$Builder                                  : loaded 2 times (x 85B)
Class com.google.common.cache.LocalCache$EntryFactory$5                               : loaded 2 times (x 83B)
Class org.apache.commons.io.output.AppendableWriter                                   : loaded 2 times (x 100B)
Class com.google.common.cache.LocalCache$EntryFactory$6                               : loaded 2 times (x 83B)
Class org.gradle.internal.installation.CurrentGradleInstallationLocator               : loaded 2 times (x 71B)
Class org.apache.commons.io.output.ThresholdingOutputStream                           : loaded 2 times (x 95B)
Class com.google.common.collect.ImmutableMultimap$Builder                             : loaded 2 times (x 86B)
Class com.google.common.collect.Maps$KeySet                                           : loaded 2 times (x 137B)
Class com.google.common.cache.LocalCache$EntryFactory$7                               : loaded 2 times (x 83B)
Class com.google.common.collect.ImmutableSet$EmptySetBuilderImpl                      : loaded 2 times (x 76B)
Class com.google.common.collect.ImmutableList                                         : loaded 2 times (x 206B)
Class org.gradle.internal.service.DefaultServiceLocator                               : loaded 2 times (x 83B)
Class com.google.common.cache.LocalCache$SoftValueReference                           : loaded 2 times (x 97B)
Class com.google.common.collect.ImmutableMultimap$EntryCollection                     : loaded 2 times (x 128B)
Class com.google.common.collect.Maps$EntrySet                                         : loaded 2 times (x 136B)
Class com.google.common.cache.LocalCache$EntryFactory$8                               : loaded 2 times (x 83B)
Class com.google.common.collect.ImmutableSet$SetBuilderImpl                           : loaded 2 times (x 76B)
Class org.gradle.internal.installation.CurrentGradleInstallation                      : loaded 2 times (x 73B)
Class com.google.common.cache.CacheLoader$1                                           : loaded 2 times (x 75B)
Class com.google.common.collect.ForwardingObject                                      : loaded 2 times (x 72B)
Class com.google.common.collect.ImmutableList$SubList                                 : loaded 2 times (x 209B)
Class org.gradle.util.internal.GUtil                                                  : loaded 2 times (x 71B)
Class com.google.common.io.ByteSource                                                 : loaded 2 times (x 84B)
Class com.google.common.cache.AbstractCache$StatsCounter                              : loaded 2 times (x 70B)
Class build_eza7a9j2c2vb3rxwipt3s2sn9$_run_closure1$_closure3                         : loaded 2 times (x 139B)
Class ijJvmDebugger1_1hd7xic4c10wao9oph84r8fkv$_run_closure1                          : loaded 2 times (x 139B)
Class com.google.common.collect.MapMakerInternalMap$1                                 : loaded 2 times (x 83B)
Class com.google.common.io.LineBuffer                                                 : loaded 2 times (x 75B)
Class com.google.common.collect.Iterators$MergingIterator                             : loaded 2 times (x 81B)
Class com.google.common.collect.RegularImmutableSet                                   : loaded 2 times (x 149B)
Class org.gradle.internal.installation.GradleInstallation                             : loaded 2 times (x 75B)
Class com.google.common.base.Splitter$Strategy                                        : loaded 2 times (x 70B)
Class com.google.common.collect.Iterables                                             : loaded 2 times (x 71B)

---------------  S Y S T E M  ---------------

OS:
 Windows 11 , 64 bit Build 26100 (10.0.26100.7705)
OS uptime: 0 days 14:43 hours
Hyper-V role detected

CPU: total 8 (initial active 8) (8 cores per cpu, 2 threads per core) family 23 model 24 stepping 1 microcode 0x8108109, cx8, cmov, fxsr, ht, mmx, 3dnowpref, sse, sse2, sse3, ssse3, sse4a, sse4.1, sse4.2, popcnt, lzcnt, tsc, tscinvbit, avx, avx2, aes, clmul, bmi1, bmi2, adx, sha, fma, vzeroupper, clflush, clflushopt, hv, rdtscp, f16c
Processor Information for the first 8 processors :
  Max Mhz: 2100, Current Mhz: 2100, Mhz Limit: 2100

Memory: 4k page, system-wide physical 7103M (393M free)
TotalPageFile size 15103M (AvailPageFile size 108M)
current process WorkingSet (physical memory assigned to process): 827M, peak: 827M
current process commit charge ("private bytes"): 1117M, peak: 1334M

vm_info: OpenJDK 64-Bit Server VM (21.0.10+-14961533-b1163.108) for windows-amd64 JRE (21.0.10+-14961533-b1163.108), built on 2026-03-02T19:58:50Z by "builder" with MS VC++ 16.10 / 16.11 (VS2019)

END.
