#
# There is insufficient memory for the Java Runtime Environment to continue.
# Native memory allocation (mmap) failed to map 483393536 bytes for G1 virtual space
# Possible reasons:
#   The system is out of physical RAM or swap space
#   The process is running with CompressedOops enabled, and the Java Heap may be blocking the growth of the native heap
# Possible solutions:
#   Reduce memory load on the system
#   Increase physical memory or swap space
#   Check if swap backing store is full
#   Decrease Java heap size (-Xmx/-Xms)
#   Decrease number of Java threads
#   Decrease Java thread stack sizes (-Xss)
#   Set larger code cache with -XX:ReservedCodeCacheSize=
#   JVM is running with Unscaled Compressed Oops mode in which the Java heap is
#     placed in the first 4GB address space. The Java Heap base address is the
#     maximum limit for the native heap growth. Please use -XX:HeapBaseMinAddress
#     to set the Java Heap base and to place the Java Heap above 4GB virtual address.
# This output file may be truncated or incomplete.
#
#  Out of Memory Error (os_windows.cpp:3528), pid=13092, tid=13616
#
# JRE version: Java(TM) SE Runtime Environment (20.0.1+9) (build 20.0.1+9-29)
# Java VM: Java HotSpot(TM) 64-Bit Server VM (20.0.1+9-29, mixed mode, sharing, tiered, compressed oops, compressed class ptrs, g1 gc, windows-amd64)
# No core dump will be written. Minidumps are not enabled by default on client versions of Windows
#

---------------  S U M M A R Y ------------

Command Line: --add-opens=java.base/java.lang=ALL-UNNAMED --add-opens=java.base/java.lang.invoke=ALL-UNNAMED --add-opens=java.base/java.util=ALL-UNNAMED --add-opens=java.prefs/java.util.prefs=ALL-UNNAMED --add-exports=jdk.compiler/com.sun.tools.javac.api=ALL-UNNAMED --add-exports=jdk.compiler/com.sun.tools.javac.util=ALL-UNNAMED --add-opens=java.base/java.util=ALL-UNNAMED --add-opens=java.prefs/java.util.prefs=ALL-UNNAMED --add-opens=java.base/java.nio.charset=ALL-UNNAMED --add-opens=java.base/java.net=ALL-UNNAMED --add-opens=java.base/java.util.concurrent.atomic=ALL-UNNAMED --add-opens=java.xml/javax.xml.namespace=ALL-UNNAMED -Xmx2048m -Dfile.encoding=UTF-8 -Duser.country=GB -Duser.language=en -Duser.variant -javaagent:C:\Users\admin\.gradle\wrapper\dists\gradle-8.14.4-bin\92wwslzcyst3phie3o264zltu\gradle-8.14.4\lib\agents\gradle-instrumentation-agent-8.14.4.jar org.gradle.launcher.daemon.bootstrap.GradleDaemon 8.14.4

Host: AMD Ryzen 5 3500U with Radeon Vega Mobile Gfx  , 8 cores, 6G,  Windows 11 , 64 bit Build 26100 (10.0.26100.7705)
Time: Thu May 28 08:44:54 2026 South Africa Standard Time elapsed time: 121.293065 seconds (0d 0h 2m 1s)

---------------  T H R E A D  ---------------

Current thread (0x00000151f316d630):  VMThread "VM Thread" [stack: 0x0000004829200000,0x0000004829300000] [id=13616]

Stack: [0x0000004829200000,0x0000004829300000]
Native frames: (J=compiled Java code, j=interpreted, Vv=VM code, C=native code)
V  [jvm.dll+0x6bb95a]
V  [jvm.dll+0x8485fa]
V  [jvm.dll+0x84a1f5]
V  [jvm.dll+0x84a8f3]
V  [jvm.dll+0x280b0f]
V  [jvm.dll+0x6b86e9]
V  [jvm.dll+0x6ad2da]
V  [jvm.dll+0x35adf5]
V  [jvm.dll+0x363016]
V  [jvm.dll+0x3b3b3e]
V  [jvm.dll+0x3b3dc5]
V  [jvm.dll+0x32b50a]
V  [jvm.dll+0x32b5b7]
V  [jvm.dll+0x373942]
V  [jvm.dll+0x372140]
V  [jvm.dll+0x32ac51]
V  [jvm.dll+0x371836]
V  [jvm.dll+0x85023e]
V  [jvm.dll+0x851351]
V  [jvm.dll+0x851859]
V  [jvm.dll+0x851ad3]
V  [jvm.dll+0x7f4b56]
V  [jvm.dll+0x6ba5cb]
C  [ucrtbase.dll+0x37b0]
C  [KERNEL32.DLL+0x2e8d7]
C  [ntdll.dll+0x8c40c]

VM_Operation (0x00000048324fc410): G1CollectForAllocation, mode: safepoint, requested by thread 0x00000151fe2df980


---------------  P R O C E S S  ---------------

Threads class SMR info:
_java_thread_list=0x00000151fd9b35a0, length=138, elements={
0x00000151d49e8eb0, 0x00000151f31906a0, 0x00000151f3191ef0, 0x00000151f3195650,
0x00000151f31961f0, 0x00000151f3197ed0, 0x00000151f3198ca0, 0x00000151f319b330,
0x00000151f319e3e0, 0x00000151f3159ef0, 0x00000151f7664640, 0x00000151f83b3520,
0x00000151f752f260, 0x00000151f7aeefb0, 0x00000151f7aec890, 0x00000151f7856470,
0x00000151f7859440, 0x00000151f7857f00, 0x00000151f7858450, 0x00000151f78569c0,
0x00000151f7856f10, 0x00000151f7858ef0, 0x00000151f7855f20, 0x00000151f7857460,
0x00000151f7706050, 0x00000151f7707040, 0x00000151f7707ae0, 0x00000151f7705b00,
0x00000151f7706af0, 0x00000151f7708030, 0x00000151f7708580, 0x00000151fb1aead0,
0x00000151fb1ac050, 0x00000151fb1ab060, 0x00000151fb1af020, 0x00000151fb1acaf0,
0x00000151fb1ae580, 0x00000151fb1ae030, 0x00000151fb1ab5b0, 0x00000151fb1af570,
0x00000151fb1ad590, 0x00000151fb1ac5a0, 0x00000151fb1b1aa0, 0x00000151fb1b1ff0,
0x00000151fb1b2540, 0x00000151fb1b1550, 0x00000151fb1b0560, 0x00000151fb1b2a90,
0x00000151fb1afac0, 0x00000151fb1b0010, 0x00000151fb1b0ab0, 0x00000151fb1b1000,
0x00000151fc12bc90, 0x00000151fc12c730, 0x00000151fc12dc70, 0x00000151fc12f1b0,
0x00000151fc12ec60, 0x00000151fc12f700, 0x00000151fc12cc80, 0x00000151fc12fc50,
0x00000151fc12c1e0, 0x00000151fc1316e0, 0x00000151fc131190, 0x00000151fc131c30,
0x00000151fc133170, 0x00000151fc1326d0, 0x00000151fccd6700, 0x00000151fccd8190,
0x00000151fccd9180, 0x00000151fccd61b0, 0x00000151fccdbc00, 0x00000151fccdac10,
0x00000151fccdcbf0, 0x00000151fccdc150, 0x00000151fccdd140, 0x00000151fccd96d0,
0x00000151fccdd690, 0x00000151fccddbe0, 0x00000151fccdb160, 0x00000151fccdb6b0,
0x00000151f78589a0, 0x00000151fd9cbcf0, 0x00000151fd9cb7a0, 0x00000151fd9cc240,
0x00000151fd9cad00, 0x00000151fd9cb250, 0x00000151fd9cc790, 0x00000151fd9ccce0,
0x00000151fd9cd230, 0x00000151fd9c97c0, 0x00000151fd9cd780, 0x00000151fd9ca260,
0x00000151fd9c9d10, 0x00000151fd9cdcd0, 0x00000151fd9ce220, 0x00000151fd9ca7b0,
0x00000151fd9ce770, 0x00000151fd9d0ca0, 0x00000151fd9cfcb0, 0x00000151fd9cf760,
0x00000151fd9cecc0, 0x00000151fd9d11f0, 0x00000151fd9cf210, 0x00000151fd9d0200,
0x00000151fd9d0750, 0x00000151fb0cda40, 0x00000151fb0d04c0, 0x00000151fb0cca50,
0x00000151fb0cfa20, 0x00000151fb0cdf90, 0x00000151fb0ce4e0, 0x00000151fb0cea30,
0x00000151fb0cff70, 0x00000151fb0cef80, 0x00000151fb0cf4d0, 0x00000151fb0d0a10,
0x00000151fb0ccfa0, 0x00000151fb0d0f60, 0x00000151fb0cd4f0, 0x00000151fb0d14b0,
0x00000151fb0d1a00, 0x00000151fb0d39e0, 0x00000151fb0d4480, 0x00000151fb0d3f30,
0x00000151fb0d1f50, 0x00000151fb0d24a0, 0x00000151fb0d29f0, 0x00000151fb0d2f40,
0x00000151fb0d3490, 0x00000151fe2d99e0, 0x00000151fe2d9f30, 0x00000151fe2d8f40,
0x00000151fe2daf20, 0x00000151fe2dbf10, 0x00000151fe2da9d0, 0x00000151fe2de990,
0x00000151fe2df980, 0x00000151faeb93d0
}

Java Threads: ( => current thread )
  0x00000151d49e8eb0 JavaThread "main" [_thread_blocked, id=20760, stack(0x0000004828c00000,0x0000004828d00000)]
  0x00000151f31906a0 JavaThread "Reference Handler" daemon [_thread_blocked, id=9816, stack(0x0000004829300000,0x0000004829400000)]
  0x00000151f3191ef0 JavaThread "Finalizer" daemon [_thread_blocked, id=23032, stack(0x0000004829400000,0x0000004829500000)]
  0x00000151f3195650 JavaThread "Signal Dispatcher" daemon [_thread_blocked, id=23692, stack(0x0000004829500000,0x0000004829600000)]
  0x00000151f31961f0 JavaThread "Attach Listener" daemon [_thread_blocked, id=1912, stack(0x0000004829600000,0x0000004829700000)]
  0x00000151f3197ed0 JavaThread "Service Thread" daemon [_thread_blocked, id=18696, stack(0x0000004829700000,0x0000004829800000)]
  0x00000151f3198ca0 JavaThread "Monitor Deflation Thread" daemon [_thread_blocked, id=16216, stack(0x0000004829800000,0x0000004829900000)]
  0x00000151f319b330 JavaThread "C2 CompilerThread0" daemon [_thread_blocked, id=17860, stack(0x0000004829900000,0x0000004829a00000)]
  0x00000151f319e3e0 JavaThread "C1 CompilerThread0" daemon [_thread_blocked, id=22388, stack(0x0000004829a00000,0x0000004829b00000)]
  0x00000151f3159ef0 JavaThread "Common-Cleaner" daemon [_thread_blocked, id=19340, stack(0x0000004829b00000,0x0000004829c00000)]
  0x00000151f7664640 JavaThread "Notification Thread" daemon [_thread_blocked, id=1572, stack(0x0000004829c00000,0x0000004829d00000)]
  0x00000151f83b3520 JavaThread "Daemon health stats" [_thread_blocked, id=18284, stack(0x000000482a300000,0x000000482a400000)]
  0x00000151f752f260 JavaThread "Incoming local TCP Connector on port 23188" [_thread_in_native, id=22516, stack(0x000000482a400000,0x000000482a500000)]
  0x00000151f7aeefb0 JavaThread "Daemon periodic checks" [_thread_blocked, id=19852, stack(0x000000482a500000,0x000000482a600000)]
  0x00000151f7aec890 JavaThread "Daemon" [_thread_blocked, id=15008, stack(0x000000482a600000,0x000000482a700000)]
  0x00000151f7856470 JavaThread "Handler for socket connection from /127.0.0.1:23188 to /127.0.0.1:23189" [_thread_in_native, id=19092, stack(0x000000482a700000,0x000000482a800000)]
  0x00000151f7859440 JavaThread "Cancel handler" [_thread_blocked, id=9320, stack(0x000000482a800000,0x000000482a900000)]
  0x00000151f7857f00 JavaThread "Daemon worker" [_thread_blocked, id=4820, stack(0x000000482a900000,0x000000482aa00000)]
  0x00000151f7858450 JavaThread "Asynchronous log dispatcher for DefaultDaemonConnection: socket connection from /127.0.0.1:23188 to /127.0.0.1:23189" [_thread_blocked, id=23104, stack(0x000000482aa00000,0x000000482ab00000)]
  0x00000151f78569c0 JavaThread "Stdin handler" [_thread_blocked, id=20904, stack(0x000000482ab00000,0x000000482ac00000)]
  0x00000151f7856f10 JavaThread "Daemon client event forwarder" [_thread_blocked, id=13704, stack(0x000000482ac00000,0x000000482ad00000)]
  0x00000151f7858ef0 JavaThread "Cache worker for journal cache (C:\Users\admin\.gradle\caches\journal-1)" [_thread_blocked, id=18644, stack(0x000000482ad00000,0x000000482ae00000)]
  0x00000151f7855f20 JavaThread "File lock request listener" [_thread_in_native, id=2640, stack(0x000000482ae00000,0x000000482af00000)]
  0x00000151f7857460 JavaThread "Cache worker for file hash cache (C:\Users\admin\.gradle\caches\8.14.4\fileHashes)" [_thread_blocked, id=4456, stack(0x000000482af00000,0x000000482b000000)]
  0x00000151f7706050 JavaThread "Cache worker for file hash cache (C:\Users\admin\Desktop\ORGANISED\Git\android\.gradle\8.14.4\fileHashes)" [_thread_blocked, id=20164, stack(0x000000482b400000,0x000000482b500000)]
  0x00000151f7707040 JavaThread "Cache worker for Build Output Cleanup Cache (C:\Users\admin\Desktop\ORGANISED\Git\android\.gradle\buildOutputCleanup)" [_thread_blocked, id=2980, stack(0x000000482b500000,0x000000482b600000)]
  0x00000151f7707ae0 JavaThread "File watcher server" daemon [_thread_blocked, id=3860, stack(0x000000482b600000,0x000000482b700000)]
  0x00000151f7705b00 JavaThread "File watcher consumer" daemon [_thread_blocked, id=12820, stack(0x000000482b300000,0x000000482b400000)]
  0x00000151f7706af0 JavaThread "jar transforms" [_thread_blocked, id=1036, stack(0x0000004828a00000,0x0000004828b00000)]
  0x00000151f7708030 JavaThread "Cache worker for checksums cache (C:\Users\admin\Desktop\ORGANISED\Git\android\.gradle\8.14.4\checksums)" [_thread_blocked, id=14904, stack(0x000000482b800000,0x000000482b900000)]
  0x00000151f7708580 JavaThread "Cache worker for file content cache (C:\Users\admin\.gradle\caches\8.14.4\fileContent)" [_thread_blocked, id=4048, stack(0x000000482b900000,0x000000482ba00000)]
  0x00000151fb1aead0 JavaThread "Cache worker for cache directory md-supplier (C:\Users\admin\.gradle\caches\8.14.4\md-supplier)" [_thread_blocked, id=11388, stack(0x000000482ba00000,0x000000482bb00000)]
  0x00000151fb1ac050 JavaThread "Cache worker for cache directory md-rule (C:\Users\admin\.gradle\caches\8.14.4\md-rule)" [_thread_blocked, id=6868, stack(0x000000482bb00000,0x000000482bc00000)]
  0x00000151fb1ab060 JavaThread "Unconstrained build operations" [_thread_blocked, id=12988, stack(0x000000482b700000,0x000000482b800000)]
  0x00000151fb1af020 JavaThread "Unconstrained build operations Thread 2" [_thread_blocked, id=4180, stack(0x000000482be00000,0x000000482bf00000)]
  0x00000151fb1acaf0 JavaThread "Unconstrained build operations Thread 3" [_thread_blocked, id=7020, stack(0x000000482bf00000,0x000000482c000000)]
  0x00000151fb1ae580 JavaThread "Unconstrained build operations Thread 4" [_thread_blocked, id=3536, stack(0x000000482c000000,0x000000482c100000)]
  0x00000151fb1ae030 JavaThread "Unconstrained build operations Thread 5" [_thread_blocked, id=21000, stack(0x000000482c100000,0x000000482c200000)]
  0x00000151fb1ab5b0 JavaThread "Unconstrained build operations Thread 6" [_thread_blocked, id=23036, stack(0x000000482c200000,0x000000482c300000)]
  0x00000151fb1af570 JavaThread "jar transforms Thread 2" [_thread_blocked, id=20708, stack(0x000000482c300000,0x000000482c400000)]
  0x00000151fb1ad590 JavaThread "jar transforms Thread 3" [_thread_blocked, id=21952, stack(0x000000482c500000,0x000000482c600000)]
  0x00000151fb1ac5a0 JavaThread "Unconstrained build operations Thread 7" [_thread_blocked, id=22532, stack(0x000000482c400000,0x000000482c500000)]
  0x00000151fb1b1aa0 JavaThread "Unconstrained build operations Thread 8" [_thread_blocked, id=19916, stack(0x000000482c600000,0x000000482c700000)]
  0x00000151fb1b1ff0 JavaThread "Unconstrained build operations Thread 9" [_thread_blocked, id=19856, stack(0x000000482c700000,0x000000482c800000)]
  0x00000151fb1b2540 JavaThread "Unconstrained build operations Thread 10" [_thread_blocked, id=10816, stack(0x000000482c800000,0x000000482c900000)]
  0x00000151fb1b1550 JavaThread "Unconstrained build operations Thread 11" [_thread_blocked, id=8564, stack(0x000000482c900000,0x000000482ca00000)]
  0x00000151fb1b0560 JavaThread "Unconstrained build operations Thread 12" [_thread_blocked, id=10344, stack(0x000000482ca00000,0x000000482cb00000)]
  0x00000151fb1b2a90 JavaThread "Unconstrained build operations Thread 13" [_thread_blocked, id=820, stack(0x000000482cb00000,0x000000482cc00000)]
  0x00000151fb1afac0 JavaThread "Unconstrained build operations Thread 14" [_thread_blocked, id=23232, stack(0x000000482cc00000,0x000000482cd00000)]
  0x00000151fb1b0010 JavaThread "Unconstrained build operations Thread 15" [_thread_blocked, id=14812, stack(0x000000482cd00000,0x000000482ce00000)]
  0x00000151fb1b0ab0 JavaThread "Unconstrained build operations Thread 16" [_thread_blocked, id=21152, stack(0x000000482ce00000,0x000000482cf00000)]
  0x00000151fb1b1000 JavaThread "Unconstrained build operations Thread 17" [_thread_blocked, id=22796, stack(0x000000482cf00000,0x000000482d000000)]
  0x00000151fc12bc90 JavaThread "Unconstrained build operations Thread 18" [_thread_blocked, id=20572, stack(0x000000482d000000,0x000000482d100000)]
  0x00000151fc12c730 JavaThread "Unconstrained build operations Thread 19" [_thread_blocked, id=8404, stack(0x000000482d100000,0x000000482d200000)]
  0x00000151fc12dc70 JavaThread "Unconstrained build operations Thread 20" [_thread_blocked, id=12052, stack(0x000000482d200000,0x000000482d300000)]
  0x00000151fc12f1b0 JavaThread "Unconstrained build operations Thread 21" [_thread_blocked, id=20736, stack(0x000000482d400000,0x000000482d500000)]
  0x00000151fc12ec60 JavaThread "Unconstrained build operations Thread 22" [_thread_blocked, id=12980, stack(0x000000482d500000,0x000000482d600000)]
  0x00000151fc12f700 JavaThread "Unconstrained build operations Thread 23" [_thread_blocked, id=5040, stack(0x000000482d600000,0x000000482d700000)]
  0x00000151fc12cc80 JavaThread "Unconstrained build operations Thread 24" [_thread_blocked, id=23208, stack(0x000000482d700000,0x000000482d800000)]
  0x00000151fc12fc50 JavaThread "Unconstrained build operations Thread 25" [_thread_blocked, id=24372, stack(0x000000482d800000,0x000000482d900000)]
  0x00000151fc12c1e0 JavaThread "Unconstrained build operations Thread 26" [_thread_blocked, id=20332, stack(0x000000482d900000,0x000000482da00000)]
  0x00000151fc1316e0 JavaThread "Unconstrained build operations Thread 27" [_thread_blocked, id=6456, stack(0x000000482da00000,0x000000482db00000)]
  0x00000151fc131190 JavaThread "jar transforms Thread 4" [_thread_blocked, id=18672, stack(0x000000482d300000,0x000000482d400000)]
  0x00000151fc131c30 JavaThread "Problems report writer" [_thread_blocked, id=15364, stack(0x000000482db00000,0x000000482dc00000)]
  0x00000151fc133170 JavaThread "jar transforms Thread 5" [_thread_blocked, id=10692, stack(0x000000482dd00000,0x000000482de00000)]
  0x00000151fc1326d0 JavaThread "Memory manager" [_thread_blocked, id=5044, stack(0x0000004828b00000,0x0000004828c00000)]
  0x00000151fccd6700 JavaThread "build event listener" [_thread_blocked, id=23008, stack(0x0000004828900000,0x0000004828a00000)]
  0x00000151fccd8190 JavaThread "jar transforms Thread 6" [_thread_blocked, id=22076, stack(0x000000482de00000,0x000000482df00000)]
  0x00000151fccd9180 JavaThread "jar transforms Thread 7" [_thread_blocked, id=18888, stack(0x000000482df00000,0x000000482e000000)]
  0x00000151fccd61b0 JavaThread "jar transforms Thread 8" [_thread_blocked, id=23860, stack(0x000000482e000000,0x000000482e100000)]
  0x00000151fccdbc00 JavaThread "pool-3-thread-1" [_thread_blocked, id=7952, stack(0x000000482e100000,0x000000482e200000)]
  0x00000151fccdac10 JavaThread "build event listener" [_thread_blocked, id=23416, stack(0x000000482e200000,0x000000482e300000)]
  0x00000151fccdcbf0 JavaThread "included builds" [_thread_blocked, id=22712, stack(0x000000482e300000,0x000000482e400000)]
  0x00000151fccdc150 JavaThread "Execution worker" [_thread_blocked, id=19000, stack(0x000000482e400000,0x000000482e500000)]
  0x00000151fccdd140 JavaThread "Execution worker Thread 2" [_thread_blocked, id=17580, stack(0x000000482e500000,0x000000482e600000)]
  0x00000151fccd96d0 JavaThread "Execution worker Thread 3" [_thread_blocked, id=21372, stack(0x000000482e600000,0x000000482e700000)]
  0x00000151fccdd690 JavaThread "Execution worker Thread 4" [_thread_blocked, id=10644, stack(0x000000482e700000,0x000000482e800000)]
  0x00000151fccddbe0 JavaThread "Execution worker Thread 5" [_thread_blocked, id=11600, stack(0x000000482e800000,0x000000482e900000)]
  0x00000151fccdb160 JavaThread "Execution worker Thread 6" [_thread_blocked, id=5920, stack(0x000000482e900000,0x000000482ea00000)]
  0x00000151fccdb6b0 JavaThread "Execution worker Thread 7" [_thread_blocked, id=1360, stack(0x000000482ea00000,0x000000482eb00000)]
  0x00000151f78589a0 JavaThread "Cache worker for execution history cache (C:\Users\admin\Desktop\ORGANISED\Git\android\.gradle\8.14.4\executionHistory)" [_thread_blocked, id=19872, stack(0x000000482dc00000,0x000000482dd00000)]
  0x00000151fd9cbcf0 JavaThread "Unconstrained build operations Thread 28" [_thread_blocked, id=20840, stack(0x000000482ec00000,0x000000482ed00000)]
  0x00000151fd9cb7a0 JavaThread "Unconstrained build operations Thread 29" [_thread_blocked, id=20932, stack(0x000000482ed00000,0x000000482ee00000)]
  0x00000151fd9cc240 JavaThread "Unconstrained build operations Thread 30" [_thread_blocked, id=24516, stack(0x000000482ee00000,0x000000482ef00000)]
  0x00000151fd9cad00 JavaThread "Unconstrained build operations Thread 31" [_thread_blocked, id=16992, stack(0x000000482ef00000,0x000000482f000000)]
  0x00000151fd9cb250 JavaThread "Unconstrained build operations Thread 32" [_thread_blocked, id=20012, stack(0x000000482f000000,0x000000482f100000)]
  0x00000151fd9cc790 JavaThread "Unconstrained build operations Thread 33" [_thread_blocked, id=4148, stack(0x000000482f100000,0x000000482f200000)]
  0x00000151fd9ccce0 JavaThread "Unconstrained build operations Thread 34" [_thread_blocked, id=15304, stack(0x000000482f200000,0x000000482f300000)]
  0x00000151fd9cd230 JavaThread "Unconstrained build operations Thread 35" [_thread_blocked, id=21920, stack(0x000000482f300000,0x000000482f400000)]
  0x00000151fd9c97c0 JavaThread "Unconstrained build operations Thread 36" [_thread_blocked, id=6716, stack(0x000000482f400000,0x000000482f500000)]
  0x00000151fd9cd780 JavaThread "Unconstrained build operations Thread 37" [_thread_blocked, id=18048, stack(0x000000482f500000,0x000000482f600000)]
  0x00000151fd9ca260 JavaThread "Unconstrained build operations Thread 38" [_thread_blocked, id=21716, stack(0x000000482f600000,0x000000482f700000)]
  0x00000151fd9c9d10 JavaThread "Unconstrained build operations Thread 39" [_thread_blocked, id=13496, stack(0x000000482f700000,0x000000482f800000)]
  0x00000151fd9cdcd0 JavaThread "Unconstrained build operations Thread 40" [_thread_blocked, id=16852, stack(0x000000482f800000,0x000000482f900000)]
  0x00000151fd9ce220 JavaThread "Unconstrained build operations Thread 41" [_thread_blocked, id=4900, stack(0x000000482f900000,0x000000482fa00000)]
  0x00000151fd9ca7b0 JavaThread "Unconstrained build operations Thread 42" [_thread_blocked, id=5060, stack(0x000000482fa00000,0x000000482fb00000)]
  0x00000151fd9ce770 JavaThread "Unconstrained build operations Thread 43" [_thread_blocked, id=23684, stack(0x000000482fb00000,0x000000482fc00000)]
  0x00000151fd9d0ca0 JavaThread "Unconstrained build operations Thread 44" [_thread_blocked, id=20808, stack(0x000000482fc00000,0x000000482fd00000)]
  0x00000151fd9cfcb0 JavaThread "Unconstrained build operations Thread 45" [_thread_blocked, id=2776, stack(0x000000482fd00000,0x000000482fe00000)]
  0x00000151fd9cf760 JavaThread "Unconstrained build operations Thread 46" [_thread_blocked, id=24084, stack(0x000000482fe00000,0x000000482ff00000)]
  0x00000151fd9cecc0 JavaThread "Unconstrained build operations Thread 47" [_thread_blocked, id=14584, stack(0x000000482ff00000,0x0000004830000000)]
  0x00000151fd9d11f0 JavaThread "Unconstrained build operations Thread 48" [_thread_blocked, id=22300, stack(0x0000004830000000,0x0000004830100000)]
  0x00000151fd9cf210 JavaThread "Unconstrained build operations Thread 49" [_thread_blocked, id=5212, stack(0x0000004830100000,0x0000004830200000)]
  0x00000151fd9d0200 JavaThread "Unconstrained build operations Thread 50" [_thread_blocked, id=19512, stack(0x0000004830200000,0x0000004830300000)]
  0x00000151fd9d0750 JavaThread "Unconstrained build operations Thread 51" [_thread_blocked, id=2404, stack(0x0000004830300000,0x0000004830400000)]
  0x00000151fb0cda40 JavaThread "Unconstrained build operations Thread 52" [_thread_blocked, id=21096, stack(0x0000004830400000,0x0000004830500000)]
  0x00000151fb0d04c0 JavaThread "Unconstrained build operations Thread 53" [_thread_blocked, id=6048, stack(0x0000004830500000,0x0000004830600000)]
  0x00000151fb0cca50 JavaThread "Unconstrained build operations Thread 54" [_thread_blocked, id=10996, stack(0x0000004830600000,0x0000004830700000)]
  0x00000151fb0cfa20 JavaThread "Unconstrained build operations Thread 55" [_thread_blocked, id=20476, stack(0x0000004830700000,0x0000004830800000)]
  0x00000151fb0cdf90 JavaThread "Unconstrained build operations Thread 56" [_thread_blocked, id=8792, stack(0x0000004830800000,0x0000004830900000)]
  0x00000151fb0ce4e0 JavaThread "Unconstrained build operations Thread 57" [_thread_blocked, id=19780, stack(0x0000004830900000,0x0000004830a00000)]
  0x00000151fb0cea30 JavaThread "Unconstrained build operations Thread 58" [_thread_blocked, id=6352, stack(0x0000004830a00000,0x0000004830b00000)]
  0x00000151fb0cff70 JavaThread "Unconstrained build operations Thread 59" [_thread_blocked, id=14696, stack(0x0000004830b00000,0x0000004830c00000)]
  0x00000151fb0cef80 JavaThread "Unconstrained build operations Thread 60" [_thread_blocked, id=23544, stack(0x0000004830c00000,0x0000004830d00000)]
  0x00000151fb0cf4d0 JavaThread "Unconstrained build operations Thread 61" [_thread_blocked, id=18744, stack(0x0000004830d00000,0x0000004830e00000)]
  0x00000151fb0d0a10 JavaThread "Unconstrained build operations Thread 62" [_thread_blocked, id=2240, stack(0x0000004830e00000,0x0000004830f00000)]
  0x00000151fb0ccfa0 JavaThread "Unconstrained build operations Thread 63" [_thread_blocked, id=20856, stack(0x0000004830f00000,0x0000004831000000)]
  0x00000151fb0d0f60 JavaThread "Unconstrained build operations Thread 64" [_thread_blocked, id=6128, stack(0x0000004831000000,0x0000004831100000)]
  0x00000151fb0cd4f0 JavaThread "Unconstrained build operations Thread 65" [_thread_blocked, id=16284, stack(0x0000004831100000,0x0000004831200000)]
  0x00000151fb0d14b0 JavaThread "Unconstrained build operations Thread 66" [_thread_blocked, id=16732, stack(0x0000004831200000,0x0000004831300000)]
  0x00000151fb0d1a00 JavaThread "Unconstrained build operations Thread 67" [_thread_blocked, id=22616, stack(0x0000004831300000,0x0000004831400000)]
  0x00000151fb0d39e0 JavaThread "Unconstrained build operations Thread 68" [_thread_blocked, id=10728, stack(0x0000004831400000,0x0000004831500000)]
  0x00000151fb0d4480 JavaThread "Unconstrained build operations Thread 69" [_thread_blocked, id=16260, stack(0x0000004831500000,0x0000004831600000)]
  0x00000151fb0d3f30 JavaThread "Unconstrained build operations Thread 70" [_thread_blocked, id=22876, stack(0x0000004831600000,0x0000004831700000)]
  0x00000151fb0d1f50 JavaThread "Unconstrained build operations Thread 71" [_thread_blocked, id=23020, stack(0x0000004831700000,0x0000004831800000)]
  0x00000151fb0d24a0 JavaThread "Unconstrained build operations Thread 72" [_thread_blocked, id=17000, stack(0x0000004831800000,0x0000004831900000)]
  0x00000151fb0d29f0 JavaThread "Unconstrained build operations Thread 73" [_thread_blocked, id=19524, stack(0x0000004831900000,0x0000004831a00000)]
  0x00000151fb0d2f40 JavaThread "Unconstrained build operations Thread 74" [_thread_blocked, id=548, stack(0x0000004831a00000,0x0000004831b00000)]
  0x00000151fb0d3490 JavaThread "Unconstrained build operations Thread 75" [_thread_blocked, id=22608, stack(0x0000004831b00000,0x0000004831c00000)]
  0x00000151fe2d99e0 JavaThread "Unconstrained build operations Thread 76" [_thread_blocked, id=20056, stack(0x0000004831c00000,0x0000004831d00000)]
  0x00000151fe2d9f30 JavaThread "Unconstrained build operations Thread 77" [_thread_blocked, id=864, stack(0x0000004831d00000,0x0000004831e00000)]
  0x00000151fe2d8f40 JavaThread "Unconstrained build operations Thread 78" [_thread_blocked, id=19596, stack(0x0000004831e00000,0x0000004831f00000)]
  0x00000151fe2daf20 JavaThread "Unconstrained build operations Thread 79" [_thread_blocked, id=19756, stack(0x000000482eb00000,0x000000482ec00000)]
  0x00000151fe2dbf10 JavaThread "Unconstrained build operations Thread 80" [_thread_blocked, id=9424, stack(0x0000004831f00000,0x0000004832000000)]
  0x00000151fe2da9d0 JavaThread "WorkerExecutor Queue" [_thread_blocked, id=12204, stack(0x0000004832000000,0x0000004832100000)]
  0x00000151fe2de990 JavaThread "WorkerExecutor Queue Thread 2" [_thread_blocked, id=12856, stack(0x0000004832300000,0x0000004832400000)]
  0x00000151fe2df980 JavaThread "WorkerExecutor Queue Thread 3" [_thread_blocked, id=21276, stack(0x0000004832400000,0x0000004832500000)]
  0x00000151faeb93d0 JavaThread "C2 CompilerThread1" daemon [_thread_blocked, id=23316, stack(0x0000004832100000,0x0000004832200000)]

Other Threads:
=>0x00000151f316d630 VMThread "VM Thread" [stack: 0x0000004829200000,0x0000004829300000] [id=13616]
  0x00000151d49e9b20 WatcherThread "VM Periodic Task Thread" [stack: 0x0000004829d00000,0x0000004829e00000] [id=21876]
  0x00000151d4a45200 WorkerThread "GC Thread#0" [stack: 0x0000004828d00000,0x0000004828e00000] [id=21036]
  0x00000151f76a3960 WorkerThread "GC Thread#1" [stack: 0x000000482a000000,0x000000482a100000] [id=18752]
  0x00000151f787ad60 WorkerThread "GC Thread#2" [stack: 0x000000482a100000,0x000000482a200000] [id=8144]
  0x00000151f7ff51a0 WorkerThread "GC Thread#3" [stack: 0x0000004829f00000,0x000000482a000000] [id=10480]
  0x00000151f7ff5740 WorkerThread "GC Thread#4" [stack: 0x000000482a200000,0x000000482a300000] [id=12472]
  0x00000151f7ff6af0 WorkerThread "GC Thread#5" [stack: 0x0000004829e00000,0x0000004829f00000] [id=10548]
  0x00000151f78603d0 WorkerThread "GC Thread#6" [stack: 0x000000482b100000,0x000000482b200000] [id=19680]
  0x00000151f785fb60 WorkerThread "GC Thread#7" [stack: 0x000000482b200000,0x000000482b300000] [id=11624]
  0x00000151d463e200 ConcurrentGCThread "G1 Main Marker" [stack: 0x0000004828e00000,0x0000004828f00000] [id=6180]
  0x00000151d463e9e0 WorkerThread "G1 Conc#0" [stack: 0x0000004828f00000,0x0000004829000000] [id=1184]
  0x00000151f785e4e0 WorkerThread "G1 Conc#1" [stack: 0x000000482b000000,0x000000482b100000] [id=24048]
  0x00000151d4a9e250 ConcurrentGCThread "G1 Refine#0" [stack: 0x0000004829000000,0x0000004829100000] [id=16936]
  0x00000151d4a9ec40 ConcurrentGCThread "G1 Service" [stack: 0x0000004829100000,0x0000004829200000] [id=16676]

Threads with active compile tasks:
C2 CompilerThread0   121453 14732 % !   4       com.android.tools.r8.dex.a::b @ 1834 (3650 bytes)
C2 CompilerThread1   121453 14820       4       com.android.tools.r8.dex.c0::a (77 bytes)

VM state: at safepoint (normal execution)

VM Mutex/Monitor currently owned by a thread:  ([mutex/lock_event])
[0x00000151d49e5400] Threads_lock - owner thread: 0x00000151f316d630
[0x00000151d49e4560] Heap_lock - owner thread: 0x00000151fe2df980

Heap address: 0x0000000080000000, size: 2048 MB, Compressed Oops mode: 32-bit

CDS archive(s) mapped at: [0x0000000800000000-0x0000000800c60000-0x0000000800c60000), size 12976128, SharedBaseAddress: 0x0000000800000000, ArchiveRelocationMode: 0.
Compressed class space mapped at: 0x0000000801000000-0x0000000841000000, reserved size: 1073741824
Narrow klass base: 0x0000000800000000, Narrow klass shift: 0, Narrow klass range: 0x100000000

GC Precious Log:
 CardTable entry size: 512
 Card Set container configuration: InlinePtr #cards 5 size 8 Array Of Cards #cards 12 size 40 Howl #buckets 4 coarsen threshold 1843 Howl Bitmap #cards 512 size 80 coarsen threshold 460 Card regions per heap region 1 cards per card region 2048
 CPUs: 8 total, 8 available
 Memory: 7103M
 Large Page Support: Disabled
 NUMA Support: Disabled
 Compressed Oops: Enabled (32-bit)
 Heap Region Size: 1M
 Heap Min Capacity: 8M
 Heap Initial Capacity: 112M
 Heap Max Capacity: 2G
 Pre-touch: Disabled
 Parallel Workers: 8
 Concurrent Workers: 2
 Concurrent Refinement Workers: 8
 Periodic GC: Disabled

Heap:
 garbage-first heap   total 360448K, used 237563K [0x0000000080000000, 0x0000000100000000)
  region size 1024K, 3 young (3072K), 3 survivors (3072K)
 Metaspace       used 109336K, committed 111680K, reserved 1179648K
  class space    used 14828K, committed 16000K, reserved 1048576K

Heap Regions: E=young(eden), S=young(survivor), O=old, HS=humongous(starts), HC=humongous(continues), CS=collection set, F=free, OA=open archive, CA=closed archive, TAMS=top-at-mark-start, PB=parsable bottom
|   0|0x0000000080000000, 0x0000000080100000, 0x0000000080100000|100%|HS|  |TAMS 0x0000000080000000| PB 0x0000000080000000| Complete 
|   1|0x0000000080100000, 0x0000000080200000, 0x0000000080200000|100%|HC|  |TAMS 0x0000000080100000| PB 0x0000000080100000| Complete 
|   2|0x0000000080200000, 0x0000000080300000, 0x0000000080300000|100%|HC|  |TAMS 0x0000000080200000| PB 0x0000000080200000| Complete 
|   3|0x0000000080300000, 0x0000000080400000, 0x0000000080400000|100%| O|  |TAMS 0x0000000080300000| PB 0x0000000080300000| Untracked 
|   4|0x0000000080400000, 0x0000000080500000, 0x0000000080500000|100%| O|  |TAMS 0x0000000080400000| PB 0x0000000080400000| Untracked 
|   5|0x0000000080500000, 0x0000000080600000, 0x0000000080600000|100%| O|  |TAMS 0x0000000080500000| PB 0x0000000080500000| Untracked 
|   6|0x0000000080600000, 0x0000000080700000, 0x0000000080700000|100%|HS|  |TAMS 0x0000000080600000| PB 0x0000000080600000| Complete 
|   7|0x0000000080700000, 0x0000000080800000, 0x0000000080800000|100%| O|  |TAMS 0x0000000080700000| PB 0x0000000080700000| Untracked 
|   8|0x0000000080800000, 0x0000000080900000, 0x0000000080900000|100%| O|  |TAMS 0x0000000080800000| PB 0x0000000080800000| Untracked 
|   9|0x0000000080900000, 0x0000000080a00000, 0x0000000080a00000|100%| O|  |TAMS 0x0000000080900000| PB 0x0000000080900000| Untracked 
|  10|0x0000000080a00000, 0x0000000080b00000, 0x0000000080b00000|100%| O|  |TAMS 0x0000000080a00000| PB 0x0000000080a00000| Untracked 
|  11|0x0000000080b00000, 0x0000000080c00000, 0x0000000080c00000|100%| O|  |TAMS 0x0000000080b00000| PB 0x0000000080b00000| Untracked 
|  12|0x0000000080c00000, 0x0000000080d00000, 0x0000000080d00000|100%| O|  |TAMS 0x0000000080c00000| PB 0x0000000080c00000| Untracked 
|  13|0x0000000080d00000, 0x0000000080e00000, 0x0000000080e00000|100%| O|  |TAMS 0x0000000080d00000| PB 0x0000000080d00000| Untracked 
|  14|0x0000000080e00000, 0x0000000080f00000, 0x0000000080f00000|100%| O|  |TAMS 0x0000000080e00000| PB 0x0000000080e00000| Untracked 
|  15|0x0000000080f00000, 0x0000000081000000, 0x0000000081000000|100%| O|  |TAMS 0x0000000080f00000| PB 0x0000000080f00000| Untracked 
|  16|0x0000000081000000, 0x0000000081100000, 0x0000000081100000|100%| O|  |TAMS 0x0000000081000000| PB 0x0000000081000000| Untracked 
|  17|0x0000000081100000, 0x0000000081200000, 0x0000000081200000|100%| O|  |TAMS 0x0000000081100000| PB 0x0000000081100000| Untracked 
|  18|0x0000000081200000, 0x0000000081300000, 0x0000000081300000|100%| O|  |TAMS 0x0000000081200000| PB 0x0000000081200000| Untracked 
|  19|0x0000000081300000, 0x0000000081400000, 0x0000000081400000|100%| O|  |TAMS 0x0000000081300000| PB 0x0000000081300000| Untracked 
|  20|0x0000000081400000, 0x0000000081500000, 0x0000000081500000|100%| O|  |TAMS 0x0000000081400000| PB 0x0000000081400000| Untracked 
|  21|0x0000000081500000, 0x0000000081600000, 0x0000000081600000|100%| O|  |TAMS 0x0000000081500000| PB 0x0000000081500000| Untracked 
|  22|0x0000000081600000, 0x0000000081700000, 0x0000000081700000|100%| O|  |TAMS 0x0000000081600000| PB 0x0000000081600000| Untracked 
|  23|0x0000000081700000, 0x0000000081800000, 0x0000000081800000|100%| O|  |TAMS 0x0000000081700000| PB 0x0000000081700000| Untracked 
|  24|0x0000000081800000, 0x0000000081900000, 0x0000000081900000|100%| O|  |TAMS 0x0000000081800000| PB 0x0000000081800000| Untracked 
|  25|0x0000000081900000, 0x0000000081a00000, 0x0000000081a00000|100%| O|  |TAMS 0x0000000081900000| PB 0x0000000081900000| Untracked 
|  26|0x0000000081a00000, 0x0000000081b00000, 0x0000000081b00000|100%| O|  |TAMS 0x0000000081a00000| PB 0x0000000081a00000| Untracked 
|  27|0x0000000081b00000, 0x0000000081c00000, 0x0000000081c00000|100%| O|  |TAMS 0x0000000081b00000| PB 0x0000000081b00000| Untracked 
|  28|0x0000000081c00000, 0x0000000081d00000, 0x0000000081d00000|100%| O|  |TAMS 0x0000000081c00000| PB 0x0000000081c00000| Untracked 
|  29|0x0000000081d00000, 0x0000000081e00000, 0x0000000081e00000|100%| O|  |TAMS 0x0000000081d00000| PB 0x0000000081d00000| Untracked 
|  30|0x0000000081e00000, 0x0000000081f00000, 0x0000000081f00000|100%| O|  |TAMS 0x0000000081e00000| PB 0x0000000081e00000| Untracked 
|  31|0x0000000081f00000, 0x0000000082000000, 0x0000000082000000|100%| O|  |TAMS 0x0000000081f00000| PB 0x0000000081f00000| Untracked 
|  32|0x0000000082000000, 0x0000000082100000, 0x0000000082100000|100%| O|  |TAMS 0x0000000082000000| PB 0x0000000082000000| Untracked 
|  33|0x0000000082100000, 0x0000000082200000, 0x0000000082200000|100%| O|  |TAMS 0x0000000082100000| PB 0x0000000082100000| Untracked 
|  34|0x0000000082200000, 0x0000000082300000, 0x0000000082300000|100%| O|  |TAMS 0x0000000082200000| PB 0x0000000082200000| Untracked 
|  35|0x0000000082300000, 0x0000000082400000, 0x0000000082400000|100%| O|  |TAMS 0x0000000082300000| PB 0x0000000082300000| Untracked 
|  36|0x0000000082400000, 0x0000000082500000, 0x0000000082500000|100%| O|  |TAMS 0x0000000082400000| PB 0x0000000082400000| Untracked 
|  37|0x0000000082500000, 0x0000000082600000, 0x0000000082600000|100%| O|  |TAMS 0x0000000082500000| PB 0x0000000082500000| Untracked 
|  38|0x0000000082600000, 0x0000000082700000, 0x0000000082700000|100%| O|  |TAMS 0x0000000082600000| PB 0x0000000082600000| Untracked 
|  39|0x0000000082700000, 0x0000000082800000, 0x0000000082800000|100%| O|  |TAMS 0x0000000082700000| PB 0x0000000082700000| Untracked 
|  40|0x0000000082800000, 0x0000000082900000, 0x0000000082900000|100%| O|  |TAMS 0x0000000082800000| PB 0x0000000082800000| Untracked 
|  41|0x0000000082900000, 0x0000000082a00000, 0x0000000082a00000|100%| O|  |TAMS 0x0000000082900000| PB 0x0000000082900000| Untracked 
|  42|0x0000000082a00000, 0x0000000082b00000, 0x0000000082b00000|100%| O|  |TAMS 0x0000000082a00000| PB 0x0000000082a00000| Untracked 
|  43|0x0000000082b00000, 0x0000000082c00000, 0x0000000082c00000|100%| O|  |TAMS 0x0000000082b00000| PB 0x0000000082b00000| Untracked 
|  44|0x0000000082c00000, 0x0000000082d00000, 0x0000000082d00000|100%| O|  |TAMS 0x0000000082c00000| PB 0x0000000082c00000| Untracked 
|  45|0x0000000082d00000, 0x0000000082e00000, 0x0000000082e00000|100%| O|  |TAMS 0x0000000082d00000| PB 0x0000000082d00000| Untracked 
|  46|0x0000000082e00000, 0x0000000082f00000, 0x0000000082f00000|100%| O|  |TAMS 0x0000000082e00000| PB 0x0000000082e00000| Untracked 
|  47|0x0000000082f00000, 0x0000000083000000, 0x0000000083000000|100%| O|  |TAMS 0x0000000082f00000| PB 0x0000000082f00000| Untracked 
|  48|0x0000000083000000, 0x0000000083100000, 0x0000000083100000|100%| O|  |TAMS 0x0000000083000000| PB 0x0000000083000000| Untracked 
|  49|0x0000000083100000, 0x0000000083200000, 0x0000000083200000|100%|HS|  |TAMS 0x0000000083100000| PB 0x0000000083100000| Complete 
|  50|0x0000000083200000, 0x0000000083300000, 0x0000000083300000|100%|HS|  |TAMS 0x0000000083200000| PB 0x0000000083200000| Complete 
|  51|0x0000000083300000, 0x0000000083400000, 0x0000000083400000|100%|HC|  |TAMS 0x0000000083300000| PB 0x0000000083300000| Complete 
|  52|0x0000000083400000, 0x0000000083500000, 0x0000000083500000|100%|HS|  |TAMS 0x0000000083400000| PB 0x0000000083400000| Complete 
|  53|0x0000000083500000, 0x0000000083600000, 0x0000000083600000|100%|HS|  |TAMS 0x0000000083500000| PB 0x0000000083500000| Complete 
|  54|0x0000000083600000, 0x0000000083700000, 0x0000000083700000|100%|HS|  |TAMS 0x0000000083600000| PB 0x0000000083600000| Complete 
|  55|0x0000000083700000, 0x0000000083800000, 0x0000000083800000|100%|HS|  |TAMS 0x0000000083700000| PB 0x0000000083700000| Complete 
|  56|0x0000000083800000, 0x0000000083900000, 0x0000000083900000|100%| O|  |TAMS 0x0000000083800000| PB 0x0000000083800000| Untracked 
|  57|0x0000000083900000, 0x0000000083a00000, 0x0000000083a00000|100%|HS|  |TAMS 0x0000000083900000| PB 0x0000000083900000| Complete 
|  58|0x0000000083a00000, 0x0000000083b00000, 0x0000000083b00000|100%|HC|  |TAMS 0x0000000083a00000| PB 0x0000000083a00000| Complete 
|  59|0x0000000083b00000, 0x0000000083c00000, 0x0000000083c00000|100%|HS|  |TAMS 0x0000000083b00000| PB 0x0000000083b00000| Complete 
|  60|0x0000000083c00000, 0x0000000083d00000, 0x0000000083d00000|100%|HS|  |TAMS 0x0000000083c00000| PB 0x0000000083c00000| Complete 
|  61|0x0000000083d00000, 0x0000000083e00000, 0x0000000083e00000|100%|HC|  |TAMS 0x0000000083d00000| PB 0x0000000083d00000| Complete 
|  62|0x0000000083e00000, 0x0000000083f00000, 0x0000000083f00000|100%|HC|  |TAMS 0x0000000083e00000| PB 0x0000000083e00000| Complete 
|  63|0x0000000083f00000, 0x0000000084000000, 0x0000000084000000|100%|HC|  |TAMS 0x0000000083f00000| PB 0x0000000083f00000| Complete 
|  64|0x0000000084000000, 0x0000000084100000, 0x0000000084100000|100%| O|  |TAMS 0x0000000084000000| PB 0x0000000084000000| Untracked 
|  65|0x0000000084100000, 0x0000000084200000, 0x0000000084200000|100%| O|  |TAMS 0x0000000084100000| PB 0x0000000084100000| Untracked 
|  66|0x0000000084200000, 0x0000000084300000, 0x0000000084300000|100%| O|  |TAMS 0x0000000084200000| PB 0x0000000084200000| Untracked 
|  67|0x0000000084300000, 0x0000000084400000, 0x0000000084400000|100%| O|  |TAMS 0x0000000084300000| PB 0x0000000084300000| Untracked 
|  68|0x0000000084400000, 0x0000000084500000, 0x0000000084500000|100%| O|  |TAMS 0x0000000084400000| PB 0x0000000084400000| Untracked 
|  69|0x0000000084500000, 0x0000000084600000, 0x0000000084600000|100%| O|  |TAMS 0x0000000084500000| PB 0x0000000084500000| Untracked 
|  70|0x0000000084600000, 0x0000000084700000, 0x0000000084700000|100%| O|  |TAMS 0x0000000084600000| PB 0x0000000084600000| Untracked 
|  71|0x0000000084700000, 0x0000000084800000, 0x0000000084800000|100%| O|  |TAMS 0x0000000084700000| PB 0x0000000084700000| Untracked 
|  72|0x0000000084800000, 0x0000000084900000, 0x0000000084900000|100%| O|  |TAMS 0x0000000084800000| PB 0x0000000084800000| Untracked 
|  73|0x0000000084900000, 0x0000000084a00000, 0x0000000084a00000|100%| O|  |TAMS 0x0000000084900000| PB 0x0000000084900000| Untracked 
|  74|0x0000000084a00000, 0x0000000084b00000, 0x0000000084b00000|100%|HS|  |TAMS 0x0000000084a00000| PB 0x0000000084a00000| Complete 
|  75|0x0000000084b00000, 0x0000000084c00000, 0x0000000084c00000|100%| O|  |TAMS 0x0000000084b00000| PB 0x0000000084b00000| Untracked 
|  76|0x0000000084c00000, 0x0000000084d00000, 0x0000000084d00000|100%| O|  |TAMS 0x0000000084c00000| PB 0x0000000084c00000| Untracked 
|  77|0x0000000084d00000, 0x0000000084e00000, 0x0000000084e00000|100%|HS|  |TAMS 0x0000000084d00000| PB 0x0000000084d00000| Complete 
|  78|0x0000000084e00000, 0x0000000084f00000, 0x0000000084f00000|100%|HC|  |TAMS 0x0000000084e00000| PB 0x0000000084e00000| Complete 
|  79|0x0000000084f00000, 0x0000000085000000, 0x0000000085000000|100%|HC|  |TAMS 0x0000000084f00000| PB 0x0000000084f00000| Complete 
|  80|0x0000000085000000, 0x0000000085100000, 0x0000000085100000|100%|HC|  |TAMS 0x0000000085000000| PB 0x0000000085000000| Complete 
|  81|0x0000000085100000, 0x0000000085200000, 0x0000000085200000|100%| O|  |TAMS 0x0000000085100000| PB 0x0000000085100000| Untracked 
|  82|0x0000000085200000, 0x0000000085300000, 0x0000000085300000|100%| O|  |TAMS 0x0000000085200000| PB 0x0000000085200000| Untracked 
|  83|0x0000000085300000, 0x0000000085400000, 0x0000000085400000|100%| O|  |TAMS 0x0000000085300000| PB 0x0000000085300000| Untracked 
|  84|0x0000000085400000, 0x0000000085500000, 0x0000000085500000|100%| O|  |TAMS 0x0000000085400000| PB 0x0000000085400000| Untracked 
|  85|0x0000000085500000, 0x0000000085600000, 0x0000000085600000|100%| O|  |TAMS 0x0000000085500000| PB 0x0000000085500000| Untracked 
|  86|0x0000000085600000, 0x0000000085700000, 0x0000000085700000|100%| O|  |TAMS 0x0000000085600000| PB 0x0000000085600000| Untracked 
|  87|0x0000000085700000, 0x0000000085800000, 0x0000000085800000|100%| O|  |TAMS 0x0000000085700000| PB 0x0000000085700000| Untracked 
|  88|0x0000000085800000, 0x0000000085900000, 0x0000000085900000|100%| O|  |TAMS 0x0000000085800000| PB 0x0000000085800000| Untracked 
|  89|0x0000000085900000, 0x0000000085a00000, 0x0000000085a00000|100%| O|  |TAMS 0x0000000085900000| PB 0x0000000085900000| Untracked 
|  90|0x0000000085a00000, 0x0000000085b00000, 0x0000000085b00000|100%| O|  |TAMS 0x0000000085a00000| PB 0x0000000085a00000| Untracked 
|  91|0x0000000085b00000, 0x0000000085c00000, 0x0000000085c00000|100%| O|  |TAMS 0x0000000085b00000| PB 0x0000000085b00000| Untracked 
|  92|0x0000000085c00000, 0x0000000085d00000, 0x0000000085d00000|100%| O|  |TAMS 0x0000000085c00000| PB 0x0000000085c00000| Untracked 
|  93|0x0000000085d00000, 0x0000000085e00000, 0x0000000085e00000|100%| O|  |TAMS 0x0000000085d00000| PB 0x0000000085d00000| Untracked 
|  94|0x0000000085e00000, 0x0000000085f00000, 0x0000000085f00000|100%| O|  |TAMS 0x0000000085e00000| PB 0x0000000085e00000| Untracked 
|  95|0x0000000085f00000, 0x0000000086000000, 0x0000000086000000|100%| O|  |TAMS 0x0000000085f00000| PB 0x0000000085f00000| Untracked 
|  96|0x0000000086000000, 0x0000000086100000, 0x0000000086100000|100%| O|  |TAMS 0x0000000086000000| PB 0x0000000086000000| Untracked 
|  97|0x0000000086100000, 0x0000000086200000, 0x0000000086200000|100%| O|  |TAMS 0x0000000086100000| PB 0x0000000086100000| Untracked 
|  98|0x0000000086200000, 0x0000000086300000, 0x0000000086300000|100%| O|  |TAMS 0x0000000086200000| PB 0x0000000086200000| Untracked 
|  99|0x0000000086300000, 0x0000000086400000, 0x0000000086400000|100%| O|  |TAMS 0x0000000086300000| PB 0x0000000086300000| Untracked 
| 100|0x0000000086400000, 0x0000000086500000, 0x0000000086500000|100%| O|  |TAMS 0x0000000086400000| PB 0x0000000086400000| Untracked 
| 101|0x0000000086500000, 0x0000000086600000, 0x0000000086600000|100%| O|  |TAMS 0x0000000086500000| PB 0x0000000086500000| Untracked 
| 102|0x0000000086600000, 0x0000000086700000, 0x0000000086700000|100%| O|  |TAMS 0x0000000086600000| PB 0x0000000086600000| Untracked 
| 103|0x0000000086700000, 0x0000000086800000, 0x0000000086800000|100%| O|  |TAMS 0x0000000086700000| PB 0x0000000086700000| Untracked 
| 104|0x0000000086800000, 0x0000000086900000, 0x0000000086900000|100%| O|  |TAMS 0x0000000086800000| PB 0x0000000086800000| Complete 
| 105|0x0000000086900000, 0x0000000086a00000, 0x0000000086a00000|100%| O|  |TAMS 0x0000000086900000| PB 0x0000000086900000| Untracked 
| 106|0x0000000086a00000, 0x0000000086b00000, 0x0000000086b00000|100%| O|  |TAMS 0x0000000086a00000| PB 0x0000000086a00000| Untracked 
| 107|0x0000000086b00000, 0x0000000086c00000, 0x0000000086c00000|100%| O|  |TAMS 0x0000000086b00000| PB 0x0000000086b00000| Untracked 
| 108|0x0000000086c00000, 0x0000000086d00000, 0x0000000086d00000|100%| O|  |TAMS 0x0000000086c00000| PB 0x0000000086c00000| Untracked 
| 109|0x0000000086d00000, 0x0000000086e00000, 0x0000000086e00000|100%| O|  |TAMS 0x0000000086d00000| PB 0x0000000086d00000| Untracked 
| 110|0x0000000086e00000, 0x0000000086f00000, 0x0000000086f00000|100%| O|  |TAMS 0x0000000086e00000| PB 0x0000000086e00000| Untracked 
| 111|0x0000000086f00000, 0x0000000087000000, 0x0000000087000000|100%| O|  |TAMS 0x0000000086f00000| PB 0x0000000086f00000| Untracked 
| 112|0x0000000087000000, 0x0000000087100000, 0x0000000087100000|100%| O|  |TAMS 0x0000000087000000| PB 0x0000000087000000| Untracked 
| 113|0x0000000087100000, 0x0000000087200000, 0x0000000087200000|100%| O|  |TAMS 0x0000000087100000| PB 0x0000000087100000| Untracked 
| 114|0x0000000087200000, 0x0000000087300000, 0x0000000087300000|100%| O|  |TAMS 0x0000000087200000| PB 0x0000000087200000| Untracked 
| 115|0x0000000087300000, 0x0000000087400000, 0x0000000087400000|100%| O|  |TAMS 0x0000000087300000| PB 0x0000000087300000| Complete 
| 116|0x0000000087400000, 0x0000000087500000, 0x0000000087500000|100%|HS|  |TAMS 0x0000000087400000| PB 0x0000000087400000| Complete 
| 117|0x0000000087500000, 0x0000000087600000, 0x0000000087600000|100%| O|  |TAMS 0x0000000087500000| PB 0x0000000087500000| Untracked 
| 118|0x0000000087600000, 0x0000000087700000, 0x0000000087700000|100%| O|  |TAMS 0x0000000087600000| PB 0x0000000087600000| Untracked 
| 119|0x0000000087700000, 0x0000000087800000, 0x0000000087800000|100%| O|  |TAMS 0x0000000087700000| PB 0x0000000087700000| Untracked 
| 120|0x0000000087800000, 0x0000000087900000, 0x0000000087900000|100%| O|  |TAMS 0x0000000087800000| PB 0x0000000087800000| Untracked 
| 121|0x0000000087900000, 0x0000000087a00000, 0x0000000087a00000|100%| O|  |TAMS 0x0000000087900000| PB 0x0000000087900000| Untracked 
| 122|0x0000000087a00000, 0x0000000087b00000, 0x0000000087b00000|100%| O|  |TAMS 0x0000000087a00000| PB 0x0000000087a00000| Untracked 
| 123|0x0000000087b00000, 0x0000000087c00000, 0x0000000087c00000|100%|HS|  |TAMS 0x0000000087b00000| PB 0x0000000087b00000| Complete 
| 124|0x0000000087c00000, 0x0000000087d00000, 0x0000000087d00000|100%|HC|  |TAMS 0x0000000087c00000| PB 0x0000000087c00000| Complete 
| 125|0x0000000087d00000, 0x0000000087e00000, 0x0000000087e00000|100%|HS|  |TAMS 0x0000000087d00000| PB 0x0000000087d00000| Complete 
| 126|0x0000000087e00000, 0x0000000087f00000, 0x0000000087f00000|100%|HS|  |TAMS 0x0000000087e00000| PB 0x0000000087e00000| Complete 
| 127|0x0000000087f00000, 0x0000000088000000, 0x0000000088000000|100%|HC|  |TAMS 0x0000000087f00000| PB 0x0000000087f00000| Complete 
| 128|0x0000000088000000, 0x0000000088100000, 0x0000000088100000|100%|HC|  |TAMS 0x0000000088000000| PB 0x0000000088000000| Complete 
| 129|0x0000000088100000, 0x0000000088200000, 0x0000000088200000|100%|HC|  |TAMS 0x0000000088100000| PB 0x0000000088100000| Complete 
| 130|0x0000000088200000, 0x0000000088300000, 0x0000000088300000|100%|HS|  |TAMS 0x0000000088200000| PB 0x0000000088200000| Complete 
| 131|0x0000000088300000, 0x0000000088400000, 0x0000000088400000|100%|HC|  |TAMS 0x0000000088300000| PB 0x0000000088300000| Complete 
| 132|0x0000000088400000, 0x0000000088500000, 0x0000000088500000|100%|HS|  |TAMS 0x0000000088400000| PB 0x0000000088400000| Complete 
| 133|0x0000000088500000, 0x0000000088600000, 0x0000000088600000|100%|HS|  |TAMS 0x0000000088500000| PB 0x0000000088500000| Complete 
| 134|0x0000000088600000, 0x0000000088700000, 0x0000000088700000|100%|HC|  |TAMS 0x0000000088600000| PB 0x0000000088600000| Complete 
| 135|0x0000000088700000, 0x0000000088800000, 0x0000000088800000|100%|HC|  |TAMS 0x0000000088700000| PB 0x0000000088700000| Complete 
| 136|0x0000000088800000, 0x0000000088900000, 0x0000000088900000|100%|HC|  |TAMS 0x0000000088800000| PB 0x0000000088800000| Complete 
| 137|0x0000000088900000, 0x0000000088a00000, 0x0000000088a00000|100%|HS|  |TAMS 0x0000000088900000| PB 0x0000000088900000| Complete 
| 138|0x0000000088a00000, 0x0000000088b00000, 0x0000000088b00000|100%|HS|  |TAMS 0x0000000088a00000| PB 0x0000000088a00000| Complete 
| 139|0x0000000088b00000, 0x0000000088c00000, 0x0000000088c00000|100%|HS|  |TAMS 0x0000000088b00000| PB 0x0000000088b00000| Complete 
| 140|0x0000000088c00000, 0x0000000088d00000, 0x0000000088d00000|100%|HS|  |TAMS 0x0000000088c00000| PB 0x0000000088c00000| Complete 
| 141|0x0000000088d00000, 0x0000000088e00000, 0x0000000088e00000|100%|HC|  |TAMS 0x0000000088d00000| PB 0x0000000088d00000| Complete 
| 142|0x0000000088e00000, 0x0000000088f00000, 0x0000000088f00000|100%|HC|  |TAMS 0x0000000088e00000| PB 0x0000000088e00000| Complete 
| 143|0x0000000088f00000, 0x0000000089000000, 0x0000000089000000|100%|HS|  |TAMS 0x0000000088f00000| PB 0x0000000088f00000| Complete 
| 144|0x0000000089000000, 0x0000000089100000, 0x0000000089100000|100%|HC|  |TAMS 0x0000000089000000| PB 0x0000000089000000| Complete 
| 145|0x0000000089100000, 0x0000000089200000, 0x0000000089200000|100%|HS|  |TAMS 0x0000000089100000| PB 0x0000000089100000| Complete 
| 146|0x0000000089200000, 0x0000000089300000, 0x0000000089300000|100%|HC|  |TAMS 0x0000000089200000| PB 0x0000000089200000| Complete 
| 147|0x0000000089300000, 0x0000000089400000, 0x0000000089400000|100%|HS|  |TAMS 0x0000000089300000| PB 0x0000000089300000| Complete 
| 148|0x0000000089400000, 0x0000000089500000, 0x0000000089500000|100%|HC|  |TAMS 0x0000000089400000| PB 0x0000000089400000| Complete 
| 149|0x0000000089500000, 0x0000000089600000, 0x0000000089600000|100%|HS|  |TAMS 0x0000000089500000| PB 0x0000000089500000| Complete 
| 150|0x0000000089600000, 0x0000000089700000, 0x0000000089700000|100%|HC|  |TAMS 0x0000000089600000| PB 0x0000000089600000| Complete 
| 151|0x0000000089700000, 0x0000000089800000, 0x0000000089800000|100%|HS|  |TAMS 0x0000000089700000| PB 0x0000000089700000| Complete 
| 152|0x0000000089800000, 0x0000000089900000, 0x0000000089900000|100%|HC|  |TAMS 0x0000000089800000| PB 0x0000000089800000| Complete 
| 153|0x0000000089900000, 0x0000000089a00000, 0x0000000089a00000|100%|HC|  |TAMS 0x0000000089900000| PB 0x0000000089900000| Complete 
| 154|0x0000000089a00000, 0x0000000089b00000, 0x0000000089b00000|100%| O|  |TAMS 0x0000000089a00000| PB 0x0000000089a00000| Untracked 
| 155|0x0000000089b00000, 0x0000000089c00000, 0x0000000089c00000|100%| O|  |TAMS 0x0000000089b00000| PB 0x0000000089b00000| Untracked 
| 156|0x0000000089c00000, 0x0000000089d00000, 0x0000000089d00000|100%| O|  |TAMS 0x0000000089c00000| PB 0x0000000089c00000| Untracked 
| 157|0x0000000089d00000, 0x0000000089e00000, 0x0000000089e00000|100%| O|  |TAMS 0x0000000089d00000| PB 0x0000000089d00000| Untracked 
| 158|0x0000000089e00000, 0x0000000089f00000, 0x0000000089f00000|100%| O|  |TAMS 0x0000000089e00000| PB 0x0000000089e00000| Untracked 
| 159|0x0000000089f00000, 0x000000008a000000, 0x000000008a000000|100%| O|  |TAMS 0x0000000089f00000| PB 0x0000000089f00000| Untracked 
| 160|0x000000008a000000, 0x000000008a100000, 0x000000008a100000|100%| O|  |TAMS 0x000000008a000000| PB 0x000000008a000000| Untracked 
| 161|0x000000008a100000, 0x000000008a200000, 0x000000008a200000|100%| O|  |TAMS 0x000000008a100000| PB 0x000000008a100000| Untracked 
| 162|0x000000008a200000, 0x000000008a300000, 0x000000008a300000|100%|HS|  |TAMS 0x000000008a200000| PB 0x000000008a200000| Complete 
| 163|0x000000008a300000, 0x000000008a400000, 0x000000008a400000|100%|HC|  |TAMS 0x000000008a300000| PB 0x000000008a300000| Complete 
| 164|0x000000008a400000, 0x000000008a500000, 0x000000008a500000|100%| O|  |TAMS 0x000000008a400000| PB 0x000000008a400000| Untracked 
| 165|0x000000008a500000, 0x000000008a600000, 0x000000008a600000|100%| O|  |TAMS 0x000000008a500000| PB 0x000000008a500000| Untracked 
| 166|0x000000008a600000, 0x000000008a700000, 0x000000008a700000|100%| O|  |TAMS 0x000000008a600000| PB 0x000000008a600000| Untracked 
| 167|0x000000008a700000, 0x000000008a800000, 0x000000008a800000|100%| O|  |TAMS 0x000000008a700000| PB 0x000000008a700000| Untracked 
| 168|0x000000008a800000, 0x000000008a900000, 0x000000008a900000|100%| O|  |TAMS 0x000000008a800000| PB 0x000000008a800000| Untracked 
| 169|0x000000008a900000, 0x000000008aa00000, 0x000000008aa00000|100%|HS|  |TAMS 0x000000008a900000| PB 0x000000008a900000| Complete 
| 170|0x000000008aa00000, 0x000000008ab00000, 0x000000008ab00000|100%|HC|  |TAMS 0x000000008aa00000| PB 0x000000008aa00000| Complete 
| 171|0x000000008ab00000, 0x000000008ac00000, 0x000000008ac00000|100%|HC|  |TAMS 0x000000008ab00000| PB 0x000000008ab00000| Complete 
| 172|0x000000008ac00000, 0x000000008ad00000, 0x000000008ad00000|100%|HC|  |TAMS 0x000000008ac00000| PB 0x000000008ac00000| Complete 
| 173|0x000000008ad00000, 0x000000008ae00000, 0x000000008ae00000|100%| O|  |TAMS 0x000000008ad00000| PB 0x000000008ad00000| Untracked 
| 174|0x000000008ae00000, 0x000000008af00000, 0x000000008af00000|100%| O|  |TAMS 0x000000008ae00000| PB 0x000000008ae00000| Untracked 
| 175|0x000000008af00000, 0x000000008b000000, 0x000000008b000000|100%| O|  |TAMS 0x000000008af00000| PB 0x000000008af00000| Untracked 
| 176|0x000000008b000000, 0x000000008b100000, 0x000000008b100000|100%|HS|  |TAMS 0x000000008b000000| PB 0x000000008b000000| Complete 
| 177|0x000000008b100000, 0x000000008b200000, 0x000000008b200000|100%|HC|  |TAMS 0x000000008b100000| PB 0x000000008b100000| Complete 
| 178|0x000000008b200000, 0x000000008b300000, 0x000000008b300000|100%| O|  |TAMS 0x000000008b200000| PB 0x000000008b200000| Untracked 
| 179|0x000000008b300000, 0x000000008b400000, 0x000000008b400000|100%|HS|  |TAMS 0x000000008b300000| PB 0x000000008b300000| Complete 
| 180|0x000000008b400000, 0x000000008b500000, 0x000000008b500000|100%| O|  |TAMS 0x000000008b400000| PB 0x000000008b400000| Untracked 
| 181|0x000000008b500000, 0x000000008b600000, 0x000000008b600000|100%| O|  |TAMS 0x000000008b500000| PB 0x000000008b500000| Untracked 
| 182|0x000000008b600000, 0x000000008b700000, 0x000000008b700000|100%|HS|  |TAMS 0x000000008b600000| PB 0x000000008b600000| Complete 
| 183|0x000000008b700000, 0x000000008b800000, 0x000000008b800000|100%| O|  |TAMS 0x000000008b700000| PB 0x000000008b700000| Untracked 
| 184|0x000000008b800000, 0x000000008b900000, 0x000000008b900000|100%| O|  |TAMS 0x000000008b800000| PB 0x000000008b800000| Untracked 
| 185|0x000000008b900000, 0x000000008ba00000, 0x000000008ba00000|100%| O|  |TAMS 0x000000008b900000| PB 0x000000008b900000| Untracked 
| 186|0x000000008ba00000, 0x000000008bb00000, 0x000000008bb00000|100%|HS|  |TAMS 0x000000008ba00000| PB 0x000000008ba00000| Complete 
| 187|0x000000008bb00000, 0x000000008bc00000, 0x000000008bc00000|100%|HC|  |TAMS 0x000000008bb00000| PB 0x000000008bb00000| Complete 
| 188|0x000000008bc00000, 0x000000008bd00000, 0x000000008bd00000|100%|HC|  |TAMS 0x000000008bc00000| PB 0x000000008bc00000| Complete 
| 189|0x000000008bd00000, 0x000000008be00000, 0x000000008be00000|100%|HC|  |TAMS 0x000000008bd00000| PB 0x000000008bd00000| Complete 
| 190|0x000000008be00000, 0x000000008bf00000, 0x000000008bf00000|100%| O|  |TAMS 0x000000008be00000| PB 0x000000008be00000| Untracked 
| 191|0x000000008bf00000, 0x000000008c000000, 0x000000008c000000|100%|HS|  |TAMS 0x000000008bf00000| PB 0x000000008bf00000| Complete 
| 192|0x000000008c000000, 0x000000008c100000, 0x000000008c100000|100%| O|  |TAMS 0x000000008c000000| PB 0x000000008c000000| Untracked 
| 193|0x000000008c100000, 0x000000008c200000, 0x000000008c200000|100%|HS|  |TAMS 0x000000008c100000| PB 0x000000008c100000| Complete 
| 194|0x000000008c200000, 0x000000008c300000, 0x000000008c300000|100%| O|  |TAMS 0x000000008c200000| PB 0x000000008c200000| Untracked 
| 195|0x000000008c300000, 0x000000008c400000, 0x000000008c400000|100%|HS|  |TAMS 0x000000008c300000| PB 0x000000008c300000| Complete 
| 196|0x000000008c400000, 0x000000008c500000, 0x000000008c500000|100%| O|  |TAMS 0x000000008c400000| PB 0x000000008c400000| Untracked 
| 197|0x000000008c500000, 0x000000008c600000, 0x000000008c600000|100%| O|  |TAMS 0x000000008c500000| PB 0x000000008c500000| Untracked 
| 198|0x000000008c600000, 0x000000008c700000, 0x000000008c700000|100%| O|  |TAMS 0x000000008c600000| PB 0x000000008c600000| Untracked 
| 199|0x000000008c700000, 0x000000008c800000, 0x000000008c800000|100%| O|  |TAMS 0x000000008c700000| PB 0x000000008c700000| Untracked 
| 200|0x000000008c800000, 0x000000008c900000, 0x000000008c900000|100%| O|  |TAMS 0x000000008c800000| PB 0x000000008c800000| Untracked 
| 201|0x000000008c900000, 0x000000008ca00000, 0x000000008ca00000|100%| O|  |TAMS 0x000000008c900000| PB 0x000000008c900000| Untracked 
| 202|0x000000008ca00000, 0x000000008cb00000, 0x000000008cb00000|100%|HS|  |TAMS 0x000000008ca00000| PB 0x000000008ca00000| Complete 
| 203|0x000000008cb00000, 0x000000008cc00000, 0x000000008cc00000|100%|HC|  |TAMS 0x000000008cb00000| PB 0x000000008cb00000| Complete 
| 204|0x000000008cc00000, 0x000000008cd00000, 0x000000008cd00000|100%|HC|  |TAMS 0x000000008cc00000| PB 0x000000008cc00000| Complete 
| 205|0x000000008cd00000, 0x000000008ce00000, 0x000000008ce00000|100%| O|  |TAMS 0x000000008cd00000| PB 0x000000008cd00000| Untracked 
| 206|0x000000008ce00000, 0x000000008cefec00, 0x000000008cf00000| 99%| O|  |TAMS 0x000000008ce00000| PB 0x000000008ce00000| Untracked 
| 207|0x000000008cf00000, 0x000000008cf00000, 0x000000008d000000|  0%| F|  |TAMS 0x000000008cf00000| PB 0x000000008cf00000| Untracked 
| 208|0x000000008d000000, 0x000000008d100000, 0x000000008d100000|100%|HS|  |TAMS 0x000000008d000000| PB 0x000000008d000000| Complete 
| 209|0x000000008d100000, 0x000000008d200000, 0x000000008d200000|100%|HC|  |TAMS 0x000000008d100000| PB 0x000000008d100000| Complete 
| 210|0x000000008d200000, 0x000000008d200000, 0x000000008d300000|  0%| F|  |TAMS 0x000000008d200000| PB 0x000000008d200000| Untracked 
| 211|0x000000008d300000, 0x000000008d300000, 0x000000008d400000|  0%| F|  |TAMS 0x000000008d300000| PB 0x000000008d300000| Untracked 
| 212|0x000000008d400000, 0x000000008d400000, 0x000000008d500000|  0%| F|  |TAMS 0x000000008d400000| PB 0x000000008d400000| Untracked 
| 213|0x000000008d500000, 0x000000008d600000, 0x000000008d600000|100%|HS|  |TAMS 0x000000008d500000| PB 0x000000008d500000| Complete 
| 214|0x000000008d600000, 0x000000008d700000, 0x000000008d700000|100%|HC|  |TAMS 0x000000008d600000| PB 0x000000008d600000| Complete 
| 215|0x000000008d700000, 0x000000008d700000, 0x000000008d800000|  0%| F|  |TAMS 0x000000008d700000| PB 0x000000008d700000| Untracked 
| 216|0x000000008d800000, 0x000000008d800000, 0x000000008d900000|  0%| F|  |TAMS 0x000000008d800000| PB 0x000000008d800000| Untracked 
| 217|0x000000008d900000, 0x000000008d900000, 0x000000008da00000|  0%| F|  |TAMS 0x000000008d900000| PB 0x000000008d900000| Untracked 
| 218|0x000000008da00000, 0x000000008da00000, 0x000000008db00000|  0%| F|  |TAMS 0x000000008da00000| PB 0x000000008da00000| Untracked 
| 219|0x000000008db00000, 0x000000008dc00000, 0x000000008dc00000|100%|HS|  |TAMS 0x000000008db00000| PB 0x000000008db00000| Complete 
| 220|0x000000008dc00000, 0x000000008dc00000, 0x000000008dd00000|  0%| F|  |TAMS 0x000000008dc00000| PB 0x000000008dc00000| Untracked 
| 221|0x000000008dd00000, 0x000000008dd00000, 0x000000008de00000|  0%| F|  |TAMS 0x000000008dd00000| PB 0x000000008dd00000| Untracked 
| 222|0x000000008de00000, 0x000000008de00000, 0x000000008df00000|  0%| F|  |TAMS 0x000000008de00000| PB 0x000000008de00000| Untracked 
| 223|0x000000008df00000, 0x000000008df00000, 0x000000008e000000|  0%| F|  |TAMS 0x000000008df00000| PB 0x000000008df00000| Untracked 
| 224|0x000000008e000000, 0x000000008e000000, 0x000000008e100000|  0%| F|  |TAMS 0x000000008e000000| PB 0x000000008e000000| Untracked 
| 225|0x000000008e100000, 0x000000008e100000, 0x000000008e200000|  0%| F|  |TAMS 0x000000008e100000| PB 0x000000008e100000| Untracked 
| 226|0x000000008e200000, 0x000000008e200000, 0x000000008e300000|  0%| F|  |TAMS 0x000000008e200000| PB 0x000000008e200000| Untracked 
| 227|0x000000008e300000, 0x000000008e300000, 0x000000008e400000|  0%| F|  |TAMS 0x000000008e300000| PB 0x000000008e300000| Untracked 
| 228|0x000000008e400000, 0x000000008e400000, 0x000000008e500000|  0%| F|  |TAMS 0x000000008e400000| PB 0x000000008e400000| Untracked 
| 229|0x000000008e500000, 0x000000008e500000, 0x000000008e600000|  0%| F|  |TAMS 0x000000008e500000| PB 0x000000008e500000| Untracked 
| 230|0x000000008e600000, 0x000000008e600000, 0x000000008e700000|  0%| F|  |TAMS 0x000000008e600000| PB 0x000000008e600000| Untracked 
| 231|0x000000008e700000, 0x000000008e700000, 0x000000008e800000|  0%| F|  |TAMS 0x000000008e700000| PB 0x000000008e700000| Untracked 
| 232|0x000000008e800000, 0x000000008e800000, 0x000000008e900000|  0%| F|  |TAMS 0x000000008e800000| PB 0x000000008e800000| Untracked 
| 233|0x000000008e900000, 0x000000008ea00000, 0x000000008ea00000|100%|HS|  |TAMS 0x000000008e900000| PB 0x000000008e900000| Complete 
| 234|0x000000008ea00000, 0x000000008eb00000, 0x000000008eb00000|100%|HC|  |TAMS 0x000000008ea00000| PB 0x000000008ea00000| Complete 
| 235|0x000000008eb00000, 0x000000008eb00000, 0x000000008ec00000|  0%| F|  |TAMS 0x000000008eb00000| PB 0x000000008eb00000| Untracked 
| 236|0x000000008ec00000, 0x000000008ec00000, 0x000000008ed00000|  0%| F|  |TAMS 0x000000008ec00000| PB 0x000000008ec00000| Untracked 
| 237|0x000000008ed00000, 0x000000008ed00000, 0x000000008ee00000|  0%| F|  |TAMS 0x000000008ed00000| PB 0x000000008ed00000| Untracked 
| 238|0x000000008ee00000, 0x000000008ef00000, 0x000000008ef00000|100%|HS|  |TAMS 0x000000008ee00000| PB 0x000000008ee00000| Complete 
| 239|0x000000008ef00000, 0x000000008f000000, 0x000000008f000000|100%|HC|  |TAMS 0x000000008ef00000| PB 0x000000008ef00000| Complete 
| 240|0x000000008f000000, 0x000000008f000000, 0x000000008f100000|  0%| F|  |TAMS 0x000000008f000000| PB 0x000000008f000000| Untracked 
| 241|0x000000008f100000, 0x000000008f100000, 0x000000008f200000|  0%| F|  |TAMS 0x000000008f100000| PB 0x000000008f100000| Untracked 
| 242|0x000000008f200000, 0x000000008f200000, 0x000000008f300000|  0%| F|  |TAMS 0x000000008f200000| PB 0x000000008f200000| Untracked 
| 243|0x000000008f300000, 0x000000008f300000, 0x000000008f400000|  0%| F|  |TAMS 0x000000008f300000| PB 0x000000008f300000| Untracked 
| 244|0x000000008f400000, 0x000000008f400000, 0x000000008f500000|  0%| F|  |TAMS 0x000000008f400000| PB 0x000000008f400000| Untracked 
| 245|0x000000008f500000, 0x000000008f500000, 0x000000008f600000|  0%| F|  |TAMS 0x000000008f500000| PB 0x000000008f500000| Untracked 
| 246|0x000000008f600000, 0x000000008f700000, 0x000000008f700000|100%|HS|  |TAMS 0x000000008f600000| PB 0x000000008f600000| Complete 
| 247|0x000000008f700000, 0x000000008f800000, 0x000000008f800000|100%|HC|  |TAMS 0x000000008f700000| PB 0x000000008f700000| Complete 
| 248|0x000000008f800000, 0x000000008f900000, 0x000000008f900000|100%|HC|  |TAMS 0x000000008f800000| PB 0x000000008f800000| Complete 
| 249|0x000000008f900000, 0x000000008f900000, 0x000000008fa00000|  0%| F|  |TAMS 0x000000008f900000| PB 0x000000008f900000| Untracked 
| 250|0x000000008fa00000, 0x000000008fa00000, 0x000000008fb00000|  0%| F|  |TAMS 0x000000008fa00000| PB 0x000000008fa00000| Untracked 
| 251|0x000000008fb00000, 0x000000008fb00000, 0x000000008fc00000|  0%| F|  |TAMS 0x000000008fb00000| PB 0x000000008fb00000| Untracked 
| 252|0x000000008fc00000, 0x000000008fc00000, 0x000000008fd00000|  0%| F|  |TAMS 0x000000008fc00000| PB 0x000000008fc00000| Untracked 
| 253|0x000000008fd00000, 0x000000008fd00000, 0x000000008fe00000|  0%| F|  |TAMS 0x000000008fd00000| PB 0x000000008fd00000| Untracked 
| 254|0x000000008fe00000, 0x000000008fe00000, 0x000000008ff00000|  0%| F|  |TAMS 0x000000008fe00000| PB 0x000000008fe00000| Untracked 
| 255|0x000000008ff00000, 0x000000008ff00000, 0x0000000090000000|  0%| F|  |TAMS 0x000000008ff00000| PB 0x000000008ff00000| Untracked 
| 256|0x0000000090000000, 0x0000000090000000, 0x0000000090100000|  0%| F|  |TAMS 0x0000000090000000| PB 0x0000000090000000| Untracked 
| 257|0x0000000090100000, 0x0000000090100000, 0x0000000090200000|  0%| F|  |TAMS 0x0000000090100000| PB 0x0000000090100000| Untracked 
| 258|0x0000000090200000, 0x0000000090200000, 0x0000000090300000|  0%| F|  |TAMS 0x0000000090200000| PB 0x0000000090200000| Untracked 
| 259|0x0000000090300000, 0x0000000090300000, 0x0000000090400000|  0%| F|  |TAMS 0x0000000090300000| PB 0x0000000090300000| Untracked 
| 260|0x0000000090400000, 0x0000000090400000, 0x0000000090500000|  0%| F|  |TAMS 0x0000000090400000| PB 0x0000000090400000| Untracked 
| 261|0x0000000090500000, 0x0000000090500000, 0x0000000090600000|  0%| F|  |TAMS 0x0000000090500000| PB 0x0000000090500000| Untracked 
| 262|0x0000000090600000, 0x0000000090600000, 0x0000000090700000|  0%| F|  |TAMS 0x0000000090600000| PB 0x0000000090600000| Untracked 
| 263|0x0000000090700000, 0x0000000090700000, 0x0000000090800000|  0%| F|  |TAMS 0x0000000090700000| PB 0x0000000090700000| Untracked 
| 264|0x0000000090800000, 0x0000000090800000, 0x0000000090900000|  0%| F|  |TAMS 0x0000000090800000| PB 0x0000000090800000| Untracked 
| 265|0x0000000090900000, 0x0000000090900000, 0x0000000090a00000|  0%| F|  |TAMS 0x0000000090900000| PB 0x0000000090900000| Untracked 
| 266|0x0000000090a00000, 0x0000000090a00000, 0x0000000090b00000|  0%| F|  |TAMS 0x0000000090a00000| PB 0x0000000090a00000| Untracked 
| 267|0x0000000090b00000, 0x0000000090b00000, 0x0000000090c00000|  0%| F|  |TAMS 0x0000000090b00000| PB 0x0000000090b00000| Untracked 
| 268|0x0000000090c00000, 0x0000000090c00000, 0x0000000090d00000|  0%| F|  |TAMS 0x0000000090c00000| PB 0x0000000090c00000| Untracked 
| 269|0x0000000090d00000, 0x0000000090d00000, 0x0000000090e00000|  0%| F|  |TAMS 0x0000000090d00000| PB 0x0000000090d00000| Untracked 
| 270|0x0000000090e00000, 0x0000000090e00000, 0x0000000090f00000|  0%| F|  |TAMS 0x0000000090e00000| PB 0x0000000090e00000| Untracked 
| 271|0x0000000090f00000, 0x0000000090f00000, 0x0000000091000000|  0%| F|  |TAMS 0x0000000090f00000| PB 0x0000000090f00000| Untracked 
| 272|0x0000000091000000, 0x0000000091000000, 0x0000000091100000|  0%| F|  |TAMS 0x0000000091000000| PB 0x0000000091000000| Untracked 
| 273|0x0000000091100000, 0x0000000091100000, 0x0000000091200000|  0%| F|  |TAMS 0x0000000091100000| PB 0x0000000091100000| Untracked 
| 274|0x0000000091200000, 0x0000000091200000, 0x0000000091300000|  0%| F|  |TAMS 0x0000000091200000| PB 0x0000000091200000| Untracked 
| 275|0x0000000091300000, 0x0000000091300000, 0x0000000091400000|  0%| F|  |TAMS 0x0000000091300000| PB 0x0000000091300000| Untracked 
| 276|0x0000000091400000, 0x0000000091400000, 0x0000000091500000|  0%| F|  |TAMS 0x0000000091400000| PB 0x0000000091400000| Untracked 
| 277|0x0000000091500000, 0x0000000091500000, 0x0000000091600000|  0%| F|  |TAMS 0x0000000091500000| PB 0x0000000091500000| Untracked 
| 278|0x0000000091600000, 0x0000000091600000, 0x0000000091700000|  0%| F|  |TAMS 0x0000000091600000| PB 0x0000000091600000| Untracked 
| 279|0x0000000091700000, 0x0000000091700000, 0x0000000091800000|  0%| F|  |TAMS 0x0000000091700000| PB 0x0000000091700000| Untracked 
| 280|0x0000000091800000, 0x0000000091800000, 0x0000000091900000|  0%| F|  |TAMS 0x0000000091800000| PB 0x0000000091800000| Untracked 
| 281|0x0000000091900000, 0x0000000091900000, 0x0000000091a00000|  0%| F|  |TAMS 0x0000000091900000| PB 0x0000000091900000| Untracked 
| 282|0x0000000091a00000, 0x0000000091a00000, 0x0000000091b00000|  0%| F|  |TAMS 0x0000000091a00000| PB 0x0000000091a00000| Untracked 
| 283|0x0000000091b00000, 0x0000000091b00000, 0x0000000091c00000|  0%| F|  |TAMS 0x0000000091b00000| PB 0x0000000091b00000| Untracked 
| 284|0x0000000091c00000, 0x0000000091c00000, 0x0000000091d00000|  0%| F|  |TAMS 0x0000000091c00000| PB 0x0000000091c00000| Untracked 
| 285|0x0000000091d00000, 0x0000000091d00000, 0x0000000091e00000|  0%| F|  |TAMS 0x0000000091d00000| PB 0x0000000091d00000| Untracked 
| 286|0x0000000091e00000, 0x0000000091e00000, 0x0000000091f00000|  0%| F|  |TAMS 0x0000000091e00000| PB 0x0000000091e00000| Untracked 
| 287|0x0000000091f00000, 0x0000000091f00000, 0x0000000092000000|  0%| F|  |TAMS 0x0000000091f00000| PB 0x0000000091f00000| Untracked 
| 288|0x0000000092000000, 0x0000000092000000, 0x0000000092100000|  0%| F|  |TAMS 0x0000000092000000| PB 0x0000000092000000| Untracked 
| 289|0x0000000092100000, 0x0000000092100000, 0x0000000092200000|  0%| F|  |TAMS 0x0000000092100000| PB 0x0000000092100000| Untracked 
| 290|0x0000000092200000, 0x0000000092200000, 0x0000000092300000|  0%| F|  |TAMS 0x0000000092200000| PB 0x0000000092200000| Untracked 
| 291|0x0000000092300000, 0x0000000092300000, 0x0000000092400000|  0%| F|  |TAMS 0x0000000092300000| PB 0x0000000092300000| Untracked 
| 292|0x0000000092400000, 0x0000000092400000, 0x0000000092500000|  0%| F|  |TAMS 0x0000000092400000| PB 0x0000000092400000| Untracked 
| 293|0x0000000092500000, 0x0000000092500000, 0x0000000092600000|  0%| F|  |TAMS 0x0000000092500000| PB 0x0000000092500000| Untracked 
| 294|0x0000000092600000, 0x0000000092600000, 0x0000000092700000|  0%| F|  |TAMS 0x0000000092600000| PB 0x0000000092600000| Untracked 
| 295|0x0000000092700000, 0x0000000092700000, 0x0000000092800000|  0%| F|  |TAMS 0x0000000092700000| PB 0x0000000092700000| Untracked 
| 296|0x0000000092800000, 0x0000000092800000, 0x0000000092900000|  0%| F|  |TAMS 0x0000000092800000| PB 0x0000000092800000| Untracked 
| 297|0x0000000092900000, 0x0000000092900000, 0x0000000092a00000|  0%| F|  |TAMS 0x0000000092900000| PB 0x0000000092900000| Untracked 
| 298|0x0000000092a00000, 0x0000000092a00000, 0x0000000092b00000|  0%| F|  |TAMS 0x0000000092a00000| PB 0x0000000092a00000| Untracked 
| 299|0x0000000092b00000, 0x0000000092b00000, 0x0000000092c00000|  0%| F|  |TAMS 0x0000000092b00000| PB 0x0000000092b00000| Untracked 
| 300|0x0000000092c00000, 0x0000000092c00000, 0x0000000092d00000|  0%| F|  |TAMS 0x0000000092c00000| PB 0x0000000092c00000| Untracked 
| 301|0x0000000092d00000, 0x0000000092d00000, 0x0000000092e00000|  0%| F|  |TAMS 0x0000000092d00000| PB 0x0000000092d00000| Untracked 
| 302|0x0000000092e00000, 0x0000000092e00000, 0x0000000092f00000|  0%| F|  |TAMS 0x0000000092e00000| PB 0x0000000092e00000| Untracked 
| 303|0x0000000092f00000, 0x0000000092f00000, 0x0000000093000000|  0%| F|  |TAMS 0x0000000092f00000| PB 0x0000000092f00000| Untracked 
| 304|0x0000000093000000, 0x0000000093000000, 0x0000000093100000|  0%| F|  |TAMS 0x0000000093000000| PB 0x0000000093000000| Untracked 
| 305|0x0000000093100000, 0x0000000093100000, 0x0000000093200000|  0%| F|  |TAMS 0x0000000093100000| PB 0x0000000093100000| Untracked 
| 306|0x0000000093200000, 0x0000000093200000, 0x0000000093300000|  0%| F|  |TAMS 0x0000000093200000| PB 0x0000000093200000| Untracked 
| 307|0x0000000093300000, 0x0000000093300000, 0x0000000093400000|  0%| F|  |TAMS 0x0000000093300000| PB 0x0000000093300000| Untracked 
| 308|0x0000000093400000, 0x0000000093400000, 0x0000000093500000|  0%| F|  |TAMS 0x0000000093400000| PB 0x0000000093400000| Untracked 
| 309|0x0000000093500000, 0x0000000093500000, 0x0000000093600000|  0%| F|  |TAMS 0x0000000093500000| PB 0x0000000093500000| Untracked 
| 310|0x0000000093600000, 0x0000000093600000, 0x0000000093700000|  0%| F|  |TAMS 0x0000000093600000| PB 0x0000000093600000| Untracked 
| 311|0x0000000093700000, 0x0000000093700000, 0x0000000093800000|  0%| F|  |TAMS 0x0000000093700000| PB 0x0000000093700000| Untracked 
| 312|0x0000000093800000, 0x0000000093800000, 0x0000000093900000|  0%| F|  |TAMS 0x0000000093800000| PB 0x0000000093800000| Untracked 
| 313|0x0000000093900000, 0x0000000093900000, 0x0000000093a00000|  0%| F|  |TAMS 0x0000000093900000| PB 0x0000000093900000| Untracked 
| 314|0x0000000093a00000, 0x0000000093a00000, 0x0000000093b00000|  0%| F|  |TAMS 0x0000000093a00000| PB 0x0000000093a00000| Untracked 
| 315|0x0000000093b00000, 0x0000000093b00000, 0x0000000093c00000|  0%| F|  |TAMS 0x0000000093b00000| PB 0x0000000093b00000| Untracked 
| 316|0x0000000093c00000, 0x0000000093c00000, 0x0000000093d00000|  0%| F|  |TAMS 0x0000000093c00000| PB 0x0000000093c00000| Untracked 
| 317|0x0000000093d00000, 0x0000000093d00000, 0x0000000093e00000|  0%| F|  |TAMS 0x0000000093d00000| PB 0x0000000093d00000| Untracked 
| 318|0x0000000093e00000, 0x0000000093e00000, 0x0000000093f00000|  0%| F|  |TAMS 0x0000000093e00000| PB 0x0000000093e00000| Untracked 
| 319|0x0000000093f00000, 0x0000000093f00000, 0x0000000094000000|  0%| F|  |TAMS 0x0000000093f00000| PB 0x0000000093f00000| Untracked 
| 320|0x0000000094000000, 0x0000000094000000, 0x0000000094100000|  0%| F|  |TAMS 0x0000000094000000| PB 0x0000000094000000| Untracked 
| 321|0x0000000094100000, 0x0000000094200000, 0x0000000094200000|100%| S|CS|TAMS 0x0000000094100000| PB 0x0000000094100000| Complete 
| 322|0x0000000094200000, 0x0000000094300000, 0x0000000094300000|100%| S|CS|TAMS 0x0000000094200000| PB 0x0000000094200000| Complete 
| 323|0x0000000094300000, 0x0000000094400000, 0x0000000094400000|100%| S|CS|TAMS 0x0000000094300000| PB 0x0000000094300000| Complete 
| 324|0x0000000094400000, 0x0000000094400000, 0x0000000094500000|  0%| F|  |TAMS 0x0000000094400000| PB 0x0000000094400000| Untracked 
| 325|0x0000000094500000, 0x0000000094500000, 0x0000000094600000|  0%| F|  |TAMS 0x0000000094500000| PB 0x0000000094500000| Untracked 
| 326|0x0000000094600000, 0x0000000094600000, 0x0000000094700000|  0%| F|  |TAMS 0x0000000094600000| PB 0x0000000094600000| Untracked 
| 327|0x0000000094700000, 0x0000000094700000, 0x0000000094800000|  0%| F|  |TAMS 0x0000000094700000| PB 0x0000000094700000| Untracked 
| 328|0x0000000094800000, 0x0000000094800000, 0x0000000094900000|  0%| F|  |TAMS 0x0000000094800000| PB 0x0000000094800000| Untracked 
| 329|0x0000000094900000, 0x0000000094900000, 0x0000000094a00000|  0%| F|  |TAMS 0x0000000094900000| PB 0x0000000094900000| Untracked 
| 330|0x0000000094a00000, 0x0000000094a00000, 0x0000000094b00000|  0%| F|  |TAMS 0x0000000094a00000| PB 0x0000000094a00000| Untracked 
| 331|0x0000000094b00000, 0x0000000094b00000, 0x0000000094c00000|  0%| F|  |TAMS 0x0000000094b00000| PB 0x0000000094b00000| Untracked 
| 332|0x0000000094c00000, 0x0000000094c00000, 0x0000000094d00000|  0%| F|  |TAMS 0x0000000094c00000| PB 0x0000000094c00000| Untracked 
| 333|0x0000000094d00000, 0x0000000094d00000, 0x0000000094e00000|  0%| F|  |TAMS 0x0000000094d00000| PB 0x0000000094d00000| Untracked 
| 334|0x0000000094e00000, 0x0000000094e00000, 0x0000000094f00000|  0%| F|  |TAMS 0x0000000094e00000| PB 0x0000000094e00000| Untracked 
| 335|0x0000000094f00000, 0x0000000094f00000, 0x0000000095000000|  0%| F|  |TAMS 0x0000000094f00000| PB 0x0000000094f00000| Untracked 
| 336|0x0000000095000000, 0x0000000095000000, 0x0000000095100000|  0%| F|  |TAMS 0x0000000095000000| PB 0x0000000095000000| Untracked 
|2033|0x00000000ff100000, 0x00000000ff200000, 0x00000000ff200000|100%| O|  |TAMS 0x00000000ff100000| PB 0x00000000ff100000| Untracked 
|2034|0x00000000ff200000, 0x00000000ff200000, 0x00000000ff300000|  0%| F|  |TAMS 0x00000000ff200000| PB 0x00000000ff200000| Untracked 
|2035|0x00000000ff300000, 0x00000000ff400000, 0x00000000ff400000|100%| O|  |TAMS 0x00000000ff300000| PB 0x00000000ff300000| Untracked 
|2036|0x00000000ff400000, 0x00000000ff500000, 0x00000000ff500000|100%| O|  |TAMS 0x00000000ff400000| PB 0x00000000ff400000| Untracked 
|2037|0x00000000ff500000, 0x00000000ff600000, 0x00000000ff600000|100%| O|  |TAMS 0x00000000ff500000| PB 0x00000000ff500000| Untracked 
|2038|0x00000000ff600000, 0x00000000ff700000, 0x00000000ff700000|100%| O|  |TAMS 0x00000000ff600000| PB 0x00000000ff600000| Untracked 
|2039|0x00000000ff700000, 0x00000000ff800000, 0x00000000ff800000|100%| O|  |TAMS 0x00000000ff700000| PB 0x00000000ff700000| Untracked 
|2040|0x00000000ff800000, 0x00000000ff900000, 0x00000000ff900000|100%| O|  |TAMS 0x00000000ff800000| PB 0x00000000ff800000| Untracked 
|2041|0x00000000ff900000, 0x00000000ffa00000, 0x00000000ffa00000|100%| O|  |TAMS 0x00000000ff900000| PB 0x00000000ff900000| Untracked 
|2042|0x00000000ffa00000, 0x00000000ffa00000, 0x00000000ffb00000|  0%| F|  |TAMS 0x00000000ffa00000| PB 0x00000000ffa00000| Untracked 
|2043|0x00000000ffb00000, 0x00000000ffc00000, 0x00000000ffc00000|100%| O|  |TAMS 0x00000000ffb00000| PB 0x00000000ffb00000| Untracked 
|2044|0x00000000ffc00000, 0x00000000ffd00000, 0x00000000ffd00000|100%| O|  |TAMS 0x00000000ffc00000| PB 0x00000000ffc00000| Untracked 
|2045|0x00000000ffd00000, 0x00000000ffd00000, 0x00000000ffe00000|  0%| F|  |TAMS 0x00000000ffd00000| PB 0x00000000ffd00000| Untracked 
|2046|0x00000000ffe00000, 0x00000000ffe00000, 0x00000000fff00000|  0%| F|  |TAMS 0x00000000ffe00000| PB 0x00000000ffe00000| Untracked 
|2047|0x00000000fff00000, 0x00000000fff00000, 0x0000000100000000|  0%| F|  |TAMS 0x00000000fff00000| PB 0x00000000fff00000| Untracked 

Card table byte_map: [0x00000151eded0000,0x00000151ee2d0000] _byte_map_base: 0x00000151edad0000

Marking Bits: (CMBitMap*) 0x00000151d4a455e0
 Bits: [0x00000151ee6d0000, 0x00000151f06d0000)

Polling page: 0x00000151d4aa0000

Metaspace:

Usage:
  Non-class:     92.29 MB used.
      Class:     14.48 MB used.
       Both:    106.77 MB used.

Virtual space:
  Non-class space:      128.00 MB reserved,      93.44 MB ( 73%) committed,  2 nodes.
      Class space:        1.00 GB reserved,      15.62 MB (  2%) committed,  1 nodes.
             Both:        1.12 GB reserved,     109.06 MB (  9%) committed. 

Chunk freelists:
   Non-Class:  2.50 MB
       Class:  400.00 KB
        Both:  2.89 MB

MaxMetaspaceSize: unlimited
CompressedClassSpaceSize: 1.00 GB
Initial GC threshold: 21.00 MB
Current GC threshold: 181.19 MB
CDS: on
MetaspaceReclaimPolicy: balanced
 - commit_granule_bytes: 65536.
 - commit_granule_words: 8192.
 - virtual_space_node_default_size: 8388608.
 - enlarge_chunks_in_place: 1.
 - new_chunks_are_fully_committed: 0.
 - uncommit_free_chunks: 1.
 - use_allocation_guard: 0.


Internal statistics:

num_allocs_failed_limit: 6.
num_arena_births: 4214.
num_arena_deaths: 0.
num_vsnodes_births: 3.
num_vsnodes_deaths: 0.
num_space_committed: 1744.
num_space_uncommitted: 0.
num_chunks_returned_to_freelist: 6.
num_chunks_taken_from_freelist: 9145.
num_chunk_merges: 6.
num_chunk_splits: 6008.
num_chunks_enlarged: 3865.
num_inconsistent_stats: 0.

CodeHeap 'non-profiled nmethods': size=120000Kb used=7442Kb max_used=7890Kb free=112557Kb
 bounds [0x00000151e5b40000, 0x00000151e6300000, 0x00000151ed070000]
CodeHeap 'profiled nmethods': size=120000Kb used=22855Kb max_used=23349Kb free=97144Kb
 bounds [0x00000151de070000, 0x00000151df760000, 0x00000151e55a0000]
CodeHeap 'non-nmethods': size=5760Kb used=2998Kb max_used=3046Kb free=2761Kb
 bounds [0x00000151e55a0000, 0x00000151e58b0000, 0x00000151e5b40000]
 total_blobs=13175 nmethods=12151 adapters=934
 compilation: enabled
              stopped_count=0, restarted_count=0
 full_count=0

Compilation events (20 events):
Event: 118.871 Thread 0x00000151faeb93d0 nmethod 14818 0x00000151e5be8110 code [0x00000151e5be82c0, 0x00000151e5be88e0]
Event: 118.872 Thread 0x00000151faeb93d0 14812       4       java.lang.Long::parseLong (272 bytes)
Event: 118.893 Thread 0x00000151faeb93d0 nmethod 14812 0x00000151e6219010 code [0x00000151e62191c0, 0x00000151e62196b8]
Event: 118.893 Thread 0x00000151faeb93d0 14809       4       com.android.tools.r8.internal.e42::a (292 bytes)
Event: 118.987 Thread 0x00000151faeb93d0 nmethod 14809 0x00000151e5c42610 code [0x00000151e5c427e0, 0x00000151e5c43b30]
Event: 118.988 Thread 0x00000151faeb93d0 14821       4       com.android.tools.r8.internal.vf1::get (95 bytes)
Event: 118.996 Thread 0x00000151faeb93d0 nmethod 14821 0x00000151e6114910 code [0x00000151e6114a80, 0x00000151e6114c70]
Event: 118.997 Thread 0x00000151faeb93d0 14817       4       com.android.tools.r8.graph.f6::o0 (27 bytes)
Event: 119.032 Thread 0x00000151faeb93d0 nmethod 14817 0x00000151e6218490 code [0x00000151e6218620, 0x00000151e6218ba8]
Event: 119.033 Thread 0x00000151faeb93d0 14810       4       com.android.tools.r8.internal.vo1::f (2011 bytes)
Event: 119.098 Thread 0x00000151faeb93d0 nmethod 14810 0x00000151e6045890 code [0x00000151e6045b00, 0x00000151e6046878]
Event: 119.099 Thread 0x00000151faeb93d0 14811       4       com.android.tools.r8.c::b (10 bytes)
Event: 119.101 Thread 0x00000151faeb93d0 nmethod 14811 0x00000151e5be7e10 code [0x00000151e5be7f80, 0x00000151e5be7ff8]
Event: 119.101 Thread 0x00000151faeb93d0 14815       4       com.android.tools.r8.graph.u3::d (134 bytes)
Event: 119.141 Thread 0x00000151f319e3e0 14827       3       com.android.tools.r8.internal.a21::a (71 bytes)
Event: 119.143 Thread 0x00000151f319e3e0 nmethod 14827 0x00000151dea05f90 code [0x00000151dea06220, 0x00000151dea06c38]
Event: 119.149 Thread 0x00000151faeb93d0 nmethod 14815 0x00000151e6178490 code [0x00000151e6178640, 0x00000151e6178f40]
Event: 119.151 Thread 0x00000151faeb93d0 14826       4       com.android.tools.r8.internal.vf1::a (170 bytes)
Event: 119.167 Thread 0x00000151faeb93d0 nmethod 14826 0x00000151e5ba2110 code [0x00000151e5ba22c0, 0x00000151e5ba2720]
Event: 119.168 Thread 0x00000151faeb93d0 14820       4       com.android.tools.r8.dex.c0::a (77 bytes)

GC Heap History (20 events):
Event: 94.966 GC heap after
{Heap after GC invocations=43 (full 0):
 garbage-first heap   total 193536K, used 124996K [0x0000000080000000, 0x0000000100000000)
  region size 1024K, 5 young (5120K), 5 survivors (5120K)
 Metaspace       used 101157K, committed 103488K, reserved 1179648K
  class space    used 13756K, committed 14912K, reserved 1048576K
}
Event: 96.691 GC heap before
{Heap before GC invocations=44 (full 0):
 garbage-first heap   total 219136K, used 174148K [0x0000000080000000, 0x0000000100000000)
  region size 1024K, 54 young (55296K), 5 survivors (5120K)
 Metaspace       used 101324K, committed 103616K, reserved 1179648K
  class space    used 13769K, committed 14912K, reserved 1048576K
}
Event: 96.704 GC heap after
{Heap after GC invocations=45 (full 0):
 garbage-first heap   total 219136K, used 127877K [0x0000000080000000, 0x0000000100000000)
  region size 1024K, 5 young (5120K), 5 survivors (5120K)
 Metaspace       used 101324K, committed 103616K, reserved 1179648K
  class space    used 13769K, committed 14912K, reserved 1048576K
}
Event: 99.580 GC heap before
{Heap before GC invocations=45 (full 0):
 garbage-first heap   total 219136K, used 198533K [0x0000000080000000, 0x0000000100000000)
  region size 1024K, 75 young (76800K), 5 survivors (5120K)
 Metaspace       used 101701K, committed 104064K, reserved 1179648K
  class space    used 13811K, committed 14976K, reserved 1048576K
}
Event: 99.595 GC heap after
{Heap after GC invocations=46 (full 0):
 garbage-first heap   total 219136K, used 129807K [0x0000000080000000, 0x0000000100000000)
  region size 1024K, 9 young (9216K), 9 survivors (9216K)
 Metaspace       used 101701K, committed 104064K, reserved 1179648K
  class space    used 13811K, committed 14976K, reserved 1048576K
}
Event: 109.913 GC heap before
{Heap before GC invocations=46 (full 0):
 garbage-first heap   total 219136K, used 195343K [0x0000000080000000, 0x0000000100000000)
  region size 1024K, 74 young (75776K), 9 survivors (9216K)
 Metaspace       used 104940K, committed 107264K, reserved 1179648K
  class space    used 14210K, committed 15360K, reserved 1048576K
}
Event: 109.939 GC heap after
{Heap after GC invocations=47 (full 0):
 garbage-first heap   total 219136K, used 134848K [0x0000000080000000, 0x0000000100000000)
  region size 1024K, 7 young (7168K), 7 survivors (7168K)
 Metaspace       used 104940K, committed 107264K, reserved 1179648K
  class space    used 14210K, committed 15360K, reserved 1048576K
}
Event: 112.270 GC heap before
{Heap before GC invocations=48 (full 0):
 garbage-first heap   total 235520K, used 198336K [0x0000000080000000, 0x0000000100000000)
  region size 1024K, 70 young (71680K), 7 survivors (7168K)
 Metaspace       used 105082K, committed 107392K, reserved 1179648K
  class space    used 14218K, committed 15360K, reserved 1048576K
}
Event: 112.288 GC heap after
{Heap after GC invocations=49 (full 0):
 garbage-first heap   total 235520K, used 137554K [0x0000000080000000, 0x0000000100000000)
  region size 1024K, 5 young (5120K), 5 survivors (5120K)
 Metaspace       used 105082K, committed 107392K, reserved 1179648K
  class space    used 14218K, committed 15360K, reserved 1048576K
}
Event: 115.531 GC heap before
{Heap before GC invocations=49 (full 0):
 garbage-first heap   total 236544K, used 234834K [0x0000000080000000, 0x0000000100000000)
  region size 1024K, 63 young (64512K), 5 survivors (5120K)
 Metaspace       used 108809K, committed 111168K, reserved 1179648K
  class space    used 14735K, committed 15936K, reserved 1048576K
}
Event: 116.577 GC heap after
{Heap after GC invocations=50 (full 0):
 garbage-first heap   total 251904K, used 178774K [0x0000000080000000, 0x0000000100000000)
  region size 1024K, 11 young (11264K), 11 survivors (11264K)
 Metaspace       used 108809K, committed 111168K, reserved 1179648K
  class space    used 14735K, committed 15936K, reserved 1048576K
}
Event: 116.608 GC heap before
{Heap before GC invocations=50 (full 0):
 garbage-first heap   total 251904K, used 179798K [0x0000000080000000, 0x0000000100000000)
  region size 1024K, 13 young (13312K), 11 survivors (11264K)
 Metaspace       used 108809K, committed 111168K, reserved 1179648K
  class space    used 14735K, committed 15936K, reserved 1048576K
}
Event: 116.625 GC heap after
{Heap after GC invocations=51 (full 0):
 garbage-first heap   total 251904K, used 179942K [0x0000000080000000, 0x0000000100000000)
  region size 1024K, 2 young (2048K), 2 survivors (2048K)
 Metaspace       used 108809K, committed 111168K, reserved 1179648K
  class space    used 14735K, committed 15936K, reserved 1048576K
}
Event: 116.864 GC heap before
{Heap before GC invocations=51 (full 0):
 garbage-first heap   total 270336K, used 268006K [0x0000000080000000, 0x0000000100000000)
  region size 1024K, 18 young (18432K), 2 survivors (2048K)
 Metaspace       used 108823K, committed 111168K, reserved 1179648K
  class space    used 14736K, committed 15936K, reserved 1048576K
}
Event: 116.872 GC heap after
{Heap after GC invocations=52 (full 0):
 garbage-first heap   total 276480K, used 213197K [0x0000000080000000, 0x0000000100000000)
  region size 1024K, 6 young (6144K), 6 survivors (6144K)
 Metaspace       used 108823K, committed 111168K, reserved 1179648K
  class space    used 14736K, committed 15936K, reserved 1048576K
}
Event: 118.753 GC heap before
{Heap before GC invocations=53 (full 0):
 garbage-first heap   total 360448K, used 249037K [0x0000000080000000, 0x0000000100000000)
  region size 1024K, 42 young (43008K), 6 survivors (6144K)
 Metaspace       used 109335K, committed 111680K, reserved 1179648K
  class space    used 14828K, committed 16000K, reserved 1048576K
}
Event: 118.783 GC heap after
{Heap after GC invocations=54 (full 0):
 garbage-first heap   total 360448K, used 225645K [0x0000000080000000, 0x0000000100000000)
  region size 1024K, 6 young (6144K), 6 survivors (6144K)
 Metaspace       used 109335K, committed 111680K, reserved 1179648K
  class space    used 14828K, committed 16000K, reserved 1048576K
}
Event: 118.940 GC heap before
{Heap before GC invocations=54 (full 0):
 garbage-first heap   total 360448K, used 236909K [0x0000000080000000, 0x0000000100000000)
  region size 1024K, 17 young (17408K), 6 survivors (6144K)
 Metaspace       used 109336K, committed 111680K, reserved 1179648K
  class space    used 14828K, committed 16000K, reserved 1048576K
}
Event: 118.965 GC heap after
{Heap after GC invocations=55 (full 0):
 garbage-first heap   total 360448K, used 230345K [0x0000000080000000, 0x0000000100000000)
  region size 1024K, 3 young (3072K), 3 survivors (3072K)
 Metaspace       used 109336K, committed 111680K, reserved 1179648K
  class space    used 14828K, committed 16000K, reserved 1048576K
}
Event: 119.239 GC heap before
{Heap before GC invocations=55 (full 0):
 garbage-first heap   total 360448K, used 244681K [0x0000000080000000, 0x0000000100000000)
  region size 1024K, 17 young (17408K), 3 survivors (3072K)
 Metaspace       used 109336K, committed 111680K, reserved 1179648K
  class space    used 14828K, committed 16000K, reserved 1048576K
}

Dll operation events (16 events):
Event: 0.061 Loaded shared library C:\Program Files\Java\jdk-20\bin\java.dll
Event: 0.129 Loaded shared library C:\Program Files\Java\jdk-20\bin\jsvml.dll
Event: 0.715 Loaded shared library C:\Program Files\Java\jdk-20\bin\zip.dll
Event: 0.750 Loaded shared library C:\Program Files\Java\jdk-20\bin\instrument.dll
Event: 0.797 Loaded shared library C:\Program Files\Java\jdk-20\bin\net.dll
Event: 0.809 Loaded shared library C:\Program Files\Java\jdk-20\bin\nio.dll
Event: 0.849 Loaded shared library C:\Program Files\Java\jdk-20\bin\zip.dll
Event: 2.319 Loaded shared library C:\Program Files\Java\jdk-20\bin\jimage.dll
Event: 3.192 Loaded shared library C:\Program Files\Java\jdk-20\bin\verify.dll
Event: 3.664 Loaded shared library C:\Users\admin\.gradle\native\1def1411415f61bf3af743bc5b6707747c0891f09f0c88961ee8f79bc544acac\windows-amd64\native-platform.dll
Event: 3.722 Loaded shared library C:\Users\admin\.gradle\native\0.2.7\x86_64-windows-gnu\gradle-fileevents.dll
Event: 9.142 Loaded shared library C:\Program Files\Java\jdk-20\bin\management.dll
Event: 9.153 Loaded shared library C:\Program Files\Java\jdk-20\bin\management_ext.dll
Event: 10.944 Loaded shared library C:\Program Files\Java\jdk-20\bin\extnet.dll
Event: 12.966 Loaded shared library C:\Program Files\Java\jdk-20\bin\sunmscapi.dll
Event: 109.419 Loaded shared library C:\Users\admin\AppData\Local\Temp\native-platform13970825023063279835dir\native-platform.dll

Deoptimization events (20 events):
Event: 118.305 Thread 0x00000151fe2df980 DEOPT PACKING pc=0x00000151de9e4580 sp=0x00000048324fd870
Event: 118.305 Thread 0x00000151fe2df980 DEOPT UNPACKING pc=0x00000151e560a4c2 sp=0x00000048324fcd28 mode 0
Event: 118.307 Thread 0x00000151fe2df980 DEOPT PACKING pc=0x00000151de9e4580 sp=0x00000048324fd870
Event: 118.307 Thread 0x00000151fe2df980 DEOPT UNPACKING pc=0x00000151e560a4c2 sp=0x00000048324fcd28 mode 0
Event: 118.309 Thread 0x00000151fe2df980 DEOPT PACKING pc=0x00000151de9e4580 sp=0x00000048324fd870
Event: 118.309 Thread 0x00000151fe2df980 DEOPT UNPACKING pc=0x00000151e560a4c2 sp=0x00000048324fcd28 mode 0
Event: 118.311 Thread 0x00000151f78589a0 Uncommon trap: trap_request=0xffffffde fr.pc=0x00000151e61a0818 relative=0x00000000000004b8
Event: 118.311 Thread 0x00000151f78589a0 Uncommon trap: reason=class_check action=maybe_recompile pc=0x00000151e61a0818 method=java.io.BufferedOutputStream.implWrite([BII)V @ 19 c2
Event: 118.311 Thread 0x00000151fe2df980 DEOPT PACKING pc=0x00000151de9e4580 sp=0x00000048324fd870
Event: 118.311 Thread 0x00000151fe2df980 DEOPT UNPACKING pc=0x00000151e560a4c2 sp=0x00000048324fcd28 mode 0
Event: 118.311 Thread 0x00000151f78589a0 DEOPT PACKING pc=0x00000151e61a0818 sp=0x000000482dcfe580
Event: 118.312 Thread 0x00000151f78589a0 DEOPT UNPACKING pc=0x00000151e5609d22 sp=0x000000482dcfe438 mode 2
Event: 118.313 Thread 0x00000151fe2df980 DEOPT PACKING pc=0x00000151de9e4580 sp=0x00000048324fd870
Event: 118.313 Thread 0x00000151fe2df980 DEOPT UNPACKING pc=0x00000151e560a4c2 sp=0x00000048324fcd28 mode 0
Event: 118.316 Thread 0x00000151fe2df980 DEOPT PACKING pc=0x00000151de9e4580 sp=0x00000048324fd870
Event: 118.316 Thread 0x00000151fe2df980 DEOPT UNPACKING pc=0x00000151e560a4c2 sp=0x00000048324fcd28 mode 0
Event: 118.452 Thread 0x00000151fe2df980 Uncommon trap: trap_request=0xffffff45 fr.pc=0x00000151e5e8f7b4 relative=0x00000000000002f4
Event: 118.452 Thread 0x00000151fe2df980 Uncommon trap: reason=unstable_if action=reinterpret pc=0x00000151e5e8f7b4 method=com.android.tools.r8.internal.q41.a(I)Z @ 45 c2
Event: 118.452 Thread 0x00000151fe2df980 DEOPT PACKING pc=0x00000151e5e8f7b4 sp=0x00000048324fd930
Event: 118.452 Thread 0x00000151fe2df980 DEOPT UNPACKING pc=0x00000151e5609d22 sp=0x00000048324fd860 mode 2

Classes loaded (20 events):
Event: 109.588 Loading class java/util/concurrent/Semaphore$Sync done
Event: 109.588 Loading class java/util/concurrent/Semaphore$NonfairSync done
Event: 112.874 Loading class java/nio/file/FileTreeIterator
Event: 112.875 Loading class java/nio/file/FileTreeIterator done
Event: 113.874 Loading class java/util/zip/ZipInputStream
Event: 113.878 Loading class java/util/zip/ZipInputStream done
Event: 114.061 Loading class java/io/PrintWriter$1
Event: 114.062 Loading class jdk/internal/access/JavaIOPrintWriterAccess
Event: 114.062 Loading class jdk/internal/access/JavaIOPrintWriterAccess done
Event: 114.063 Loading class java/io/PrintWriter$1 done
Event: 114.063 Loading class java/lang/Throwable$WrappedPrintWriter
Event: 114.063 Loading class java/lang/Throwable$PrintStreamOrWriter
Event: 114.064 Loading class java/lang/Throwable$PrintStreamOrWriter done
Event: 114.064 Loading class java/lang/Throwable$WrappedPrintWriter done
Event: 114.300 Loading class java/io/UTFDataFormatException
Event: 114.300 Loading class java/io/UTFDataFormatException done
Event: 115.372 Loading class java/nio/BufferUnderflowException
Event: 115.373 Loading class java/nio/BufferUnderflowException done
Event: 118.196 Loading class java/util/LinkedList$LLSpliterator
Event: 118.198 Loading class java/util/LinkedList$LLSpliterator done

Classes unloaded (0 events):
No events

Classes redefined (0 events):
No events

Internal exceptions (20 events):
Event: 97.037 Thread 0x00000151fccddbe0 Exception <a 'java/lang/NoSuchMethodError'{0x000000008c450c50}: static Ljava/lang/Object;.<clinit>()V> (0x000000008c450c50) 
thrown [s\open\src\hotspot\share\prims\jni.cpp, line 1105]
Event: 97.154 Thread 0x00000151fccddbe0 Exception <a 'java/lang/NoSuchMethodError'{0x000000008c46aa50}: static Lcom/android/build/api/artifact/ArtifactKind;.<clinit>()V> (0x000000008c46aa50) 
thrown [s\open\src\hotspot\share\prims\jni.cpp, line 1105]
Event: 97.155 Thread 0x00000151fccddbe0 Exception <a 'java/lang/NoSuchMethodError'{0x000000008c46bc98}: static Lcom/android/build/api/artifact/ArtifactKind;.<clinit>()V> (0x000000008c46bc98) 
thrown [s\open\src\hotspot\share\prims\jni.cpp, line 1105]
Event: 98.979 Thread 0x00000151fccddbe0 Exception <a 'java/lang/NoSuchMethodError'{0x0000000089696670}: 'int java.lang.invoke.DirectMethodHandle$Holder.invokeSpecial(java.lang.Object, java.lang.Object, java.lang.Object, java.lang.Object, java.lang.Object)'> (0x0000000089696670) 
thrown [s\open\src\hotspot\share\interpreter\linkResolver.cpp, line 773]
Event: 105.568 Thread 0x00000151fccddbe0 Exception <a 'java/lang/NoSuchMethodError'{0x000000008b536838}: method resolution failed> (0x000000008b536838) 
thrown [s\open\src\hotspot\share\prims\methodHandles.cpp, line 1260]
Event: 108.848 Thread 0x00000151fccddbe0 Exception <a 'java/lang/NoSuchMethodError'{0x000000008a5ad120}: static [Ljava/lang/String;.<clinit>()V> (0x000000008a5ad120) 
thrown [s\open\src\hotspot\share\prims\jni.cpp, line 1105]
Event: 108.874 Thread 0x00000151fccddbe0 Exception <a 'java/lang/NoSuchMethodError'{0x000000008a4123c0}: static Lorg/jetbrains/kotlin/incremental/ChangedFiles$Unknown;.<clinit>()V> (0x000000008a4123c0) 
thrown [s\open\src\hotspot\share\prims\jni.cpp, line 1105]
Event: 108.890 Thread 0x00000151fccddbe0 Exception <a 'java/lang/NoSuchMethodError'{0x000000008a445308}: static Lorg/jetbrains/kotlin/incremental/ClasspathChanges$ClasspathSnapshotEnabled$NotAvailableForNonIncrementalRun;.<clinit>()V> (0x000000008a445308) 
thrown [s\open\src\hotspot\share\prims\jni.cpp, line 1105]
Event: 108.891 Thread 0x00000151fccddbe0 Exception <a 'java/lang/NoSuchMethodError'{0x000000008a4473d8}: static Lorg/jetbrains/kotlin/incremental/ClasspathChanges$ClasspathSnapshotEnabled;.<clinit>()V> (0x000000008a4473d8) 
thrown [s\open\src\hotspot\share\prims\jni.cpp, line 1105]
Event: 108.892 Thread 0x00000151fccddbe0 Exception <a 'java/lang/NoSuchMethodError'{0x000000008a4492e8}: static Lorg/jetbrains/kotlin/incremental/ClasspathChanges;.<clinit>()V> (0x000000008a4492e8) 
thrown [s\open\src\hotspot\share\prims\jni.cpp, line 1105]
Event: 109.126 Thread 0x00000151fccdc150 Exception <a 'sun/nio/fs/WindowsException'{0x000000008c40cd18}> (0x000000008c40cd18) 
thrown [s\open\src\hotspot\share\prims\jni.cpp, line 519]
Event: 109.538 Thread 0x00000151fe2da9d0 Exception <a 'java/lang/NoSuchMethodError'{0x0000000089447a18}: 'void java.lang.invoke.DirectMethodHandle$Holder.invokeStatic(java.lang.Object, long)'> (0x0000000089447a18) 
thrown [s\open\src\hotspot\share\interpreter\linkResolver.cpp, line 773]
Event: 109.543 Thread 0x00000151fe2da9d0 Exception <a 'java/lang/NoSuchMethodError'{0x0000000089452cb0}: 'java.lang.Object java.lang.invoke.DirectMethodHandle$Holder.invokeStaticInit(java.lang.Object, long, java.lang.Object)'> (0x0000000089452cb0) 
thrown [s\open\src\hotspot\share\interpreter\linkResolver.cpp, line 773]
Event: 109.606 Thread 0x00000151fe2dc460 Implicit null exception at 0x00000151e6005f31 to 0x00000151e6007b20
Event: 109.607 Thread 0x00000151fe2dc460 Implicit null exception at 0x00000151e5eb1cab to 0x00000151e5eb2360
Event: 113.412 Thread 0x00000151fccd96d0 Exception <a 'java/lang/NoSuchMethodError'{0x000000008c5b0258}: static Ljava/lang/Object;.<clinit>()V> (0x000000008c5b0258) 
thrown [s\open\src\hotspot\share\prims\jni.cpp, line 1105]
Event: 114.265 Thread 0x00000151fe2dfed0 Implicit null exception at 0x00000151e5c781ee to 0x00000151e5c78a78
Event: 115.505 Thread 0x00000151fe2df980 Exception <a 'java/lang/NoSuchMethodError'{0x000000008a799958}: 'java.lang.Object java.lang.invoke.DirectMethodHandle$Holder.invokeStaticInit(java.lang.Object, java.lang.Object, java.lang.Object, java.lang.Object, java.lang.Object, java.lang.Object, java.lang.Object, java.lang.Object, java.lang.Object, java.lang.Object, java.lang.Object, java.lang.Object, java.lang.Object, java.lang.Object, java.lang.Object, java.lang.Object, java.lang.Object, java.lang.Object, java.lang.Object, java.lang.Object, int, java
Event: 115.510 Thread 0x00000151fe2df980 Exception <a 'java/lang/IncompatibleClassChangeError'{0x000000008a7b30d0}: Found class java.lang.Object, but interface was expected> (0x000000008a7b30d0) 
thrown [s\open\src\hotspot\share\interpreter\linkResolver.cpp, line 840]
Event: 115.513 Thread 0x00000151fe2df980 Exception <a 'java/lang/IncompatibleClassChangeError'{0x000000008a7be8c0}: Found class java.lang.Object, but interface was expected> (0x000000008a7be8c0) 
thrown [s\open\src\hotspot\share\interpreter\linkResolver.cpp, line 840]

VM Operations (20 events):
Event: 115.079 Executing VM operation: HandshakeAllThreads done
Event: 115.530 Executing VM operation: G1CollectForAllocation
Event: 116.601 Executing VM operation: G1CollectForAllocation done
Event: 116.608 Executing VM operation: G1TryInitiateConcMark
Event: 116.636 Executing VM operation: G1TryInitiateConcMark done
Event: 116.864 Executing VM operation: G1CollectForAllocation
Event: 116.873 Executing VM operation: G1CollectForAllocation done
Event: 116.964 Executing VM operation: G1PauseRemark
Event: 118.013 Executing VM operation: G1PauseRemark done
Event: 118.151 Executing VM operation: G1PauseCleanup
Event: 118.157 Executing VM operation: G1PauseCleanup done
Event: 118.277 Executing VM operation: HandshakeAllThreads
Event: 118.278 Executing VM operation: HandshakeAllThreads done
Event: 118.282 Executing VM operation: HandshakeAllThreads
Event: 118.283 Executing VM operation: HandshakeAllThreads done
Event: 118.753 Executing VM operation: G1CollectForAllocation
Event: 118.783 Executing VM operation: G1CollectForAllocation done
Event: 118.939 Executing VM operation: G1CollectForAllocation
Event: 118.966 Executing VM operation: G1CollectForAllocation done
Event: 119.239 Executing VM operation: G1CollectForAllocation

Events (20 events):
Event: 116.993 Thread 0x00000151f316d630 flushing nmethod 0x00000151e5ec3910
Event: 116.993 Thread 0x00000151f316d630 flushing nmethod 0x00000151e5eb1a90
Event: 116.993 Thread 0x00000151f316d630 flushing nmethod 0x00000151e5eb0310
Event: 116.993 Thread 0x00000151f316d630 flushing nmethod 0x00000151e5e97f90
Event: 116.993 Thread 0x00000151f316d630 flushing nmethod 0x00000151e5e9c110
Event: 116.993 Thread 0x00000151f316d630 flushing nmethod 0x00000151e5e6bd90
Event: 116.993 Thread 0x00000151f316d630 flushing nmethod 0x00000151e5e8ed10
Event: 116.993 Thread 0x00000151f316d630 flushing nmethod 0x00000151e5e16b90
Event: 116.993 Thread 0x00000151f316d630 flushing nmethod 0x00000151e5e0ed10
Event: 116.993 Thread 0x00000151f316d630 flushing nmethod 0x00000151e5e14490
Event: 116.994 Thread 0x00000151f316d630 flushing nmethod 0x00000151e5c96f90
Event: 116.994 Thread 0x00000151f316d630 flushing nmethod 0x00000151e5d7e110
Event: 116.994 Thread 0x00000151f316d630 flushing nmethod 0x00000151e5d5cb90
Event: 116.994 Thread 0x00000151f316d630 flushing nmethod 0x00000151e5cdbc10
Event: 116.994 Thread 0x00000151f316d630 flushing nmethod 0x00000151e5be7810
Event: 116.994 Thread 0x00000151f316d630 flushing nmethod 0x00000151e5c42610
Event: 116.994 Thread 0x00000151f316d630 flushing nmethod 0x00000151e5ba2110
Event: 118.019 Thread 0x00000151fe2dfed0 Thread exited: 0x00000151fe2dfed0
Event: 118.053 Thread 0x00000151faf02cd0 Thread exited: 0x00000151faf02cd0
Event: 118.195 Thread 0x00000151faeb93d0 Thread added: 0x00000151faeb93d0


Dynamic libraries:
0x00007ff77f610000 - 0x00007ff77f620000 	C:\Program Files\Java\jdk-20\bin\java.exe
0x00007ff951640000 - 0x00007ff9518a8000 	C:\WINDOWS\SYSTEM32\ntdll.dll
0x00007ff94fcf0000 - 0x00007ff94fdb9000 	C:\WINDOWS\System32\KERNEL32.DLL
0x00007ff94efe0000 - 0x00007ff94f3d1000 	C:\WINDOWS\System32\KERNELBASE.dll
0x00007ff94ee90000 - 0x00007ff94efdb000 	C:\WINDOWS\System32\ucrtbase.dll
0x00007ff91c4f0000 - 0x00007ff91c509000 	C:\Program Files\Java\jdk-20\bin\jli.dll
0x00007ff94f8f0000 - 0x00007ff94f9a4000 	C:\WINDOWS\System32\ADVAPI32.dll
0x00007ff94f570000 - 0x00007ff94f619000 	C:\WINDOWS\System32\msvcrt.dll
0x00007ff94f3e0000 - 0x00007ff94f486000 	C:\WINDOWS\System32\sechost.dll
0x00007ff950500000 - 0x00007ff950618000 	C:\WINDOWS\System32\RPCRT4.dll
0x00007ff951430000 - 0x00007ff9515f6000 	C:\WINDOWS\System32\USER32.dll
0x00007ff94e8d0000 - 0x00007ff94e8f7000 	C:\WINDOWS\System32\win32u.dll
0x00007ff91aea0000 - 0x00007ff91aebb000 	C:\Program Files\Java\jdk-20\bin\VCRUNTIME140.dll
0x00007ff94ff60000 - 0x00007ff94ff8b000 	C:\WINDOWS\System32\GDI32.dll
0x00007ff94eb40000 - 0x00007ff94ec6b000 	C:\WINDOWS\System32\gdi32full.dll
0x00007ff94ede0000 - 0x00007ff94ee83000 	C:\WINDOWS\System32\msvcp_win.dll
0x00007ff9328d0000 - 0x00007ff932b63000 	C:\WINDOWS\WinSxS\amd64_microsoft.windows.common-controls_6595b64144ccf1df_6.0.26100.7705_none_3e06597ae3363b04\COMCTL32.dll
0x00007ff9471d0000 - 0x00007ff9471db000 	C:\WINDOWS\SYSTEM32\VERSION.dll
0x00007ff94f620000 - 0x00007ff94f651000 	C:\WINDOWS\System32\IMM32.DLL
0x00007ff92dd50000 - 0x00007ff92dd5c000 	C:\Program Files\Java\jdk-20\bin\vcruntime140_1.dll
0x00007ff8da2f0000 - 0x00007ff8da37e000 	C:\Program Files\Java\jdk-20\bin\msvcp140.dll
0x00007ff8a0000000 - 0x00007ff8a0c97000 	C:\Program Files\Java\jdk-20\bin\server\jvm.dll
0x00007ff932b70000 - 0x00007ff932b7a000 	C:\WINDOWS\SYSTEM32\WSOCK32.dll
0x00007ff94fc70000 - 0x00007ff94fce4000 	C:\WINDOWS\System32\WS2_32.dll
0x00007ff94b080000 - 0x00007ff94b0b5000 	C:\WINDOWS\SYSTEM32\WINMM.dll
0x00007ff94ccb0000 - 0x00007ff94cccb000 	C:\WINDOWS\SYSTEM32\kernel.appcore.dll
0x00007ff91d2b0000 - 0x00007ff91d2ba000 	C:\Program Files\Java\jdk-20\bin\jimage.dll
0x00007ff94ba00000 - 0x00007ff94bc42000 	C:\WINDOWS\SYSTEM32\DBGHELP.DLL
0x00007ff9510a0000 - 0x00007ff951426000 	C:\WINDOWS\System32\combase.dll
0x00007ff94f9b0000 - 0x00007ff94fa87000 	C:\WINDOWS\System32\OLEAUT32.dll
0x00007ff934a70000 - 0x00007ff934aab000 	C:\WINDOWS\SYSTEM32\dbgcore.DLL
0x00007ff94df20000 - 0x00007ff94dfc5000 	C:\WINDOWS\System32\bcryptPrimitives.dll
0x00007ff90fdb0000 - 0x00007ff90fdbe000 	C:\Program Files\Java\jdk-20\bin\instrument.dll
0x00007ff90fd00000 - 0x00007ff90fd26000 	C:\Program Files\Java\jdk-20\bin\java.dll
0x00007ff8b5da0000 - 0x00007ff8b5e77000 	C:\Program Files\Java\jdk-20\bin\jsvml.dll
0x00007ff950750000 - 0x00007ff950ea1000 	C:\WINDOWS\System32\SHELL32.dll
0x00007ff94ec70000 - 0x00007ff94edda000 	C:\WINDOWS\System32\wintypes.dll
0x00007ff94e060000 - 0x00007ff94e8c2000 	C:\WINDOWS\System32\windows.storage.dll
0x00007ff950650000 - 0x00007ff950746000 	C:\WINDOWS\System32\SHCORE.dll
0x00007ff950420000 - 0x00007ff950487000 	C:\WINDOWS\System32\shlwapi.dll
0x00007ff94de40000 - 0x00007ff94de69000 	C:\WINDOWS\SYSTEM32\profapi.dll
0x00007ff90cc40000 - 0x00007ff90cc58000 	C:\Program Files\Java\jdk-20\bin\zip.dll
0x00007ff910040000 - 0x00007ff910053000 	C:\Program Files\Java\jdk-20\bin\net.dll
0x00007ff943870000 - 0x00007ff943997000 	C:\WINDOWS\SYSTEM32\WINHTTP.dll
0x00007ff94d240000 - 0x00007ff94d2ab000 	C:\WINDOWS\system32\mswsock.dll
0x00007ff90cc60000 - 0x00007ff90cc76000 	C:\Program Files\Java\jdk-20\bin\nio.dll
0x00007ff91aa50000 - 0x00007ff91aa60000 	C:\Program Files\Java\jdk-20\bin\verify.dll
0x00007ff948d00000 - 0x00007ff948d27000 	C:\Users\admin\.gradle\native\1def1411415f61bf3af743bc5b6707747c0891f09f0c88961ee8f79bc544acac\windows-amd64\native-platform.dll
0x00007ff8c75b0000 - 0x00007ff8c7628000 	C:\Users\admin\.gradle\native\0.2.7\x86_64-windows-gnu\gradle-fileevents.dll
0x00007ff9179a0000 - 0x00007ff9179aa000 	C:\Program Files\Java\jdk-20\bin\management.dll
0x00007ff917940000 - 0x00007ff91794b000 	C:\Program Files\Java\jdk-20\bin\management_ext.dll
0x00007ff94f8e0000 - 0x00007ff94f8e8000 	C:\WINDOWS\System32\PSAPI.DLL
0x00007ff94c6f0000 - 0x00007ff94c724000 	C:\WINDOWS\SYSTEM32\IPHLPAPI.DLL
0x00007ff94f760000 - 0x00007ff94f76a000 	C:\WINDOWS\System32\NSI.dll
0x00007ff9439c0000 - 0x00007ff9439de000 	C:\WINDOWS\SYSTEM32\dhcpcsvc6.DLL
0x00007ff942fe0000 - 0x00007ff943003000 	C:\WINDOWS\SYSTEM32\dhcpcsvc.DLL
0x00007ff94c790000 - 0x00007ff94c8bc000 	C:\WINDOWS\SYSTEM32\DNSAPI.dll
0x00007ff910180000 - 0x00007ff910187000 	C:\Program Files\Java\jdk-20\bin\extnet.dll
0x00007ff94d500000 - 0x00007ff94d51b000 	C:\WINDOWS\SYSTEM32\CRYPTSP.dll
0x00007ff94cc10000 - 0x00007ff94cc49000 	C:\WINDOWS\system32\rsaenh.dll
0x00007ff94d2f0000 - 0x00007ff94d31b000 	C:\WINDOWS\SYSTEM32\USERENV.dll
0x00007ff94de10000 - 0x00007ff94de3a000 	C:\WINDOWS\SYSTEM32\bcrypt.dll
0x00007ff94d520000 - 0x00007ff94d52c000 	C:\WINDOWS\SYSTEM32\CRYPTBASE.dll
0x00007ff936420000 - 0x00007ff93642e000 	C:\Program Files\Java\jdk-20\bin\sunmscapi.dll
0x00007ff94e900000 - 0x00007ff94ea77000 	C:\WINDOWS\System32\CRYPT32.dll
0x00007ff94d720000 - 0x00007ff94d750000 	C:\WINDOWS\SYSTEM32\ncrypt.dll
0x00007ff94d6d0000 - 0x00007ff94d70f000 	C:\WINDOWS\SYSTEM32\NTASN1.dll
0x00007ff8deb20000 - 0x00007ff8deb28000 	C:\WINDOWS\system32\wshunix.dll
0x00007ff8de850000 - 0x00007ff8de868000 	C:\WINDOWS\system32\napinsp.dll
0x00007ff8de830000 - 0x00007ff8de842000 	C:\WINDOWS\System32\winrnr.dll
0x00007ff8de990000 - 0x00007ff8de9b2000 	C:\WINDOWS\system32\nlansp_c.dll
0x00007ff942b10000 - 0x00007ff942b26000 	C:\WINDOWS\system32\wshbth.dll
0x00007ff942040000 - 0x00007ff94204b000 	C:\Windows\System32\rasadhlp.dll
0x00007ff942200000 - 0x00007ff942286000 	C:\WINDOWS\System32\fwpuclnt.dll
0x00007ff93ce40000 - 0x00007ff93ce5e000 	C:\Users\admin\AppData\Local\Temp\native-platform13970825023063279835dir\native-platform.dll

dbghelp: loaded successfully - version: 4.0.5 - missing functions: none
symbol engine: initialized successfully - sym options: 0x614 - pdb path: .;C:\Program Files\Java\jdk-20\bin;C:\WINDOWS\SYSTEM32;C:\WINDOWS\WinSxS\amd64_microsoft.windows.common-controls_6595b64144ccf1df_6.0.26100.7705_none_3e06597ae3363b04;C:\Program Files\Java\jdk-20\bin\server;C:\Users\admin\.gradle\native\1def1411415f61bf3af743bc5b6707747c0891f09f0c88961ee8f79bc544acac\windows-amd64;C:\Users\admin\.gradle\native\0.2.7\x86_64-windows-gnu;C:\Users\admin\AppData\Local\Temp\native-platform13970825023063279835dir

VM Arguments:
jvm_args: --add-opens=java.base/java.lang=ALL-UNNAMED --add-opens=java.base/java.lang.invoke=ALL-UNNAMED --add-opens=java.base/java.util=ALL-UNNAMED --add-opens=java.prefs/java.util.prefs=ALL-UNNAMED --add-exports=jdk.compiler/com.sun.tools.javac.api=ALL-UNNAMED --add-exports=jdk.compiler/com.sun.tools.javac.util=ALL-UNNAMED --add-opens=java.base/java.util=ALL-UNNAMED --add-opens=java.prefs/java.util.prefs=ALL-UNNAMED --add-opens=java.base/java.nio.charset=ALL-UNNAMED --add-opens=java.base/java.net=ALL-UNNAMED --add-opens=java.base/java.util.concurrent.atomic=ALL-UNNAMED --add-opens=java.xml/javax.xml.namespace=ALL-UNNAMED -Xmx2048m -Dfile.encoding=UTF-8 -Duser.country=GB -Duser.language=en -Duser.variant -javaagent:C:\Users\admin\.gradle\wrapper\dists\gradle-8.14.4-bin\92wwslzcyst3phie3o264zltu\gradle-8.14.4\lib\agents\gradle-instrumentation-agent-8.14.4.jar 
java_command: org.gradle.launcher.daemon.bootstrap.GradleDaemon 8.14.4
java_class_path (initial): C:\Users\admin\.gradle\wrapper\dists\gradle-8.14.4-bin\92wwslzcyst3phie3o264zltu\gradle-8.14.4\lib\gradle-daemon-main-8.14.4.jar
Launcher Type: SUN_STANDARD

[Global flags]
     intx CICompilerCount                          = 4                                         {product} {ergonomic}
     uint ConcGCThreads                            = 2                                         {product} {ergonomic}
     uint G1ConcRefinementThreads                  = 8                                         {product} {ergonomic}
   size_t G1HeapRegionSize                         = 1048576                                   {product} {ergonomic}
    uintx GCDrainStackTargetSize                   = 64                                        {product} {ergonomic}
   size_t InitialHeapSize                          = 117440512                                 {product} {ergonomic}
   size_t MarkStackSize                            = 4194304                                   {product} {ergonomic}
   size_t MaxHeapSize                              = 2147483648                                {product} {command line}
   size_t MaxNewSize                               = 1287651328                                {product} {ergonomic}
   size_t MinHeapDeltaBytes                        = 1048576                                   {product} {ergonomic}
   size_t MinHeapSize                              = 8388608                                   {product} {ergonomic}
    uintx NonNMethodCodeHeapSize                   = 5839372                                {pd product} {ergonomic}
    uintx NonProfiledCodeHeapSize                  = 122909434                              {pd product} {ergonomic}
    uintx ProfiledCodeHeapSize                     = 122909434                              {pd product} {ergonomic}
    uintx ReservedCodeCacheSize                    = 251658240                              {pd product} {ergonomic}
     bool SegmentedCodeCache                       = true                                      {product} {ergonomic}
   size_t SoftMaxHeapSize                          = 2147483648                             {manageable} {ergonomic}
     bool UseCompressedClassPointers               = true                           {product lp64_product} {ergonomic}
     bool UseCompressedOops                        = true                           {product lp64_product} {ergonomic}
     bool UseG1GC                                  = true                                      {product} {ergonomic}
     bool UseLargePagesIndividualAllocation        = false                                  {pd product} {ergonomic}

Logging:
Log output configuration:
 #0: stdout all=warning uptime,level,tags foldmultilines=false
 #1: stderr all=off uptime,level,tags foldmultilines=false

Environment Variables:
JAVA_HOME=C:\Program Files\Java\jdk-20
PATH=C:\Program Files\Common Files\Oracle\Java\javapath;C:\WINDOWS\system32;C:\WINDOWS;C:\WINDOWS\System32\Wbem;C:\WINDOWS\System32\WindowsPowerShell\v1.0\;C:\WINDOWS\System32\OpenSSH\;C:\Program Files\Java\jdk-20\bin;C:\Users\admin\AppData\Local\Packages\PythonSoftwareFoundation.Python.3.11_qbz5n2kfra8p0\LocalCache\local-packages\Python311\Scripts;C:\Users\admin\AppData\Local\Programs\Python\Python311\python.exe;C:\Users\admin\OneDrive\Apps\Documents\chromedriver-win64\chromedriver.exe;C:\Program Files\Git\cmd;C:\Users\admin\AppData\Local\Pub\Cache\bin\flutterfire.bat;C:\Users\admin\Documents\firebase-tools-instant-win.exe;C:\Users\admin\shorebird\bin;C:\Users\admin\flutter\bin;C:\Users\admin\flutter\dev;C:\Program Files\Docker\Docker\resources\bin;C:\Program Files\Amazon\AWSCLIV2\;C:\Program Files\PowerShell\7\;%NVM_HOME%;%NVM_SYMLINK%;C:\Users\admin\.local\bin;C:\Users\admin\AppData\Local\Programs\Python\Python311\Scripts\;C:\Users\admin\AppData\Local\Programs\Python\Python311\;C:\Users\admin\AppData\Local\Microsoft\WindowsApps;C:\Program Files\JetBrains\IntelliJ IDEA Community Edition 2023.1.2\bin;C:\Program Files\JetBrains\PyCharm 2023.2.1\bin;C:\Program Files\JetBrains\PyCharm Community Edition 2023.2.1\bin;C:\Users\admin\AppData\Local\JetBrains\Toolbox\scripts;C:\Program Files\JetBrains\PyCharm 2024.1.1\bin;;C:\dart-sdk\bin;C:\Users\admin\Documents\firebase-tools-instant-win.exe;C:\Users\admin\AppData\Local\Pub\Cache\bin;C:\Users\admin\AppData\Roaming\npm;C:\Users\admin\shorebird\bin;C:\Users\admin\flutter\bin;C:\Users\admin\flutter\dev;C:\Users\admin\AppData\Local\Microsoft\WindowsApps;C:\Users\admin\AppData\Local\Programs\Ollama;C:\Users\admin\AppData\Local\Programs\Microsoft VS Code\bin;C:\Users\admin\AppData\Local\nvm;C:\nvm4w\nodejs
USERNAME=admin
OS=Windows_NT
PROCESSOR_IDENTIFIER=AMD64 Family 23 Model 24 Stepping 1, AuthenticAMD
TMP=C:\Users\admin\AppData\Local\Temp
TEMP=C:\Users\admin\AppData\Local\Temp




---------------  S Y S T E M  ---------------

OS:
 Windows 11 , 64 bit Build 26100 (10.0.26100.7705)
OS uptime: 0 days 14:51 hours
Hyper-V role detected

CPU: total 8 (initial active 8) (8 cores per cpu, 2 threads per core) family 23 model 24 stepping 1 microcode 0x8108109, cx8, cmov, fxsr, ht, mmx, 3dnowpref, sse, sse2, sse3, ssse3, sse4a, sse4.1, sse4.2, popcnt, lzcnt, tsc, tscinvbit, avx, avx2, aes, clmul, bmi1, bmi2, adx, sha, fma, vzeroupper, clflush, clflushopt, hv, rdtscp, f16c

Memory: 4k page, system-wide physical 7103M (489M free)
TotalPageFile size 15103M (AvailPageFile size 20M)
current process WorkingSet (physical memory assigned to process): 476M, peak: 479M
current process commit charge ("private bytes"): 696M, peak: 1157M

vm_info: Java HotSpot(TM) 64-Bit Server VM (20.0.1+9-29) for windows-amd64 JRE (20.0.1+9-29), built on 2023-03-07T13:56:11Z by "mach5one" with MS VC++ 17.1 (VS2022)

END.
