#
# There is insufficient memory for the Java Runtime Environment to continue.
# Native memory allocation (mmap) failed to map 183500800 bytes for G1 virtual space
# Possible reasons:
#   The system is out of physical RAM or swap space
#   The process is running with CompressedOops enabled, and the Java Heap may be blocking the growth of the native heap
# Possible solutions:
#   Reduce memory load on the system
#   Increase physical memory or swap space
#   Check if swap backing store is full
#   Decrease Java heap size (-Xmx/-Xms)
#   Decrease number of Java threads
#   Decrease Java thread stack sizes (-Xss)
#   Set larger code cache with -XX:ReservedCodeCacheSize=
#   JVM is running with Unscaled Compressed Oops mode in which the Java heap is
#     placed in the first 4GB address space. The Java Heap base address is the
#     maximum limit for the native heap growth. Please use -XX:HeapBaseMinAddress
#     to set the Java Heap base and to place the Java Heap above 4GB virtual address.
# This output file may be truncated or incomplete.
#
#  Out of Memory Error (os_windows.cpp:3528), pid=13200, tid=5676
#
# JRE version: Java(TM) SE Runtime Environment (20.0.1+9) (build 20.0.1+9-29)
# Java VM: Java HotSpot(TM) 64-Bit Server VM (20.0.1+9-29, mixed mode, sharing, tiered, compressed oops, compressed class ptrs, g1 gc, windows-amd64)
# No core dump will be written. Minidumps are not enabled by default on client versions of Windows
#

---------------  S U M M A R Y ------------

Command Line: --add-opens=java.base/java.lang=ALL-UNNAMED --add-opens=java.base/java.lang.invoke=ALL-UNNAMED --add-opens=java.base/java.util=ALL-UNNAMED --add-opens=java.prefs/java.util.prefs=ALL-UNNAMED --add-exports=jdk.compiler/com.sun.tools.javac.api=ALL-UNNAMED --add-exports=jdk.compiler/com.sun.tools.javac.util=ALL-UNNAMED --add-opens=java.base/java.util=ALL-UNNAMED --add-opens=java.prefs/java.util.prefs=ALL-UNNAMED --add-opens=java.base/java.nio.charset=ALL-UNNAMED --add-opens=java.base/java.net=ALL-UNNAMED --add-opens=java.base/java.util.concurrent.atomic=ALL-UNNAMED --add-opens=java.xml/javax.xml.namespace=ALL-UNNAMED -Xmx2048m -Dfile.encoding=UTF-8 -Duser.country=GB -Duser.language=en -Duser.variant -javaagent:C:\Users\admin\.gradle\wrapper\dists\gradle-8.14.4-bin\92wwslzcyst3phie3o264zltu\gradle-8.14.4\lib\agents\gradle-instrumentation-agent-8.14.4.jar org.gradle.launcher.daemon.bootstrap.GradleDaemon 8.14.4

Host: AMD Ryzen 5 3500U with Radeon Vega Mobile Gfx  , 8 cores, 6G,  Windows 11 , 64 bit Build 26100 (10.0.26100.7705)
Time: Mon May 25 17:58:39 2026 South Africa Standard Time elapsed time: 55.527933 seconds (0d 0h 0m 55s)

---------------  T H R E A D  ---------------

Current thread (0x000002a8f8e61160):  VMThread "VM Thread" [stack: 0x000000f633700000,0x000000f633800000] [id=5676]

Stack: [0x000000f633700000,0x000000f633800000]
Native frames: (J=compiled Java code, j=interpreted, Vv=VM code, C=native code)
V  [jvm.dll+0x6bb95a]
V  [jvm.dll+0x8485fa]
V  [jvm.dll+0x84a1f5]
V  [jvm.dll+0x84a8f3]
V  [jvm.dll+0x280b0f]
V  [jvm.dll+0x6b86e9]
V  [jvm.dll+0x6ad2da]
V  [jvm.dll+0x35adf5]
V  [jvm.dll+0x363016]
V  [jvm.dll+0x3b3b3e]
V  [jvm.dll+0x3b3dc5]
V  [jvm.dll+0x32b50a]
V  [jvm.dll+0x32e126]
V  [jvm.dll+0x3381ee]
V  [jvm.dll+0x371a5a]
V  [jvm.dll+0x85023e]
V  [jvm.dll+0x851351]
V  [jvm.dll+0x851859]
V  [jvm.dll+0x851ad3]
V  [jvm.dll+0x7f4b56]
V  [jvm.dll+0x6ba5cb]
C  [ucrtbase.dll+0x37b0]
C  [KERNEL32.DLL+0x2e8d7]
C  [ntdll.dll+0x8c40c]

VM_Operation (0x000000f6333ff440): G1PauseRemark, mode: safepoint, requested by thread 0x000002a8da525d50


---------------  P R O C E S S  ---------------

Threads class SMR info:
_java_thread_list=0x000002a883281550, length=155, elements={
0x000002a8da4b29f0, 0x000002a8f8e853c0, 0x000002a8f8e85fa0, 0x000002a8f8e89550,
0x000002a8f8e8bea0, 0x000002a8f8e8cb20, 0x000002a8f8e8dc00, 0x000002a8f8e92510,
0x000002a8f8e96650, 0x000002a8fd085a50, 0x000002a8fd2a3710, 0x000002a8fe057270,
0x000002a8fe152890, 0x000002a8fd0c73e0, 0x000002a8fd3aab00, 0x000002a8fde29d70,
0x000002a8fde2b2b0, 0x000002a8fde2a2c0, 0x000002a8fde2ad60, 0x000002a8fde2a810,
0x000002a8fde28d80, 0x000002a8fde29820, 0x000002a8fde2b800, 0x000002a8fde28830,
0x000002a880b1d040, 0x000002a880b1fac0, 0x000002a880b1d590, 0x000002a880b1dae0,
0x000002a880b20010, 0x000002a880b21aa0, 0x000002a880b1ead0, 0x000002a880b1f570,
0x000002a880b22fe0, 0x000002a880b23a80, 0x000002a880b20560, 0x000002a880b23530,
0x000002a880b20ab0, 0x000002a88089e5d0, 0x000002a88089eb20, 0x000002a88089f070,
0x000002a88089f5c0, 0x000002a8808a05b0, 0x000002a88089e080, 0x000002a8808a0b00,
0x000002a8808a1050, 0x000002a88089d5e0, 0x000002a8808a15a0, 0x000002a88089db30,
0x000002a8808a3030, 0x000002a8808a4570, 0x000002a8808a1af0, 0x000002a8808a2040,
0x000002a8808a2590, 0x000002a8808a3ad0, 0x000002a8808a4020, 0x000002a8808a3580,
0x000002a8808a2ae0, 0x000002a8808a4ac0, 0x000002a880c83750, 0x000002a880c82cb0,
0x000002a880c85730, 0x000002a880c861d0, 0x000002a880c83200, 0x000002a880c86720,
0x000002a880c851e0, 0x000002a880c87710, 0x000002a880c87c60, 0x000002a880c891a0,
0x000002a880c88c50, 0x000002a880c8a190, 0x000002a880b1c5a0, 0x000002a880b21550,
0x000002a880c8a6e0, 0x000002a8ff7710b0, 0x000002a8ff771b50, 0x000002a8ff76eb80,
0x000002a8ff7720a0, 0x000002a8ff76f620, 0x000002a8ff770b60, 0x000002a8ff76fb70,
0x000002a8ff771600, 0x000002a8ff770610, 0x000002a8829caac0, 0x000002a8829c9ad0,
0x000002a8829ccaa0, 0x000002a8829ca570, 0x000002a8829cb010, 0x000002a8829ccff0,
0x000002a8829cc550, 0x000002a8829ca020, 0x000002a8829cbab0, 0x000002a8829cdfe0,
0x000002a8829cd540, 0x000002a8829cea80, 0x000002a8829cb560, 0x000002a8829cda90,
0x000002a8829cf520, 0x000002a8829cfa70, 0x000002a8829cc000, 0x000002a8829cffc0,
0x000002a8829d0510, 0x000002a8829ce530, 0x000002a8829d0a60, 0x000002a8829cefd0,
0x000002a8829d0fb0, 0x000002a8829d1500, 0x000002a887924030, 0x000002a887921b00,
0x000002a887922050, 0x000002a887922af0, 0x000002a887921060, 0x000002a887924580,
0x000002a8879215b0, 0x000002a887925020, 0x000002a887925570, 0x000002a887923040,
0x000002a887924ad0, 0x000002a887925ac0, 0x000002a887926010, 0x000002a8879225a0,
0x000002a887923590, 0x000002a887926560, 0x000002a887926ab0, 0x000002a887927000,
0x000002a887927550, 0x000002a887927aa0, 0x000002a887927ff0, 0x000002a887928540,
0x000002a887928a90, 0x000002a8fe219af0, 0x000002a8fe219050, 0x000002a8fe217070,
0x000002a8fe2195a0, 0x000002a8fe217b10, 0x000002a8fe2185b0, 0x000002a8fe21a590,
0x000002a8fe218b00, 0x000002a8fe21b030, 0x000002a8fe2175c0, 0x000002a8fe21b580,
0x000002a8fe21bad0, 0x000002a8fe218060, 0x000002a8fe21d010, 0x000002a8fe21c570,
0x000002a8fe21cac0, 0x000002a8fe21aae0, 0x000002a8fe21d560, 0x000002a8fe21dab0,
0x000002a8fe21e000, 0x000002a8fe21e550, 0x000002a8fe21eaa0, 0x000002a880b22540,
0x000002a889575a00, 0x000002a888c9ceb0, 0x000002a888c9b870
}

Java Threads: ( => current thread )
  0x000002a8da4b29f0 JavaThread "main" [_thread_blocked, id=15924, stack(0x000000f633100000,0x000000f633200000)]
  0x000002a8f8e853c0 JavaThread "Reference Handler" daemon [_thread_blocked, id=7684, stack(0x000000f633800000,0x000000f633900000)]
  0x000002a8f8e85fa0 JavaThread "Finalizer" daemon [_thread_blocked, id=10624, stack(0x000000f633900000,0x000000f633a00000)]
  0x000002a8f8e89550 JavaThread "Signal Dispatcher" daemon [_thread_blocked, id=18056, stack(0x000000f633a00000,0x000000f633b00000)]
  0x000002a8f8e8bea0 JavaThread "Attach Listener" daemon [_thread_blocked, id=12936, stack(0x000000f633b00000,0x000000f633c00000)]
  0x000002a8f8e8cb20 JavaThread "Service Thread" daemon [_thread_blocked, id=18856, stack(0x000000f633c00000,0x000000f633d00000)]
  0x000002a8f8e8dc00 JavaThread "Monitor Deflation Thread" daemon [_thread_blocked, id=17384, stack(0x000000f633d00000,0x000000f633e00000)]
  0x000002a8f8e92510 JavaThread "C2 CompilerThread0" daemon [_thread_blocked, id=9588, stack(0x000000f633e00000,0x000000f633f00000)]
  0x000002a8f8e96650 JavaThread "C1 CompilerThread0" daemon [_thread_blocked, id=15196, stack(0x000000f633f00000,0x000000f634000000)]
  0x000002a8fd085a50 JavaThread "Common-Cleaner" daemon [_thread_blocked, id=13048, stack(0x000000f634000000,0x000000f634100000)]
  0x000002a8fd2a3710 JavaThread "Notification Thread" daemon [_thread_blocked, id=19144, stack(0x000000f634100000,0x000000f634200000)]
  0x000002a8fe057270 JavaThread "Daemon health stats" [_thread_blocked, id=3600, stack(0x000000f634800000,0x000000f634900000)]
  0x000002a8fe152890 JavaThread "Incoming local TCP Connector on port 55469" [_thread_in_native, id=7824, stack(0x000000f634900000,0x000000f634a00000)]
  0x000002a8fd0c73e0 JavaThread "Daemon periodic checks" [_thread_blocked, id=8120, stack(0x000000f634a00000,0x000000f634b00000)]
  0x000002a8fd3aab00 JavaThread "Daemon" [_thread_blocked, id=12964, stack(0x000000f634b00000,0x000000f634c00000)]
  0x000002a8fde29d70 JavaThread "Handler for socket connection from /127.0.0.1:55469 to /127.0.0.1:55470" [_thread_in_native, id=11720, stack(0x000000f634c00000,0x000000f634d00000)]
  0x000002a8fde2b2b0 JavaThread "Cancel handler" [_thread_blocked, id=15468, stack(0x000000f634d00000,0x000000f634e00000)]
  0x000002a8fde2a2c0 JavaThread "Daemon worker" [_thread_blocked, id=9952, stack(0x000000f634e00000,0x000000f634f00000)]
  0x000002a8fde2ad60 JavaThread "Asynchronous log dispatcher for DefaultDaemonConnection: socket connection from /127.0.0.1:55469 to /127.0.0.1:55470" [_thread_blocked, id=15248, stack(0x000000f634f00000,0x000000f635000000)]
  0x000002a8fde2a810 JavaThread "Stdin handler" [_thread_blocked, id=9312, stack(0x000000f635000000,0x000000f635100000)]
  0x000002a8fde28d80 JavaThread "Daemon client event forwarder" [_thread_blocked, id=18580, stack(0x000000f635100000,0x000000f635200000)]
  0x000002a8fde29820 JavaThread "Cache worker for journal cache (C:\Users\admin\.gradle\caches\journal-1)" [_thread_blocked, id=10296, stack(0x000000f635200000,0x000000f635300000)]
  0x000002a8fde2b800 JavaThread "File lock request listener" [_thread_in_native, id=11104, stack(0x000000f635300000,0x000000f635400000)]
  0x000002a8fde28830 JavaThread "Cache worker for file hash cache (C:\Users\admin\.gradle\caches\8.14.4\fileHashes)" [_thread_blocked, id=7808, stack(0x000000f635400000,0x000000f635500000)]
  0x000002a880b1d040 JavaThread "Cache worker for file hash cache (C:\Users\admin\Desktop\ORGANISED\Git\android\.gradle\8.14.4\fileHashes)" [_thread_blocked, id=4428, stack(0x000000f635900000,0x000000f635a00000)]
  0x000002a880b1fac0 JavaThread "Cache worker for Build Output Cleanup Cache (C:\Users\admin\Desktop\ORGANISED\Git\android\.gradle\buildOutputCleanup)" [_thread_blocked, id=9844, stack(0x000000f635a00000,0x000000f635b00000)]
  0x000002a880b1d590 JavaThread "File watcher server" daemon [_thread_blocked, id=12120, stack(0x000000f635b00000,0x000000f635c00000)]
  0x000002a880b1dae0 JavaThread "File watcher consumer" daemon [_thread_blocked, id=17240, stack(0x000000f635c00000,0x000000f635d00000)]
  0x000002a880b20010 JavaThread "jar transforms" [_thread_blocked, id=9732, stack(0x000000f635d00000,0x000000f635e00000)]
  0x000002a880b21aa0 JavaThread "Cache worker for checksums cache (C:\Users\admin\Desktop\ORGANISED\Git\android\.gradle\8.14.4\checksums)" [_thread_blocked, id=19076, stack(0x000000f635e00000,0x000000f635f00000)]
  0x000002a880b1ead0 JavaThread "Cache worker for file content cache (C:\Users\admin\.gradle\caches\8.14.4\fileContent)" [_thread_blocked, id=5384, stack(0x000000f635f00000,0x000000f636000000)]
  0x000002a880b1f570 JavaThread "Cache worker for cache directory md-supplier (C:\Users\admin\.gradle\caches\8.14.4\md-supplier)" [_thread_blocked, id=10956, stack(0x000000f636000000,0x000000f636100000)]
  0x000002a880b22fe0 JavaThread "Cache worker for cache directory md-rule (C:\Users\admin\.gradle\caches\8.14.4\md-rule)" [_thread_blocked, id=10720, stack(0x000000f636100000,0x000000f636200000)]
  0x000002a880b23a80 JavaThread "Unconstrained build operations" [_thread_blocked, id=1528, stack(0x000000f636200000,0x000000f636300000)]
  0x000002a880b20560 JavaThread "Unconstrained build operations Thread 2" [_thread_blocked, id=15396, stack(0x000000f636300000,0x000000f636400000)]
  0x000002a880b23530 JavaThread "Unconstrained build operations Thread 3" [_thread_blocked, id=17740, stack(0x000000f636400000,0x000000f636500000)]
  0x000002a880b20ab0 JavaThread "Unconstrained build operations Thread 4" [_thread_blocked, id=17180, stack(0x000000f636500000,0x000000f636600000)]
  0x000002a88089e5d0 JavaThread "Unconstrained build operations Thread 5" [_thread_blocked, id=316, stack(0x000000f636600000,0x000000f636700000)]
  0x000002a88089eb20 JavaThread "Unconstrained build operations Thread 6" [_thread_blocked, id=18816, stack(0x000000f636700000,0x000000f636800000)]
  0x000002a88089f070 JavaThread "jar transforms Thread 2" [_thread_blocked, id=3904, stack(0x000000f636800000,0x000000f636900000)]
  0x000002a88089f5c0 JavaThread "jar transforms Thread 3" [_thread_blocked, id=7776, stack(0x000000f636900000,0x000000f636a00000)]
  0x000002a8808a05b0 JavaThread "Unconstrained build operations Thread 7" [_thread_blocked, id=17580, stack(0x000000f636a00000,0x000000f636b00000)]
  0x000002a88089e080 JavaThread "Unconstrained build operations Thread 8" [_thread_blocked, id=9368, stack(0x000000f636b00000,0x000000f636c00000)]
  0x000002a8808a0b00 JavaThread "Unconstrained build operations Thread 9" [_thread_blocked, id=18976, stack(0x000000f636c00000,0x000000f636d00000)]
  0x000002a8808a1050 JavaThread "Unconstrained build operations Thread 10" [_thread_blocked, id=16932, stack(0x000000f636d00000,0x000000f636e00000)]
  0x000002a88089d5e0 JavaThread "Unconstrained build operations Thread 11" [_thread_blocked, id=2748, stack(0x000000f636e00000,0x000000f636f00000)]
  0x000002a8808a15a0 JavaThread "Unconstrained build operations Thread 12" [_thread_blocked, id=8004, stack(0x000000f636f00000,0x000000f637000000)]
  0x000002a88089db30 JavaThread "Unconstrained build operations Thread 13" [_thread_blocked, id=7840, stack(0x000000f637000000,0x000000f637100000)]
  0x000002a8808a3030 JavaThread "Unconstrained build operations Thread 14" [_thread_blocked, id=16268, stack(0x000000f637100000,0x000000f637200000)]
  0x000002a8808a4570 JavaThread "Unconstrained build operations Thread 15" [_thread_blocked, id=18988, stack(0x000000f637200000,0x000000f637300000)]
  0x000002a8808a1af0 JavaThread "Unconstrained build operations Thread 16" [_thread_blocked, id=18444, stack(0x000000f637300000,0x000000f637400000)]
  0x000002a8808a2040 JavaThread "Unconstrained build operations Thread 17" [_thread_blocked, id=9648, stack(0x000000f637400000,0x000000f637500000)]
  0x000002a8808a2590 JavaThread "Unconstrained build operations Thread 18" [_thread_blocked, id=4040, stack(0x000000f637500000,0x000000f637600000)]
  0x000002a8808a3ad0 JavaThread "Unconstrained build operations Thread 19" [_thread_blocked, id=2432, stack(0x000000f637600000,0x000000f637700000)]
  0x000002a8808a4020 JavaThread "Unconstrained build operations Thread 20" [_thread_blocked, id=14760, stack(0x000000f637700000,0x000000f637800000)]
  0x000002a8808a3580 JavaThread "Unconstrained build operations Thread 21" [_thread_blocked, id=18204, stack(0x000000f637800000,0x000000f637900000)]
  0x000002a8808a2ae0 JavaThread "Unconstrained build operations Thread 22" [_thread_blocked, id=3876, stack(0x000000f637900000,0x000000f637a00000)]
  0x000002a8808a4ac0 JavaThread "Unconstrained build operations Thread 23" [_thread_blocked, id=10644, stack(0x000000f637a00000,0x000000f637b00000)]
  0x000002a880c83750 JavaThread "Unconstrained build operations Thread 24" [_thread_blocked, id=2128, stack(0x000000f637b00000,0x000000f637c00000)]
  0x000002a880c82cb0 JavaThread "Unconstrained build operations Thread 25" [_thread_blocked, id=12804, stack(0x000000f637c00000,0x000000f637d00000)]
  0x000002a880c85730 JavaThread "Unconstrained build operations Thread 26" [_thread_blocked, id=9976, stack(0x000000f637d00000,0x000000f637e00000)]
  0x000002a880c861d0 JavaThread "Unconstrained build operations Thread 27" [_thread_blocked, id=4672, stack(0x000000f637e00000,0x000000f637f00000)]
  0x000002a880c83200 JavaThread "jar transforms Thread 4" [_thread_blocked, id=3412, stack(0x000000f637f00000,0x000000f638000000)]
  0x000002a880c86720 JavaThread "Problems report writer" [_thread_blocked, id=8036, stack(0x000000f638000000,0x000000f638100000)]
  0x000002a880c851e0 JavaThread "jar transforms Thread 5" [_thread_blocked, id=500, stack(0x000000f638100000,0x000000f638200000)]
  0x000002a880c87710 JavaThread "Memory manager" [_thread_blocked, id=8240, stack(0x000000f635500000,0x000000f635600000)]
  0x000002a880c87c60 JavaThread "build event listener" [_thread_blocked, id=17228, stack(0x000000f638300000,0x000000f638400000)]
  0x000002a880c891a0 JavaThread "jar transforms Thread 6" [_thread_blocked, id=10804, stack(0x000000f632e00000,0x000000f632f00000)]
  0x000002a880c88c50 JavaThread "jar transforms Thread 7" [_thread_blocked, id=1424, stack(0x000000f638400000,0x000000f638500000)]
  0x000002a880c8a190 JavaThread "jar transforms Thread 8" [_thread_blocked, id=4308, stack(0x000000f638500000,0x000000f638600000)]
  0x000002a880b1c5a0 JavaThread "pool-3-thread-1" [_thread_blocked, id=9580, stack(0x000000f638200000,0x000000f638300000)]
  0x000002a880b21550 JavaThread "build event listener" [_thread_blocked, id=19384, stack(0x000000f638800000,0x000000f638900000)]
  0x000002a880c8a6e0 JavaThread "included builds" [_thread_blocked, id=2148, stack(0x000000f638900000,0x000000f638a00000)]
  0x000002a8ff7710b0 JavaThread "Execution worker" [_thread_blocked, id=7792, stack(0x000000f638a00000,0x000000f638b00000)]
  0x000002a8ff771b50 JavaThread "Execution worker Thread 2" [_thread_blocked, id=15376, stack(0x000000f638b00000,0x000000f638c00000)]
  0x000002a8ff76eb80 JavaThread "Execution worker Thread 3" [_thread_blocked, id=2572, stack(0x000000f638c00000,0x000000f638d00000)]
  0x000002a8ff7720a0 JavaThread "Execution worker Thread 4" [_thread_blocked, id=12812, stack(0x000000f638d00000,0x000000f638e00000)]
  0x000002a8ff76f620 JavaThread "Execution worker Thread 5" [_thread_blocked, id=8740, stack(0x000000f638e00000,0x000000f638f00000)]
  0x000002a8ff770b60 JavaThread "Execution worker Thread 6" [_thread_blocked, id=3860, stack(0x000000f638f00000,0x000000f639000000)]
  0x000002a8ff76fb70 JavaThread "Execution worker Thread 7" [_thread_blocked, id=15152, stack(0x000000f639000000,0x000000f639100000)]
  0x000002a8ff771600 JavaThread "Cache worker for execution history cache (C:\Users\admin\Desktop\ORGANISED\Git\android\.gradle\8.14.4\executionHistory)" [_thread_blocked, id=1368, stack(0x000000f639100000,0x000000f639200000)]
  0x000002a8ff770610 JavaThread "Unconstrained build operations Thread 28" [_thread_blocked, id=18720, stack(0x000000f639200000,0x000000f639300000)]
  0x000002a8829caac0 JavaThread "Unconstrained build operations Thread 29" [_thread_blocked, id=5880, stack(0x000000f639300000,0x000000f639400000)]
  0x000002a8829c9ad0 JavaThread "Unconstrained build operations Thread 30" [_thread_blocked, id=16796, stack(0x000000f639400000,0x000000f639500000)]
  0x000002a8829ccaa0 JavaThread "Unconstrained build operations Thread 31" [_thread_blocked, id=7884, stack(0x000000f639500000,0x000000f639600000)]
  0x000002a8829ca570 JavaThread "Unconstrained build operations Thread 32" [_thread_blocked, id=4812, stack(0x000000f639600000,0x000000f639700000)]
  0x000002a8829cb010 JavaThread "Unconstrained build operations Thread 33" [_thread_blocked, id=5960, stack(0x000000f639700000,0x000000f639800000)]
  0x000002a8829ccff0 JavaThread "Unconstrained build operations Thread 34" [_thread_blocked, id=8664, stack(0x000000f639800000,0x000000f639900000)]
  0x000002a8829cc550 JavaThread "Unconstrained build operations Thread 35" [_thread_blocked, id=3132, stack(0x000000f639900000,0x000000f639a00000)]
  0x000002a8829ca020 JavaThread "Unconstrained build operations Thread 36" [_thread_blocked, id=9512, stack(0x000000f639a00000,0x000000f639b00000)]
  0x000002a8829cbab0 JavaThread "Unconstrained build operations Thread 37" [_thread_blocked, id=4824, stack(0x000000f639b00000,0x000000f639c00000)]
  0x000002a8829cdfe0 JavaThread "Unconstrained build operations Thread 38" [_thread_blocked, id=17092, stack(0x000000f639c00000,0x000000f639d00000)]
  0x000002a8829cd540 JavaThread "Unconstrained build operations Thread 39" [_thread_blocked, id=17252, stack(0x000000f639d00000,0x000000f639e00000)]
  0x000002a8829cea80 JavaThread "Unconstrained build operations Thread 40" [_thread_blocked, id=9876, stack(0x000000f639e00000,0x000000f639f00000)]
  0x000002a8829cb560 JavaThread "Unconstrained build operations Thread 41" [_thread_blocked, id=9992, stack(0x000000f639f00000,0x000000f63a000000)]
  0x000002a8829cda90 JavaThread "Unconstrained build operations Thread 42" [_thread_blocked, id=11048, stack(0x000000f63a100000,0x000000f63a200000)]
  0x000002a8829cf520 JavaThread "Unconstrained build operations Thread 43" [_thread_blocked, id=14968, stack(0x000000f63a200000,0x000000f63a300000)]
  0x000002a8829cfa70 JavaThread "Unconstrained build operations Thread 44" [_thread_blocked, id=15952, stack(0x000000f63a300000,0x000000f63a400000)]
  0x000002a8829cc000 JavaThread "Unconstrained build operations Thread 45" [_thread_blocked, id=10072, stack(0x000000f63a400000,0x000000f63a500000)]
  0x000002a8829cffc0 JavaThread "Unconstrained build operations Thread 46" [_thread_blocked, id=8032, stack(0x000000f63a500000,0x000000f63a600000)]
  0x000002a8829d0510 JavaThread "Unconstrained build operations Thread 47" [_thread_blocked, id=5136, stack(0x000000f63a600000,0x000000f63a700000)]
  0x000002a8829ce530 JavaThread "Unconstrained build operations Thread 48" [_thread_blocked, id=3972, stack(0x000000f63a700000,0x000000f63a800000)]
  0x000002a8829d0a60 JavaThread "Unconstrained build operations Thread 49" [_thread_blocked, id=14348, stack(0x000000f63a800000,0x000000f63a900000)]
  0x000002a8829cefd0 JavaThread "Unconstrained build operations Thread 50" [_thread_blocked, id=17488, stack(0x000000f63a900000,0x000000f63aa00000)]
  0x000002a8829d0fb0 JavaThread "Unconstrained build operations Thread 51" [_thread_blocked, id=15772, stack(0x000000f63aa00000,0x000000f63ab00000)]
  0x000002a8829d1500 JavaThread "Unconstrained build operations Thread 52" [_thread_blocked, id=4920, stack(0x000000f63ab00000,0x000000f63ac00000)]
  0x000002a887924030 JavaThread "Unconstrained build operations Thread 53" [_thread_blocked, id=10484, stack(0x000000f63ac00000,0x000000f63ad00000)]
  0x000002a887921b00 JavaThread "Unconstrained build operations Thread 54" [_thread_blocked, id=17748, stack(0x000000f63ad00000,0x000000f63ae00000)]
  0x000002a887922050 JavaThread "Unconstrained build operations Thread 55" [_thread_blocked, id=13212, stack(0x000000f63ae00000,0x000000f63af00000)]
  0x000002a887922af0 JavaThread "Unconstrained build operations Thread 56" [_thread_blocked, id=14416, stack(0x000000f63af00000,0x000000f63b000000)]
  0x000002a887921060 JavaThread "Unconstrained build operations Thread 57" [_thread_blocked, id=18748, stack(0x000000f63b000000,0x000000f63b100000)]
  0x000002a887924580 JavaThread "Unconstrained build operations Thread 58" [_thread_blocked, id=2932, stack(0x000000f63b100000,0x000000f63b200000)]
  0x000002a8879215b0 JavaThread "Unconstrained build operations Thread 59" [_thread_blocked, id=6152, stack(0x000000f63b200000,0x000000f63b300000)]
  0x000002a887925020 JavaThread "Unconstrained build operations Thread 60" [_thread_blocked, id=13316, stack(0x000000f63b300000,0x000000f63b400000)]
  0x000002a887925570 JavaThread "Unconstrained build operations Thread 61" [_thread_blocked, id=3980, stack(0x000000f63b400000,0x000000f63b500000)]
  0x000002a887923040 JavaThread "Unconstrained build operations Thread 62" [_thread_blocked, id=8380, stack(0x000000f63b500000,0x000000f63b600000)]
  0x000002a887924ad0 JavaThread "Unconstrained build operations Thread 63" [_thread_blocked, id=2180, stack(0x000000f63b600000,0x000000f63b700000)]
  0x000002a887925ac0 JavaThread "WorkerExecutor Queue" [_thread_blocked, id=14928, stack(0x000000f63b700000,0x000000f63b800000)]
  0x000002a887926010 JavaThread "Unconstrained build operations Thread 64" [_thread_blocked, id=12888, stack(0x000000f63b800000,0x000000f63b900000)]
  0x000002a8879225a0 JavaThread "Unconstrained build operations Thread 65" [_thread_blocked, id=11576, stack(0x000000f63b900000,0x000000f63ba00000)]
  0x000002a887923590 JavaThread "Unconstrained build operations Thread 66" [_thread_blocked, id=19260, stack(0x000000f63ba00000,0x000000f63bb00000)]
  0x000002a887926560 JavaThread "Unconstrained build operations Thread 67" [_thread_blocked, id=15744, stack(0x000000f63bb00000,0x000000f63bc00000)]
  0x000002a887926ab0 JavaThread "Unconstrained build operations Thread 68" [_thread_blocked, id=11028, stack(0x000000f63bc00000,0x000000f63bd00000)]
  0x000002a887927000 JavaThread "Unconstrained build operations Thread 69" [_thread_blocked, id=3116, stack(0x000000f63bd00000,0x000000f63be00000)]
  0x000002a887927550 JavaThread "Unconstrained build operations Thread 70" [_thread_blocked, id=10748, stack(0x000000f63be00000,0x000000f63bf00000)]
  0x000002a887927aa0 JavaThread "Unconstrained build operations Thread 71" [_thread_blocked, id=1520, stack(0x000000f63bf00000,0x000000f63c000000)]
  0x000002a887927ff0 JavaThread "Unconstrained build operations Thread 72" [_thread_blocked, id=7872, stack(0x000000f63c000000,0x000000f63c100000)]
  0x000002a887928540 JavaThread "Unconstrained build operations Thread 73" [_thread_blocked, id=3324, stack(0x000000f63c100000,0x000000f63c200000)]
  0x000002a887928a90 JavaThread "Unconstrained build operations Thread 74" [_thread_blocked, id=16652, stack(0x000000f63c200000,0x000000f63c300000)]
  0x000002a8fe219af0 JavaThread "Unconstrained build operations Thread 75" [_thread_blocked, id=19092, stack(0x000000f63c300000,0x000000f63c400000)]
  0x000002a8fe219050 JavaThread "Unconstrained build operations Thread 76" [_thread_blocked, id=15048, stack(0x000000f63c400000,0x000000f63c500000)]
  0x000002a8fe217070 JavaThread "Unconstrained build operations Thread 77" [_thread_blocked, id=5488, stack(0x000000f63c500000,0x000000f63c600000)]
  0x000002a8fe2195a0 JavaThread "Unconstrained build operations Thread 78" [_thread_blocked, id=3064, stack(0x000000f63c600000,0x000000f63c700000)]
  0x000002a8fe217b10 JavaThread "Unconstrained build operations Thread 79" [_thread_blocked, id=17220, stack(0x000000f63c700000,0x000000f63c800000)]
  0x000002a8fe2185b0 JavaThread "Unconstrained build operations Thread 80" [_thread_blocked, id=10460, stack(0x000000f63c800000,0x000000f63c900000)]
  0x000002a8fe21a590 JavaThread "WorkerExecutor Queue Thread 2" [_thread_blocked, id=6692, stack(0x000000f63c900000,0x000000f63ca00000)]
  0x000002a8fe218b00 JavaThread "WorkerExecutor Queue Thread 3" [_thread_blocked, id=7740, stack(0x000000f63ca00000,0x000000f63cb00000)]
  0x000002a8fe21b030 JavaThread "WorkerExecutor Queue Thread 4" [_thread_blocked, id=14208, stack(0x000000f63cb00000,0x000000f63cc00000)]
  0x000002a8fe2175c0 JavaThread "WorkerExecutor Queue Thread 6" [_thread_blocked, id=11520, stack(0x000000f63cd00000,0x000000f63ce00000)]
  0x000002a8fe21b580 JavaThread "WorkerExecutor Queue Thread 7" [_thread_blocked, id=9800, stack(0x000000f63ce00000,0x000000f63cf00000)]
  0x000002a8fe21bad0 JavaThread "WorkerExecutor Queue Thread 8" [_thread_blocked, id=12576, stack(0x000000f63cf00000,0x000000f63d000000)]
  0x000002a8fe218060 JavaThread "WorkerExecutor Queue Thread 9" [_thread_blocked, id=14376, stack(0x000000f63d000000,0x000000f63d100000)]
  0x000002a8fe21d010 JavaThread "pool-4-thread-1" [_thread_blocked, id=18804, stack(0x000000f63d100000,0x000000f63d200000)]
  0x000002a8fe21c570 JavaThread "stderr" [_thread_blocked, id=16980, stack(0x000000f63d200000,0x000000f63d300000)]
  0x000002a8fe21cac0 JavaThread "stdout" [_thread_in_native, id=1688, stack(0x000000f63d300000,0x000000f63d400000)]
  0x000002a8fe21aae0 JavaThread "ForkJoinPool-1-worker-1" daemon [_thread_blocked, id=10036, stack(0x000000f63cc00000,0x000000f63cd00000)]
  0x000002a8fe21d560 JavaThread "ForkJoinPool-1-worker-2" daemon [_thread_blocked, id=7892, stack(0x000000f63d400000,0x000000f63d500000)]
  0x000002a8fe21dab0 JavaThread "ForkJoinPool-1-worker-3" daemon [_thread_blocked, id=10596, stack(0x000000f63d500000,0x000000f63d600000)]
  0x000002a8fe21e000 JavaThread "ForkJoinPool-1-worker-4" daemon [_thread_blocked, id=10840, stack(0x000000f63d600000,0x000000f63d700000)]
  0x000002a8fe21e550 JavaThread "ForkJoinPool-1-worker-5" daemon [_thread_blocked, id=18164, stack(0x000000f63d700000,0x000000f63d800000)]
  0x000002a8fe21eaa0 JavaThread "ForkJoinPool-1-worker-6" daemon [_thread_blocked, id=19312, stack(0x000000f63a000000,0x000000f63a100000)]
  0x000002a880b22540 JavaThread "ForkJoinPool-1-worker-7" daemon [_thread_blocked, id=1956, stack(0x000000f63d800000,0x000000f63d900000)]
  0x000002a889575a00 JavaThread "ForkJoinPool-1-worker-8" daemon [_thread_blocked, id=180, stack(0x000000f63d900000,0x000000f63da00000)]
  0x000002a888c9ceb0 JavaThread "C2 CompilerThread1" daemon [_thread_blocked, id=356, stack(0x000000f63da00000,0x000000f63db00000)]
  0x000002a888c9b870 JavaThread "C2 CompilerThread2" daemon [_thread_blocked, id=17888, stack(0x000000f63db00000,0x000000f63dc00000)]

Other Threads:
=>0x000002a8f8e61160 VMThread "VM Thread" [stack: 0x000000f633700000,0x000000f633800000] [id=5676]
  0x000002a8f8e84fa0 WatcherThread "VM Periodic Task Thread" [stack: 0x000000f634200000,0x000000f634300000] [id=18428]
  0x000002a8da5140c0 WorkerThread "GC Thread#0" [stack: 0x000000f633200000,0x000000f633300000] [id=8528]
  0x000002a8fd2e14f0 WorkerThread "GC Thread#1" [stack: 0x000000f634400000,0x000000f634500000] [id=13504]
  0x000002a8fd30a8b0 WorkerThread "GC Thread#2" [stack: 0x000000f634500000,0x000000f634600000] [id=6624]
  0x000002a8fd6d4e10 WorkerThread "GC Thread#3" [stack: 0x000000f634600000,0x000000f634700000] [id=10200]
  0x000002a8fd6d50e0 WorkerThread "GC Thread#4" [stack: 0x000000f634700000,0x000000f634800000] [id=19328]
  0x000002a8fd6d53b0 WorkerThread "GC Thread#5" [stack: 0x000000f634300000,0x000000f634400000] [id=19180]
  0x000002a8fec2a960 WorkerThread "GC Thread#6" [stack: 0x000000f635600000,0x000000f635700000] [id=5340]
  0x000002a8fec29e20 WorkerThread "GC Thread#7" [stack: 0x000000f635700000,0x000000f635800000] [id=2672]
  0x000002a8da525d50 ConcurrentGCThread "G1 Main Marker" [stack: 0x000000f633300000,0x000000f633400000] [id=14836]
  0x000002a8da527e40 WorkerThread "G1 Conc#0" [stack: 0x000000f633400000,0x000000f633500000] [id=8020]
  0x000002a8fec2a3c0 WorkerThread "G1 Conc#1" [stack: 0x000000f635800000,0x000000f635900000] [id=15716]
  0x000002a8f8d1a520 ConcurrentGCThread "G1 Refine#0" [stack: 0x000000f633500000,0x000000f633600000] [id=15172]
  0x000002a8f8d1cc80 ConcurrentGCThread "G1 Service" [stack: 0x000000f633600000,0x000000f633700000] [id=19068]

Threads with active compile tasks:
C2 CompilerThread0    55705 15463       4       com.android.tools.r8.graph.i6::a (113 bytes)
C2 CompilerThread1    55706 15268       4       com.android.tools.r8.internal.kc0::a (3327 bytes)
C2 CompilerThread2    55706 15368       4       com.android.tools.r8.graph.j3$a::a (385 bytes)

VM state: at safepoint (normal execution)

VM Mutex/Monitor currently owned by a thread:  ([mutex/lock_event])
[0x000002a8da4b0630] Threads_lock - owner thread: 0x000002a8f8e61160
[0x000002a8da4b05a0] Heap_lock - owner thread: 0x000002a8da525d50

Heap address: 0x0000000080000000, size: 2048 MB, Compressed Oops mode: 32-bit

CDS archive(s) mapped at: [0x0000000800000000-0x0000000800c60000-0x0000000800c60000), size 12976128, SharedBaseAddress: 0x0000000800000000, ArchiveRelocationMode: 0.
Compressed class space mapped at: 0x0000000801000000-0x0000000841000000, reserved size: 1073741824
Narrow klass base: 0x0000000800000000, Narrow klass shift: 0, Narrow klass range: 0x100000000

GC Precious Log:
 CardTable entry size: 512
 Card Set container configuration: InlinePtr #cards 5 size 8 Array Of Cards #cards 12 size 40 Howl #buckets 4 coarsen threshold 1843 Howl Bitmap #cards 512 size 80 coarsen threshold 460 Card regions per heap region 1 cards per card region 2048
 CPUs: 8 total, 8 available
 Memory: 7103M
 Large Page Support: Disabled
 NUMA Support: Disabled
 Compressed Oops: Enabled (32-bit)
 Heap Region Size: 1M
 Heap Min Capacity: 8M
 Heap Initial Capacity: 112M
 Heap Max Capacity: 2G
 Pre-touch: Disabled
 Parallel Workers: 8
 Concurrent Workers: 2
 Concurrent Refinement Workers: 8
 Periodic GC: Disabled

Heap:
 garbage-first heap   total 404480K, used 348672K [0x0000000080000000, 0x0000000100000000)
  region size 1024K, 40 young (40960K), 10 survivors (10240K)
 Metaspace       used 112097K, committed 114432K, reserved 1179648K
  class space    used 15337K, committed 16512K, reserved 1048576K

Heap Regions: E=young(eden), S=young(survivor), O=old, HS=humongous(starts), HC=humongous(continues), CS=collection set, F=free, OA=open archive, CA=closed archive, TAMS=top-at-mark-start, PB=parsable bottom
|   0|0x0000000080000000, 0x0000000080100000, 0x0000000080100000|100%|HS|  |TAMS 0x0000000080100000| PB 0x0000000080000000| Complete 
|   1|0x0000000080100000, 0x0000000080200000, 0x0000000080200000|100%|HC|  |TAMS 0x0000000080200000| PB 0x0000000080100000| Complete 
|   2|0x0000000080200000, 0x0000000080300000, 0x0000000080300000|100%|HC|  |TAMS 0x0000000080300000| PB 0x0000000080200000| Complete 
|   3|0x0000000080300000, 0x0000000080400000, 0x0000000080400000|100%| O|  |TAMS 0x0000000080400000| PB 0x0000000080400000| Untracked 
|   4|0x0000000080400000, 0x0000000080500000, 0x0000000080500000|100%| O|  |TAMS 0x0000000080500000| PB 0x0000000080500000| Untracked 
|   5|0x0000000080500000, 0x0000000080600000, 0x0000000080600000|100%| O|  |TAMS 0x0000000080600000| PB 0x0000000080600000| Updating 
|   6|0x0000000080600000, 0x0000000080700000, 0x0000000080700000|100%|HS|  |TAMS 0x0000000080700000| PB 0x0000000080600000| Complete 
|   7|0x0000000080700000, 0x0000000080800000, 0x0000000080800000|100%| O|  |TAMS 0x0000000080800000| PB 0x0000000080800000| Updating 
|   8|0x0000000080800000, 0x0000000080900000, 0x0000000080900000|100%| O|  |TAMS 0x0000000080900000| PB 0x0000000080900000| Untracked 
|   9|0x0000000080900000, 0x0000000080a00000, 0x0000000080a00000|100%| O|  |TAMS 0x0000000080a00000| PB 0x0000000080a00000| Updating 
|  10|0x0000000080a00000, 0x0000000080b00000, 0x0000000080b00000|100%| O|  |TAMS 0x0000000080b00000| PB 0x0000000080b00000| Untracked 
|  11|0x0000000080b00000, 0x0000000080c00000, 0x0000000080c00000|100%| O|  |TAMS 0x0000000080c00000| PB 0x0000000080c00000| Untracked 
|  12|0x0000000080c00000, 0x0000000080d00000, 0x0000000080d00000|100%| O|  |TAMS 0x0000000080d00000| PB 0x0000000080d00000| Updating 
|  13|0x0000000080d00000, 0x0000000080e00000, 0x0000000080e00000|100%| O|  |TAMS 0x0000000080e00000| PB 0x0000000080e00000| Untracked 
|  14|0x0000000080e00000, 0x0000000080f00000, 0x0000000080f00000|100%| O|  |TAMS 0x0000000080f00000| PB 0x0000000080f00000| Untracked 
|  15|0x0000000080f00000, 0x0000000081000000, 0x0000000081000000|100%| O|  |TAMS 0x0000000081000000| PB 0x0000000081000000| Untracked 
|  16|0x0000000081000000, 0x0000000081100000, 0x0000000081100000|100%| O|  |TAMS 0x0000000081100000| PB 0x0000000081100000| Untracked 
|  17|0x0000000081100000, 0x0000000081200000, 0x0000000081200000|100%| O|  |TAMS 0x0000000081200000| PB 0x0000000081200000| Untracked 
|  18|0x0000000081200000, 0x0000000081300000, 0x0000000081300000|100%| O|  |TAMS 0x0000000081300000| PB 0x0000000081300000| Untracked 
|  19|0x0000000081300000, 0x0000000081400000, 0x0000000081400000|100%| O|  |TAMS 0x0000000081400000| PB 0x0000000081400000| Untracked 
|  20|0x0000000081400000, 0x0000000081500000, 0x0000000081500000|100%| O|  |TAMS 0x0000000081500000| PB 0x0000000081500000| Untracked 
|  21|0x0000000081500000, 0x0000000081600000, 0x0000000081600000|100%| O|  |TAMS 0x0000000081600000| PB 0x0000000081600000| Updating 
|  22|0x0000000081600000, 0x0000000081700000, 0x0000000081700000|100%| O|  |TAMS 0x0000000081700000| PB 0x0000000081700000| Updating 
|  23|0x0000000081700000, 0x0000000081800000, 0x0000000081800000|100%| O|  |TAMS 0x0000000081800000| PB 0x0000000081800000| Updating 
|  24|0x0000000081800000, 0x0000000081900000, 0x0000000081900000|100%| O|  |TAMS 0x0000000081900000| PB 0x0000000081900000| Untracked 
|  25|0x0000000081900000, 0x0000000081a00000, 0x0000000081a00000|100%| O|  |TAMS 0x0000000081a00000| PB 0x0000000081a00000| Untracked 
|  26|0x0000000081a00000, 0x0000000081b00000, 0x0000000081b00000|100%| O|  |TAMS 0x0000000081b00000| PB 0x0000000081b00000| Untracked 
|  27|0x0000000081b00000, 0x0000000081c00000, 0x0000000081c00000|100%| O|  |TAMS 0x0000000081c00000| PB 0x0000000081c00000| Untracked 
|  28|0x0000000081c00000, 0x0000000081d00000, 0x0000000081d00000|100%| O|  |TAMS 0x0000000081d00000| PB 0x0000000081d00000| Updating 
|  29|0x0000000081d00000, 0x0000000081e00000, 0x0000000081e00000|100%| O|  |TAMS 0x0000000081e00000| PB 0x0000000081e00000| Updating 
|  30|0x0000000081e00000, 0x0000000081f00000, 0x0000000081f00000|100%| O|  |TAMS 0x0000000081f00000| PB 0x0000000081f00000| Untracked 
|  31|0x0000000081f00000, 0x0000000082000000, 0x0000000082000000|100%| O|  |TAMS 0x0000000082000000| PB 0x0000000082000000| Untracked 
|  32|0x0000000082000000, 0x0000000082100000, 0x0000000082100000|100%| O|  |TAMS 0x0000000082100000| PB 0x0000000082100000| Untracked 
|  33|0x0000000082100000, 0x0000000082200000, 0x0000000082200000|100%| O|  |TAMS 0x0000000082200000| PB 0x0000000082200000| Untracked 
|  34|0x0000000082200000, 0x0000000082300000, 0x0000000082300000|100%| O|  |TAMS 0x0000000082300000| PB 0x0000000082300000| Untracked 
|  35|0x0000000082300000, 0x0000000082400000, 0x0000000082400000|100%| O|  |TAMS 0x0000000082400000| PB 0x0000000082400000| Untracked 
|  36|0x0000000082400000, 0x0000000082500000, 0x0000000082500000|100%| O|  |TAMS 0x0000000082500000| PB 0x0000000082500000| Updating 
|  37|0x0000000082500000, 0x0000000082600000, 0x0000000082600000|100%| O|  |TAMS 0x0000000082600000| PB 0x0000000082600000| Untracked 
|  38|0x0000000082600000, 0x0000000082700000, 0x0000000082700000|100%| O|  |TAMS 0x0000000082700000| PB 0x0000000082700000| Untracked 
|  39|0x0000000082700000, 0x0000000082800000, 0x0000000082800000|100%| O|  |TAMS 0x0000000082800000| PB 0x0000000082800000| Untracked 
|  40|0x0000000082800000, 0x0000000082900000, 0x0000000082900000|100%| O|  |TAMS 0x0000000082900000| PB 0x0000000082900000| Untracked 
|  41|0x0000000082900000, 0x0000000082a00000, 0x0000000082a00000|100%| O|  |TAMS 0x0000000082a00000| PB 0x0000000082a00000| Untracked 
|  42|0x0000000082a00000, 0x0000000082b00000, 0x0000000082b00000|100%| O|  |TAMS 0x0000000082b00000| PB 0x0000000082b00000| Untracked 
|  43|0x0000000082b00000, 0x0000000082c00000, 0x0000000082c00000|100%| O|  |TAMS 0x0000000082c00000| PB 0x0000000082c00000| Untracked 
|  44|0x0000000082c00000, 0x0000000082d00000, 0x0000000082d00000|100%| O|  |TAMS 0x0000000082d00000| PB 0x0000000082d00000| Untracked 
|  45|0x0000000082d00000, 0x0000000082e00000, 0x0000000082e00000|100%| O|  |TAMS 0x0000000082e00000| PB 0x0000000082e00000| Untracked 
|  46|0x0000000082e00000, 0x0000000082f00000, 0x0000000082f00000|100%| O|  |TAMS 0x0000000082f00000| PB 0x0000000082f00000| Untracked 
|  47|0x0000000082f00000, 0x0000000083000000, 0x0000000083000000|100%|HS|  |TAMS 0x0000000083000000| PB 0x0000000082f00000| Complete 
|  48|0x0000000083000000, 0x0000000083100000, 0x0000000083100000|100%| O|  |TAMS 0x0000000083100000| PB 0x0000000083100000| Untracked 
|  49|0x0000000083100000, 0x0000000083200000, 0x0000000083200000|100%| O|  |TAMS 0x0000000083200000| PB 0x0000000083200000| Untracked 
|  50|0x0000000083200000, 0x0000000083300000, 0x0000000083300000|100%|HS|  |TAMS 0x0000000083300000| PB 0x0000000083200000| Complete 
|  51|0x0000000083300000, 0x0000000083400000, 0x0000000083400000|100%|HS|  |TAMS 0x0000000083400000| PB 0x0000000083300000| Complete 
|  52|0x0000000083400000, 0x0000000083500000, 0x0000000083500000|100%| O|  |TAMS 0x0000000083500000| PB 0x0000000083500000| Updating 
|  53|0x0000000083500000, 0x0000000083600000, 0x0000000083600000|100%|HS|  |TAMS 0x0000000083600000| PB 0x0000000083500000| Complete 
|  54|0x0000000083600000, 0x0000000083700000, 0x0000000083700000|100%|HC|  |TAMS 0x0000000083700000| PB 0x0000000083600000| Complete 
|  55|0x0000000083700000, 0x0000000083800000, 0x0000000083800000|100%|HS|  |TAMS 0x0000000083800000| PB 0x0000000083700000| Complete 
|  56|0x0000000083800000, 0x0000000083900000, 0x0000000083900000|100%|HS|  |TAMS 0x0000000083900000| PB 0x0000000083800000| Complete 
|  57|0x0000000083900000, 0x0000000083a00000, 0x0000000083a00000|100%|HC|  |TAMS 0x0000000083a00000| PB 0x0000000083900000| Complete 
|  58|0x0000000083a00000, 0x0000000083b00000, 0x0000000083b00000|100%|HC|  |TAMS 0x0000000083b00000| PB 0x0000000083a00000| Complete 
|  59|0x0000000083b00000, 0x0000000083c00000, 0x0000000083c00000|100%|HC|  |TAMS 0x0000000083c00000| PB 0x0000000083b00000| Complete 
|  60|0x0000000083c00000, 0x0000000083d00000, 0x0000000083d00000|100%|HS|  |TAMS 0x0000000083d00000| PB 0x0000000083c00000| Complete 
|  61|0x0000000083d00000, 0x0000000083e00000, 0x0000000083e00000|100%|HC|  |TAMS 0x0000000083e00000| PB 0x0000000083d00000| Complete 
|  62|0x0000000083e00000, 0x0000000083f00000, 0x0000000083f00000|100%|HS|  |TAMS 0x0000000083f00000| PB 0x0000000083e00000| Complete 
|  63|0x0000000083f00000, 0x0000000084000000, 0x0000000084000000|100%|HS|  |TAMS 0x0000000084000000| PB 0x0000000083f00000| Complete 
|  64|0x0000000084000000, 0x0000000084100000, 0x0000000084100000|100%| O|  |TAMS 0x0000000084100000| PB 0x0000000084100000| Untracked 
|  65|0x0000000084100000, 0x0000000084200000, 0x0000000084200000|100%| O|  |TAMS 0x0000000084200000| PB 0x0000000084200000| Untracked 
|  66|0x0000000084200000, 0x0000000084300000, 0x0000000084300000|100%| O|  |TAMS 0x0000000084300000| PB 0x0000000084300000| Untracked 
|  67|0x0000000084300000, 0x0000000084400000, 0x0000000084400000|100%| O|  |TAMS 0x0000000084400000| PB 0x0000000084400000| Untracked 
|  68|0x0000000084400000, 0x0000000084500000, 0x0000000084500000|100%| O|  |TAMS 0x0000000084500000| PB 0x0000000084500000| Untracked 
|  69|0x0000000084500000, 0x0000000084600000, 0x0000000084600000|100%| O|  |TAMS 0x0000000084600000| PB 0x0000000084600000| Untracked 
|  70|0x0000000084600000, 0x0000000084700000, 0x0000000084700000|100%| O|  |TAMS 0x0000000084700000| PB 0x0000000084700000| Untracked 
|  71|0x0000000084700000, 0x0000000084800000, 0x0000000084800000|100%| O|  |TAMS 0x0000000084800000| PB 0x0000000084800000| Updating 
|  72|0x0000000084800000, 0x0000000084900000, 0x0000000084900000|100%| O|  |TAMS 0x0000000084900000| PB 0x0000000084900000| Untracked 
|  73|0x0000000084900000, 0x0000000084a00000, 0x0000000084a00000|100%|HS|  |TAMS 0x0000000084a00000| PB 0x0000000084900000| Complete 
|  74|0x0000000084a00000, 0x0000000084b00000, 0x0000000084b00000|100%| O|  |TAMS 0x0000000084b00000| PB 0x0000000084b00000| Untracked 
|  75|0x0000000084b00000, 0x0000000084c00000, 0x0000000084c00000|100%| O|  |TAMS 0x0000000084c00000| PB 0x0000000084c00000| Untracked 
|  76|0x0000000084c00000, 0x0000000084d00000, 0x0000000084d00000|100%| O|  |TAMS 0x0000000084d00000| PB 0x0000000084d00000| Untracked 
|  77|0x0000000084d00000, 0x0000000084e00000, 0x0000000084e00000|100%| O|  |TAMS 0x0000000084e00000| PB 0x0000000084e00000| Untracked 
|  78|0x0000000084e00000, 0x0000000084f00000, 0x0000000084f00000|100%|HS|  |TAMS 0x0000000084f00000| PB 0x0000000084e00000| Complete 
|  79|0x0000000084f00000, 0x0000000085000000, 0x0000000085000000|100%|HC|  |TAMS 0x0000000085000000| PB 0x0000000084f00000| Complete 
|  80|0x0000000085000000, 0x0000000085100000, 0x0000000085100000|100%|HC|  |TAMS 0x0000000085100000| PB 0x0000000085000000| Complete 
|  81|0x0000000085100000, 0x0000000085200000, 0x0000000085200000|100%|HC|  |TAMS 0x0000000085200000| PB 0x0000000085100000| Complete 
|  82|0x0000000085200000, 0x0000000085300000, 0x0000000085300000|100%| O|  |TAMS 0x0000000085300000| PB 0x0000000085300000| Untracked 
|  83|0x0000000085300000, 0x0000000085400000, 0x0000000085400000|100%| O|  |TAMS 0x0000000085400000| PB 0x0000000085400000| Untracked 
|  84|0x0000000085400000, 0x0000000085500000, 0x0000000085500000|100%| O|  |TAMS 0x0000000085500000| PB 0x0000000085500000| Untracked 
|  85|0x0000000085500000, 0x0000000085600000, 0x0000000085600000|100%| O|  |TAMS 0x0000000085600000| PB 0x0000000085600000| Untracked 
|  86|0x0000000085600000, 0x0000000085700000, 0x0000000085700000|100%| O|  |TAMS 0x0000000085700000| PB 0x0000000085700000| Updating 
|  87|0x0000000085700000, 0x0000000085800000, 0x0000000085800000|100%| O|  |TAMS 0x0000000085800000| PB 0x0000000085800000| Untracked 
|  88|0x0000000085800000, 0x0000000085900000, 0x0000000085900000|100%| O|  |TAMS 0x0000000085900000| PB 0x0000000085900000| Untracked 
|  89|0x0000000085900000, 0x0000000085a00000, 0x0000000085a00000|100%| O|  |TAMS 0x0000000085a00000| PB 0x0000000085a00000| Untracked 
|  90|0x0000000085a00000, 0x0000000085b00000, 0x0000000085b00000|100%| O|  |TAMS 0x0000000085b00000| PB 0x0000000085b00000| Untracked 
|  91|0x0000000085b00000, 0x0000000085c00000, 0x0000000085c00000|100%| O|  |TAMS 0x0000000085c00000| PB 0x0000000085c00000| Untracked 
|  92|0x0000000085c00000, 0x0000000085d00000, 0x0000000085d00000|100%| O|  |TAMS 0x0000000085d00000| PB 0x0000000085d00000| Untracked 
|  93|0x0000000085d00000, 0x0000000085e00000, 0x0000000085e00000|100%| O|  |TAMS 0x0000000085e00000| PB 0x0000000085e00000| Updating 
|  94|0x0000000085e00000, 0x0000000085f00000, 0x0000000085f00000|100%| O|  |TAMS 0x0000000085f00000| PB 0x0000000085f00000| Untracked 
|  95|0x0000000085f00000, 0x0000000086000000, 0x0000000086000000|100%| O|  |TAMS 0x0000000086000000| PB 0x0000000086000000| Updating 
|  96|0x0000000086000000, 0x0000000086100000, 0x0000000086100000|100%| O|  |TAMS 0x0000000086100000| PB 0x0000000086100000| Updating 
|  97|0x0000000086100000, 0x0000000086200000, 0x0000000086200000|100%| O|  |TAMS 0x0000000086200000| PB 0x0000000086200000| Untracked 
|  98|0x0000000086200000, 0x0000000086300000, 0x0000000086300000|100%| O|  |TAMS 0x0000000086300000| PB 0x0000000086300000| Untracked 
|  99|0x0000000086300000, 0x0000000086400000, 0x0000000086400000|100%| O|  |TAMS 0x0000000086400000| PB 0x0000000086400000| Updating 
| 100|0x0000000086400000, 0x0000000086500000, 0x0000000086500000|100%| O|  |TAMS 0x0000000086500000| PB 0x0000000086500000| Untracked 
| 101|0x0000000086500000, 0x0000000086600000, 0x0000000086600000|100%| O|  |TAMS 0x0000000086600000| PB 0x0000000086600000| Untracked 
| 102|0x0000000086600000, 0x0000000086700000, 0x0000000086700000|100%| O|  |TAMS 0x0000000086700000| PB 0x0000000086700000| Untracked 
| 103|0x0000000086700000, 0x0000000086800000, 0x0000000086800000|100%| O|  |TAMS 0x0000000086800000| PB 0x0000000086800000| Untracked 
| 104|0x0000000086800000, 0x0000000086900000, 0x0000000086900000|100%| O|  |TAMS 0x0000000086900000| PB 0x0000000086900000| Untracked 
| 105|0x0000000086900000, 0x0000000086a00000, 0x0000000086a00000|100%| O|  |TAMS 0x0000000086a00000| PB 0x0000000086a00000| Updating 
| 106|0x0000000086a00000, 0x0000000086b00000, 0x0000000086b00000|100%| O|  |TAMS 0x0000000086b00000| PB 0x0000000086b00000| Untracked 
| 107|0x0000000086b00000, 0x0000000086c00000, 0x0000000086c00000|100%| O|  |TAMS 0x0000000086c00000| PB 0x0000000086c00000| Untracked 
| 108|0x0000000086c00000, 0x0000000086d00000, 0x0000000086d00000|100%| O|  |TAMS 0x0000000086d00000| PB 0x0000000086d00000| Updating 
| 109|0x0000000086d00000, 0x0000000086e00000, 0x0000000086e00000|100%| O|  |TAMS 0x0000000086e00000| PB 0x0000000086e00000| Untracked 
| 110|0x0000000086e00000, 0x0000000086f00000, 0x0000000086f00000|100%| O|  |TAMS 0x0000000086f00000| PB 0x0000000086f00000| Untracked 
| 111|0x0000000086f00000, 0x0000000087000000, 0x0000000087000000|100%| O|  |TAMS 0x0000000087000000| PB 0x0000000087000000| Untracked 
| 112|0x0000000087000000, 0x0000000087100000, 0x0000000087100000|100%| O|  |TAMS 0x0000000087100000| PB 0x0000000087100000| Untracked 
| 113|0x0000000087100000, 0x0000000087200000, 0x0000000087200000|100%| O|  |TAMS 0x0000000087200000| PB 0x0000000087200000| Untracked 
| 114|0x0000000087200000, 0x0000000087300000, 0x0000000087300000|100%| O|  |TAMS 0x0000000087300000| PB 0x0000000087300000| Updating 
| 115|0x0000000087300000, 0x0000000087400000, 0x0000000087400000|100%| O|  |TAMS 0x0000000087400000| PB 0x0000000087400000| Untracked 
| 116|0x0000000087400000, 0x0000000087500000, 0x0000000087500000|100%| O|  |TAMS 0x0000000087500000| PB 0x0000000087500000| Untracked 
| 117|0x0000000087500000, 0x0000000087600000, 0x0000000087600000|100%| O|  |TAMS 0x0000000087600000| PB 0x0000000087600000| Untracked 
| 118|0x0000000087600000, 0x0000000087700000, 0x0000000087700000|100%| O|  |TAMS 0x0000000087700000| PB 0x0000000087700000| Untracked 
| 119|0x0000000087700000, 0x0000000087800000, 0x0000000087800000|100%| O|  |TAMS 0x0000000087800000| PB 0x0000000087800000| Updating 
| 120|0x0000000087800000, 0x0000000087900000, 0x0000000087900000|100%| O|  |TAMS 0x0000000087900000| PB 0x0000000087900000| Untracked 
| 121|0x0000000087900000, 0x0000000087a00000, 0x0000000087a00000|100%| O|  |TAMS 0x0000000087a00000| PB 0x0000000087a00000| Untracked 
| 122|0x0000000087a00000, 0x0000000087b00000, 0x0000000087b00000|100%| O|  |TAMS 0x0000000087a00000| PB 0x0000000087a00000| Untracked 
| 123|0x0000000087b00000, 0x0000000087c00000, 0x0000000087c00000|100%| O|  |TAMS 0x0000000087c00000| PB 0x0000000087c00000| Updating 
| 124|0x0000000087c00000, 0x0000000087d00000, 0x0000000087d00000|100%|HS|  |TAMS 0x0000000087d00000| PB 0x0000000087c00000| Complete 
| 125|0x0000000087d00000, 0x0000000087e00000, 0x0000000087e00000|100%|HC|  |TAMS 0x0000000087e00000| PB 0x0000000087d00000| Complete 
| 126|0x0000000087e00000, 0x0000000087f00000, 0x0000000087f00000|100%|HS|  |TAMS 0x0000000087f00000| PB 0x0000000087e00000| Complete 
| 127|0x0000000087f00000, 0x0000000088000000, 0x0000000088000000|100%|HS|  |TAMS 0x0000000088000000| PB 0x0000000087f00000| Complete 
| 128|0x0000000088000000, 0x0000000088100000, 0x0000000088100000|100%|HC|  |TAMS 0x0000000088100000| PB 0x0000000088000000| Complete 
| 129|0x0000000088100000, 0x0000000088200000, 0x0000000088200000|100%|HC|  |TAMS 0x0000000088200000| PB 0x0000000088100000| Complete 
| 130|0x0000000088200000, 0x0000000088300000, 0x0000000088300000|100%|HC|  |TAMS 0x0000000088300000| PB 0x0000000088200000| Complete 
| 131|0x0000000088300000, 0x0000000088400000, 0x0000000088400000|100%|HS|  |TAMS 0x0000000088400000| PB 0x0000000088300000| Complete 
| 132|0x0000000088400000, 0x0000000088500000, 0x0000000088500000|100%|HC|  |TAMS 0x0000000088500000| PB 0x0000000088400000| Complete 
| 133|0x0000000088500000, 0x0000000088600000, 0x0000000088600000|100%|HS|  |TAMS 0x0000000088600000| PB 0x0000000088500000| Complete 
| 134|0x0000000088600000, 0x0000000088700000, 0x0000000088700000|100%|HS|  |TAMS 0x0000000088700000| PB 0x0000000088600000| Complete 
| 135|0x0000000088700000, 0x0000000088800000, 0x0000000088800000|100%|HC|  |TAMS 0x0000000088800000| PB 0x0000000088700000| Complete 
| 136|0x0000000088800000, 0x0000000088900000, 0x0000000088900000|100%|HC|  |TAMS 0x0000000088900000| PB 0x0000000088800000| Complete 
| 137|0x0000000088900000, 0x0000000088a00000, 0x0000000088a00000|100%|HC|  |TAMS 0x0000000088a00000| PB 0x0000000088900000| Complete 
| 138|0x0000000088a00000, 0x0000000088b00000, 0x0000000088b00000|100%|HS|  |TAMS 0x0000000088b00000| PB 0x0000000088a00000| Complete 
| 139|0x0000000088b00000, 0x0000000088c00000, 0x0000000088c00000|100%|HS|  |TAMS 0x0000000088c00000| PB 0x0000000088b00000| Complete 
| 140|0x0000000088c00000, 0x0000000088d00000, 0x0000000088d00000|100%|HS|  |TAMS 0x0000000088d00000| PB 0x0000000088c00000| Complete 
| 141|0x0000000088d00000, 0x0000000088e00000, 0x0000000088e00000|100%|HS|  |TAMS 0x0000000088e00000| PB 0x0000000088d00000| Complete 
| 142|0x0000000088e00000, 0x0000000088f00000, 0x0000000088f00000|100%|HC|  |TAMS 0x0000000088f00000| PB 0x0000000088e00000| Complete 
| 143|0x0000000088f00000, 0x0000000089000000, 0x0000000089000000|100%|HC|  |TAMS 0x0000000089000000| PB 0x0000000088f00000| Complete 
| 144|0x0000000089000000, 0x0000000089100000, 0x0000000089100000|100%|HS|  |TAMS 0x0000000089100000| PB 0x0000000089000000| Complete 
| 145|0x0000000089100000, 0x0000000089200000, 0x0000000089200000|100%|HC|  |TAMS 0x0000000089200000| PB 0x0000000089100000| Complete 
| 146|0x0000000089200000, 0x0000000089300000, 0x0000000089300000|100%|HS|  |TAMS 0x0000000089300000| PB 0x0000000089200000| Complete 
| 147|0x0000000089300000, 0x0000000089400000, 0x0000000089400000|100%|HC|  |TAMS 0x0000000089400000| PB 0x0000000089300000| Complete 
| 148|0x0000000089400000, 0x0000000089500000, 0x0000000089500000|100%|HS|  |TAMS 0x0000000089500000| PB 0x0000000089400000| Complete 
| 149|0x0000000089500000, 0x0000000089600000, 0x0000000089600000|100%|HC|  |TAMS 0x0000000089600000| PB 0x0000000089500000| Complete 
| 150|0x0000000089600000, 0x0000000089700000, 0x0000000089700000|100%| O|  |TAMS 0x0000000089700000| PB 0x0000000089700000| Untracked 
| 151|0x0000000089700000, 0x0000000089800000, 0x0000000089800000|100%| O|  |TAMS 0x0000000089800000| PB 0x0000000089800000| Untracked 
| 152|0x0000000089800000, 0x0000000089900000, 0x0000000089900000|100%| O|  |TAMS 0x0000000089900000| PB 0x0000000089900000| Updating 
| 153|0x0000000089900000, 0x0000000089a00000, 0x0000000089a00000|100%|HS|  |TAMS 0x0000000089a00000| PB 0x0000000089900000| Complete 
| 154|0x0000000089a00000, 0x0000000089b00000, 0x0000000089b00000|100%|HC|  |TAMS 0x0000000089b00000| PB 0x0000000089a00000| Complete 
| 155|0x0000000089b00000, 0x0000000089c00000, 0x0000000089c00000|100%| O|  |TAMS 0x0000000089c00000| PB 0x0000000089c00000| Untracked 
| 156|0x0000000089c00000, 0x0000000089d00000, 0x0000000089d00000|100%|HS|  |TAMS 0x0000000089d00000| PB 0x0000000089c00000| Complete 
| 157|0x0000000089d00000, 0x0000000089e00000, 0x0000000089e00000|100%|HC|  |TAMS 0x0000000089e00000| PB 0x0000000089d00000| Complete 
| 158|0x0000000089e00000, 0x0000000089f00000, 0x0000000089f00000|100%|HS|  |TAMS 0x0000000089f00000| PB 0x0000000089e00000| Complete 
| 159|0x0000000089f00000, 0x000000008a000000, 0x000000008a000000|100%|HC|  |TAMS 0x000000008a000000| PB 0x0000000089f00000| Complete 
| 160|0x000000008a000000, 0x000000008a100000, 0x000000008a100000|100%|HC|  |TAMS 0x000000008a100000| PB 0x000000008a000000| Complete 
| 161|0x000000008a100000, 0x000000008a200000, 0x000000008a200000|100%| O|  |TAMS 0x000000008a200000| PB 0x000000008a200000| Updating 
| 162|0x000000008a200000, 0x000000008a300000, 0x000000008a300000|100%| O|  |TAMS 0x000000008a200000| PB 0x000000008a200000| Untracked 
| 163|0x000000008a300000, 0x000000008a400000, 0x000000008a400000|100%|HS|  |TAMS 0x000000008a400000| PB 0x000000008a300000| Complete 
| 164|0x000000008a400000, 0x000000008a500000, 0x000000008a500000|100%| O|  |TAMS 0x000000008a500000| PB 0x000000008a500000| Updating 
| 165|0x000000008a500000, 0x000000008a600000, 0x000000008a600000|100%| O|  |TAMS 0x000000008a600000| PB 0x000000008a600000| Updating 
| 166|0x000000008a600000, 0x000000008a600000, 0x000000008a700000|  0%| F|  |TAMS 0x000000008a600000| PB 0x000000008a600000| Untracked 
| 167|0x000000008a700000, 0x000000008a700000, 0x000000008a800000|  0%| F|  |TAMS 0x000000008a700000| PB 0x000000008a700000| Untracked 
| 168|0x000000008a800000, 0x000000008a900000, 0x000000008a900000|100%|HS|  |TAMS 0x000000008a900000| PB 0x000000008a800000| Complete 
| 169|0x000000008a900000, 0x000000008aa00000, 0x000000008aa00000|100%|HC|  |TAMS 0x000000008aa00000| PB 0x000000008a900000| Complete 
| 170|0x000000008aa00000, 0x000000008ab00000, 0x000000008ab00000|100%|HS|  |TAMS 0x000000008ab00000| PB 0x000000008aa00000| Complete 
| 171|0x000000008ab00000, 0x000000008ac00000, 0x000000008ac00000|100%|HC|  |TAMS 0x000000008ac00000| PB 0x000000008ab00000| Complete 
| 172|0x000000008ac00000, 0x000000008ad00000, 0x000000008ad00000|100%|HC|  |TAMS 0x000000008ad00000| PB 0x000000008ac00000| Complete 
| 173|0x000000008ad00000, 0x000000008ae00000, 0x000000008ae00000|100%|HC|  |TAMS 0x000000008ae00000| PB 0x000000008ad00000| Complete 
| 174|0x000000008ae00000, 0x000000008af00000, 0x000000008af00000|100%| O|  |TAMS 0x000000008af00000| PB 0x000000008af00000| Untracked 
| 175|0x000000008af00000, 0x000000008b000000, 0x000000008b000000|100%| O|  |TAMS 0x000000008b000000| PB 0x000000008b000000| Untracked 
| 176|0x000000008b000000, 0x000000008b100000, 0x000000008b100000|100%| O|  |TAMS 0x000000008b100000| PB 0x000000008b100000| Untracked 
| 177|0x000000008b100000, 0x000000008b200000, 0x000000008b200000|100%|HS|  |TAMS 0x000000008b200000| PB 0x000000008b100000| Complete 
| 178|0x000000008b200000, 0x000000008b300000, 0x000000008b300000|100%|HC|  |TAMS 0x000000008b300000| PB 0x000000008b200000| Complete 
| 179|0x000000008b300000, 0x000000008b400000, 0x000000008b400000|100%| O|  |TAMS 0x000000008b400000| PB 0x000000008b400000| Untracked 
| 180|0x000000008b400000, 0x000000008b500000, 0x000000008b500000|100%|HS|  |TAMS 0x000000008b500000| PB 0x000000008b400000| Complete 
| 181|0x000000008b500000, 0x000000008b600000, 0x000000008b600000|100%| O|  |TAMS 0x000000008b600000| PB 0x000000008b600000| Updating 
| 182|0x000000008b600000, 0x000000008b700000, 0x000000008b700000|100%| O|  |TAMS 0x000000008b700000| PB 0x000000008b700000| Untracked 
| 183|0x000000008b700000, 0x000000008b800000, 0x000000008b800000|100%| O|  |TAMS 0x000000008b800000| PB 0x000000008b800000| Untracked 
| 184|0x000000008b800000, 0x000000008b900000, 0x000000008b900000|100%| O|  |TAMS 0x000000008b900000| PB 0x000000008b900000| Untracked 
| 185|0x000000008b900000, 0x000000008ba00000, 0x000000008ba00000|100%| O|  |TAMS 0x000000008ba00000| PB 0x000000008ba00000| Untracked 
| 186|0x000000008ba00000, 0x000000008bb00000, 0x000000008bb00000|100%| O|  |TAMS 0x000000008bb00000| PB 0x000000008bb00000| Untracked 
| 187|0x000000008bb00000, 0x000000008bc00000, 0x000000008bc00000|100%|HS|  |TAMS 0x000000008bc00000| PB 0x000000008bb00000| Complete 
| 188|0x000000008bc00000, 0x000000008bd00000, 0x000000008bd00000|100%|HC|  |TAMS 0x000000008bd00000| PB 0x000000008bc00000| Complete 
| 189|0x000000008bd00000, 0x000000008be00000, 0x000000008be00000|100%|HC|  |TAMS 0x000000008be00000| PB 0x000000008bd00000| Complete 
| 190|0x000000008be00000, 0x000000008bf00000, 0x000000008bf00000|100%|HC|  |TAMS 0x000000008bf00000| PB 0x000000008be00000| Complete 
| 191|0x000000008bf00000, 0x000000008c000000, 0x000000008c000000|100%| O|  |TAMS 0x000000008c000000| PB 0x000000008c000000| Untracked 
| 192|0x000000008c000000, 0x000000008c100000, 0x000000008c100000|100%|HS|  |TAMS 0x000000008c100000| PB 0x000000008c000000| Complete 
| 193|0x000000008c100000, 0x000000008c200000, 0x000000008c200000|100%| O|  |TAMS 0x000000008c200000| PB 0x000000008c200000| Untracked 
| 194|0x000000008c200000, 0x000000008c300000, 0x000000008c300000|100%|HS|  |TAMS 0x000000008c300000| PB 0x000000008c200000| Complete 
| 195|0x000000008c300000, 0x000000008c400000, 0x000000008c400000|100%| O|  |TAMS 0x000000008c400000| PB 0x000000008c400000| Untracked 
| 196|0x000000008c400000, 0x000000008c500000, 0x000000008c500000|100%|HS|  |TAMS 0x000000008c500000| PB 0x000000008c400000| Complete 
| 197|0x000000008c500000, 0x000000008c600000, 0x000000008c600000|100%| O|  |TAMS 0x000000008c600000| PB 0x000000008c600000| Untracked 
| 198|0x000000008c600000, 0x000000008c700000, 0x000000008c700000|100%| O|  |TAMS 0x000000008c700000| PB 0x000000008c700000| Untracked 
| 199|0x000000008c700000, 0x000000008c800000, 0x000000008c800000|100%| O|  |TAMS 0x000000008c800000| PB 0x000000008c800000| Updating 
| 200|0x000000008c800000, 0x000000008c900000, 0x000000008c900000|100%| O|  |TAMS 0x000000008c900000| PB 0x000000008c900000| Untracked 
| 201|0x000000008c900000, 0x000000008ca00000, 0x000000008ca00000|100%| O|  |TAMS 0x000000008ca00000| PB 0x000000008ca00000| Updating 
| 202|0x000000008ca00000, 0x000000008cb00000, 0x000000008cb00000|100%| O|  |TAMS 0x000000008cb00000| PB 0x000000008cb00000| Untracked 
| 203|0x000000008cb00000, 0x000000008cc00000, 0x000000008cc00000|100%| O|  |TAMS 0x000000008cc00000| PB 0x000000008cc00000| Updating 
| 204|0x000000008cc00000, 0x000000008cd00000, 0x000000008cd00000|100%| O|  |TAMS 0x000000008cd00000| PB 0x000000008cd00000| Updating 
| 205|0x000000008cd00000, 0x000000008ce00000, 0x000000008ce00000|100%|HS|  |TAMS 0x000000008ce00000| PB 0x000000008cd00000| Complete 
| 206|0x000000008ce00000, 0x000000008cf00000, 0x000000008cf00000|100%|HC|  |TAMS 0x000000008cf00000| PB 0x000000008ce00000| Complete 
| 207|0x000000008cf00000, 0x000000008d000000, 0x000000008d000000|100%|HS|  |TAMS 0x000000008d000000| PB 0x000000008cf00000| Complete 
| 208|0x000000008d000000, 0x000000008d100000, 0x000000008d100000|100%| O|  |TAMS 0x000000008d100000| PB 0x000000008d100000| Untracked 
| 209|0x000000008d100000, 0x000000008d200000, 0x000000008d200000|100%| O|  |TAMS 0x000000008d200000| PB 0x000000008d200000| Untracked 
| 210|0x000000008d200000, 0x000000008d300000, 0x000000008d300000|100%| O|  |TAMS 0x000000008d300000| PB 0x000000008d300000| Untracked 
| 211|0x000000008d300000, 0x000000008d400000, 0x000000008d400000|100%|HS|  |TAMS 0x000000008d400000| PB 0x000000008d300000| Complete 
| 212|0x000000008d400000, 0x000000008d500000, 0x000000008d500000|100%|HC|  |TAMS 0x000000008d500000| PB 0x000000008d400000| Complete 
| 213|0x000000008d500000, 0x000000008d600000, 0x000000008d600000|100%|HC|  |TAMS 0x000000008d600000| PB 0x000000008d500000| Complete 
| 214|0x000000008d600000, 0x000000008d700000, 0x000000008d700000|100%| O|  |TAMS 0x000000008d700000| PB 0x000000008d700000| Untracked 
| 215|0x000000008d700000, 0x000000008d800000, 0x000000008d800000|100%| O|  |TAMS 0x000000008d800000| PB 0x000000008d800000| Untracked 
| 216|0x000000008d800000, 0x000000008d900000, 0x000000008d900000|100%| O|  |TAMS 0x000000008d900000| PB 0x000000008d900000| Untracked 
| 217|0x000000008d900000, 0x000000008da00000, 0x000000008da00000|100%| O|  |TAMS 0x000000008da00000| PB 0x000000008da00000| Untracked 
| 218|0x000000008da00000, 0x000000008db00000, 0x000000008db00000|100%| O|  |TAMS 0x000000008db00000| PB 0x000000008db00000| Untracked 
| 219|0x000000008db00000, 0x000000008dc00000, 0x000000008dc00000|100%| O|  |TAMS 0x000000008dc00000| PB 0x000000008dc00000| Untracked 
| 220|0x000000008dc00000, 0x000000008dd00000, 0x000000008dd00000|100%|HS|  |TAMS 0x000000008dd00000| PB 0x000000008dc00000| Complete 
| 221|0x000000008dd00000, 0x000000008de00000, 0x000000008de00000|100%|HC|  |TAMS 0x000000008de00000| PB 0x000000008dd00000| Complete 
| 222|0x000000008de00000, 0x000000008df00000, 0x000000008df00000|100%| O|  |TAMS 0x000000008df00000| PB 0x000000008df00000| Untracked 
| 223|0x000000008df00000, 0x000000008e000000, 0x000000008e000000|100%| O|  |TAMS 0x000000008e000000| PB 0x000000008e000000| Untracked 
| 224|0x000000008e000000, 0x000000008e100000, 0x000000008e100000|100%|HS|  |TAMS 0x000000008e100000| PB 0x000000008e000000| Complete 
| 225|0x000000008e100000, 0x000000008e200000, 0x000000008e200000|100%|HC|  |TAMS 0x000000008e200000| PB 0x000000008e100000| Complete 
| 226|0x000000008e200000, 0x000000008e300000, 0x000000008e300000|100%| O|  |TAMS 0x000000008e300000| PB 0x000000008e300000| Untracked 
| 227|0x000000008e300000, 0x000000008e400000, 0x000000008e400000|100%| O|  |TAMS 0x000000008e400000| PB 0x000000008e400000| Untracked 
| 228|0x000000008e400000, 0x000000008e500000, 0x000000008e500000|100%| O|  |TAMS 0x000000008e500000| PB 0x000000008e500000| Untracked 
| 229|0x000000008e500000, 0x000000008e600000, 0x000000008e600000|100%|HS|  |TAMS 0x000000008e600000| PB 0x000000008e500000| Complete 
| 230|0x000000008e600000, 0x000000008e700000, 0x000000008e700000|100%|HC|  |TAMS 0x000000008e700000| PB 0x000000008e600000| Complete 
| 231|0x000000008e700000, 0x000000008e800000, 0x000000008e800000|100%| O|  |TAMS 0x000000008e800000| PB 0x000000008e800000| Untracked 
| 232|0x000000008e800000, 0x000000008e900000, 0x000000008e900000|100%| O|  |TAMS 0x000000008e900000| PB 0x000000008e900000| Updating 
| 233|0x000000008e900000, 0x000000008ea00000, 0x000000008ea00000|100%| O|  |TAMS 0x000000008ea00000| PB 0x000000008ea00000| Untracked 
| 234|0x000000008ea00000, 0x000000008eb00000, 0x000000008eb00000|100%|HS|  |TAMS 0x000000008eb00000| PB 0x000000008ea00000| Complete 
| 235|0x000000008eb00000, 0x000000008ec00000, 0x000000008ec00000|100%|HC|  |TAMS 0x000000008ec00000| PB 0x000000008eb00000| Complete 
| 236|0x000000008ec00000, 0x000000008ed00000, 0x000000008ed00000|100%| O|  |TAMS 0x000000008ed00000| PB 0x000000008ed00000| Untracked 
| 237|0x000000008ed00000, 0x000000008ee00000, 0x000000008ee00000|100%| O|  |TAMS 0x000000008ee00000| PB 0x000000008ee00000| Untracked 
| 238|0x000000008ee00000, 0x000000008ef00000, 0x000000008ef00000|100%| O|  |TAMS 0x000000008ef00000| PB 0x000000008ef00000| Untracked 
| 239|0x000000008ef00000, 0x000000008f000000, 0x000000008f000000|100%| O|  |TAMS 0x000000008f000000| PB 0x000000008f000000| Untracked 
| 240|0x000000008f000000, 0x000000008f100000, 0x000000008f100000|100%| O|  |TAMS 0x000000008f100000| PB 0x000000008f100000| Untracked 
| 241|0x000000008f100000, 0x000000008f200000, 0x000000008f200000|100%| O|  |TAMS 0x000000008f200000| PB 0x000000008f200000| Untracked 
| 242|0x000000008f200000, 0x000000008f300000, 0x000000008f300000|100%| O|  |TAMS 0x000000008f300000| PB 0x000000008f300000| Untracked 
| 243|0x000000008f300000, 0x000000008f400000, 0x000000008f400000|100%| O|  |TAMS 0x000000008f400000| PB 0x000000008f400000| Untracked 
| 244|0x000000008f400000, 0x000000008f500000, 0x000000008f500000|100%| O|  |TAMS 0x000000008f500000| PB 0x000000008f500000| Untracked 
| 245|0x000000008f500000, 0x000000008f600000, 0x000000008f600000|100%| O|  |TAMS 0x000000008f600000| PB 0x000000008f600000| Untracked 
| 246|0x000000008f600000, 0x000000008f700000, 0x000000008f700000|100%| O|  |TAMS 0x000000008f700000| PB 0x000000008f700000| Untracked 
| 247|0x000000008f700000, 0x000000008f800000, 0x000000008f800000|100%| O|  |TAMS 0x000000008f800000| PB 0x000000008f800000| Untracked 
| 248|0x000000008f800000, 0x000000008f900000, 0x000000008f900000|100%| O|  |TAMS 0x000000008f900000| PB 0x000000008f900000| Untracked 
| 249|0x000000008f900000, 0x000000008fa00000, 0x000000008fa00000|100%| O|  |TAMS 0x000000008fa00000| PB 0x000000008fa00000| Updating 
| 250|0x000000008fa00000, 0x000000008fb00000, 0x000000008fb00000|100%| O|  |TAMS 0x000000008fb00000| PB 0x000000008fb00000| Updating 
| 251|0x000000008fb00000, 0x000000008fc00000, 0x000000008fc00000|100%| O|  |TAMS 0x000000008fb80000| PB 0x000000008fb80000| Updating 
| 252|0x000000008fc00000, 0x000000008fd00000, 0x000000008fd00000|100%| O|  |TAMS 0x000000008fc00000| PB 0x000000008fc00000| Untracked 
| 253|0x000000008fd00000, 0x000000008fe00000, 0x000000008fe00000|100%| O|  |TAMS 0x000000008fd00000| PB 0x000000008fd00000| Untracked 
| 254|0x000000008fe00000, 0x000000008ff00000, 0x000000008ff00000|100%| O|  |TAMS 0x000000008fe00000| PB 0x000000008fe00000| Untracked 
| 255|0x000000008ff00000, 0x0000000090000000, 0x0000000090000000|100%| O|  |TAMS 0x000000008ff00000| PB 0x000000008ff00000| Untracked 
| 256|0x0000000090000000, 0x0000000090100000, 0x0000000090100000|100%| O|  |TAMS 0x0000000090000000| PB 0x0000000090000000| Untracked 
| 257|0x0000000090100000, 0x0000000090200000, 0x0000000090200000|100%| O|  |TAMS 0x0000000090100000| PB 0x0000000090100000| Untracked 
| 258|0x0000000090200000, 0x0000000090300000, 0x0000000090300000|100%| O|  |TAMS 0x0000000090200000| PB 0x0000000090200000| Untracked 
| 259|0x0000000090300000, 0x0000000090400000, 0x0000000090400000|100%| O|  |TAMS 0x0000000090300000| PB 0x0000000090300000| Untracked 
| 260|0x0000000090400000, 0x0000000090500000, 0x0000000090500000|100%| O|  |TAMS 0x0000000090400000| PB 0x0000000090400000| Untracked 
| 261|0x0000000090500000, 0x0000000090600000, 0x0000000090600000|100%| O|  |TAMS 0x0000000090500000| PB 0x0000000090500000| Untracked 
| 262|0x0000000090600000, 0x0000000090700000, 0x0000000090700000|100%| O|  |TAMS 0x0000000090600000| PB 0x0000000090600000| Untracked 
| 263|0x0000000090700000, 0x0000000090800000, 0x0000000090800000|100%| O|  |TAMS 0x0000000090700000| PB 0x0000000090700000| Untracked 
| 264|0x0000000090800000, 0x0000000090900000, 0x0000000090900000|100%| O|  |TAMS 0x0000000090800000| PB 0x0000000090800000| Untracked 
| 265|0x0000000090900000, 0x0000000090a00000, 0x0000000090a00000|100%| O|  |TAMS 0x0000000090900000| PB 0x0000000090900000| Untracked 
| 266|0x0000000090a00000, 0x0000000090b00000, 0x0000000090b00000|100%| O|  |TAMS 0x0000000090a00000| PB 0x0000000090a00000| Untracked 
| 267|0x0000000090b00000, 0x0000000090c00000, 0x0000000090c00000|100%| O|  |TAMS 0x0000000090b00000| PB 0x0000000090b00000| Untracked 
| 268|0x0000000090c00000, 0x0000000090d00000, 0x0000000090d00000|100%| O|  |TAMS 0x0000000090c00000| PB 0x0000000090c00000| Untracked 
| 269|0x0000000090d00000, 0x0000000090d00000, 0x0000000090e00000|  0%| F|  |TAMS 0x0000000090d00000| PB 0x0000000090d00000| Untracked 
| 270|0x0000000090e00000, 0x0000000090e00000, 0x0000000090f00000|  0%| F|  |TAMS 0x0000000090e00000| PB 0x0000000090e00000| Untracked 
| 271|0x0000000090f00000, 0x0000000090f00000, 0x0000000091000000|  0%| F|  |TAMS 0x0000000090f00000| PB 0x0000000090f00000| Untracked 
| 272|0x0000000091000000, 0x0000000091000000, 0x0000000091100000|  0%| F|  |TAMS 0x0000000091000000| PB 0x0000000091000000| Untracked 
| 273|0x0000000091100000, 0x0000000091100000, 0x0000000091200000|  0%| F|  |TAMS 0x0000000091100000| PB 0x0000000091100000| Untracked 
| 274|0x0000000091200000, 0x0000000091200000, 0x0000000091300000|  0%| F|  |TAMS 0x0000000091200000| PB 0x0000000091200000| Untracked 
| 275|0x0000000091300000, 0x0000000091300000, 0x0000000091400000|  0%| F|  |TAMS 0x0000000091300000| PB 0x0000000091300000| Untracked 
| 276|0x0000000091400000, 0x0000000091400000, 0x0000000091500000|  0%| F|  |TAMS 0x0000000091400000| PB 0x0000000091400000| Untracked 
| 277|0x0000000091500000, 0x0000000091500000, 0x0000000091600000|  0%| F|  |TAMS 0x0000000091500000| PB 0x0000000091500000| Untracked 
| 278|0x0000000091600000, 0x0000000091700000, 0x0000000091700000|100%|HS|  |TAMS 0x0000000091700000| PB 0x0000000091600000| Complete 
| 279|0x0000000091700000, 0x0000000091800000, 0x0000000091800000|100%|HC|  |TAMS 0x0000000091800000| PB 0x0000000091700000| Complete 
| 280|0x0000000091800000, 0x0000000091900000, 0x0000000091900000|100%|HC|  |TAMS 0x0000000091900000| PB 0x0000000091800000| Complete 
| 281|0x0000000091900000, 0x0000000091900000, 0x0000000091a00000|  0%| F|  |TAMS 0x0000000091900000| PB 0x0000000091900000| Untracked 
| 282|0x0000000091a00000, 0x0000000091a00000, 0x0000000091b00000|  0%| F|  |TAMS 0x0000000091a00000| PB 0x0000000091a00000| Untracked 
| 283|0x0000000091b00000, 0x0000000091b00000, 0x0000000091c00000|  0%| F|  |TAMS 0x0000000091b00000| PB 0x0000000091b00000| Untracked 
| 284|0x0000000091c00000, 0x0000000091d00000, 0x0000000091d00000|100%| O|  |TAMS 0x0000000091c00000| PB 0x0000000091c00000| Untracked 
| 285|0x0000000091d00000, 0x0000000091e00000, 0x0000000091e00000|100%| O|  |TAMS 0x0000000091d00000| PB 0x0000000091d00000| Untracked 
| 286|0x0000000091e00000, 0x0000000091f00000, 0x0000000091f00000|100%| O|  |TAMS 0x0000000091e00000| PB 0x0000000091e00000| Untracked 
| 287|0x0000000091f00000, 0x0000000092000000, 0x0000000092000000|100%| O|  |TAMS 0x0000000091f00000| PB 0x0000000091f00000| Untracked 
| 288|0x0000000092000000, 0x0000000092100000, 0x0000000092100000|100%| O|  |TAMS 0x0000000092000000| PB 0x0000000092000000| Untracked 
| 289|0x0000000092100000, 0x0000000092200000, 0x0000000092200000|100%| O|  |TAMS 0x0000000092100000| PB 0x0000000092100000| Untracked 
| 290|0x0000000092200000, 0x0000000092300000, 0x0000000092300000|100%| O|  |TAMS 0x0000000092200000| PB 0x0000000092200000| Untracked 
| 291|0x0000000092300000, 0x0000000092400000, 0x0000000092400000|100%| O|  |TAMS 0x0000000092300000| PB 0x0000000092300000| Untracked 
| 292|0x0000000092400000, 0x0000000092500000, 0x0000000092500000|100%| O|  |TAMS 0x0000000092400000| PB 0x0000000092400000| Untracked 
| 293|0x0000000092500000, 0x0000000092600000, 0x0000000092600000|100%| O|  |TAMS 0x0000000092500000| PB 0x0000000092500000| Untracked 
| 294|0x0000000092600000, 0x0000000092700000, 0x0000000092700000|100%| O|  |TAMS 0x0000000092600000| PB 0x0000000092600000| Untracked 
| 295|0x0000000092700000, 0x0000000092800000, 0x0000000092800000|100%| O|  |TAMS 0x0000000092700000| PB 0x0000000092700000| Untracked 
| 296|0x0000000092800000, 0x0000000092900000, 0x0000000092900000|100%| O|  |TAMS 0x0000000092800000| PB 0x0000000092800000| Untracked 
| 297|0x0000000092900000, 0x0000000092a00000, 0x0000000092a00000|100%| O|  |TAMS 0x0000000092900000| PB 0x0000000092900000| Untracked 
| 298|0x0000000092a00000, 0x0000000092b00000, 0x0000000092b00000|100%| O|  |TAMS 0x0000000092a00000| PB 0x0000000092a00000| Untracked 
| 299|0x0000000092b00000, 0x0000000092b80000, 0x0000000092c00000| 50%| O|  |TAMS 0x0000000092b00000| PB 0x0000000092b00000| Updating 
| 300|0x0000000092c00000, 0x0000000092c00000, 0x0000000092d00000|  0%| F|  |TAMS 0x0000000092c00000| PB 0x0000000092c00000| Untracked 
| 301|0x0000000092d00000, 0x0000000092d00000, 0x0000000092e00000|  0%| F|  |TAMS 0x0000000092d00000| PB 0x0000000092d00000| Untracked 
| 302|0x0000000092e00000, 0x0000000092e00000, 0x0000000092f00000|  0%| F|  |TAMS 0x0000000092e00000| PB 0x0000000092e00000| Untracked 
| 303|0x0000000092f00000, 0x0000000092f00000, 0x0000000093000000|  0%| F|  |TAMS 0x0000000092f00000| PB 0x0000000092f00000| Untracked 
| 304|0x0000000093000000, 0x0000000093000000, 0x0000000093100000|  0%| F|  |TAMS 0x0000000093000000| PB 0x0000000093000000| Untracked 
| 305|0x0000000093100000, 0x0000000093100000, 0x0000000093200000|  0%| F|  |TAMS 0x0000000093100000| PB 0x0000000093100000| Untracked 
| 306|0x0000000093200000, 0x0000000093200000, 0x0000000093300000|  0%| F|  |TAMS 0x0000000093200000| PB 0x0000000093200000| Untracked 
| 307|0x0000000093300000, 0x0000000093300000, 0x0000000093400000|  0%| F|  |TAMS 0x0000000093300000| PB 0x0000000093300000| Untracked 
| 308|0x0000000093400000, 0x0000000093500000, 0x0000000093500000|100%| S|CS|TAMS 0x0000000093400000| PB 0x0000000093400000| Complete 
| 309|0x0000000093500000, 0x0000000093600000, 0x0000000093600000|100%| S|CS|TAMS 0x0000000093500000| PB 0x0000000093500000| Complete 
| 310|0x0000000093600000, 0x0000000093700000, 0x0000000093700000|100%| S|CS|TAMS 0x0000000093600000| PB 0x0000000093600000| Complete 
| 311|0x0000000093700000, 0x0000000093800000, 0x0000000093800000|100%| S|CS|TAMS 0x0000000093700000| PB 0x0000000093700000| Complete 
| 312|0x0000000093800000, 0x0000000093900000, 0x0000000093900000|100%| S|CS|TAMS 0x0000000093800000| PB 0x0000000093800000| Complete 
| 313|0x0000000093900000, 0x0000000093a00000, 0x0000000093a00000|100%| S|CS|TAMS 0x0000000093900000| PB 0x0000000093900000| Complete 
| 314|0x0000000093a00000, 0x0000000093b00000, 0x0000000093b00000|100%| S|CS|TAMS 0x0000000093a00000| PB 0x0000000093a00000| Complete 
| 315|0x0000000093b00000, 0x0000000093c00000, 0x0000000093c00000|100%| S|CS|TAMS 0x0000000093b00000| PB 0x0000000093b00000| Complete 
| 316|0x0000000093c00000, 0x0000000093d00000, 0x0000000093d00000|100%| S|CS|TAMS 0x0000000093c00000| PB 0x0000000093c00000| Complete 
| 317|0x0000000093d00000, 0x0000000093e00000, 0x0000000093e00000|100%| S|CS|TAMS 0x0000000093d00000| PB 0x0000000093d00000| Complete 
| 318|0x0000000093e00000, 0x0000000093e00000, 0x0000000093f00000|  0%| F|  |TAMS 0x0000000093e00000| PB 0x0000000093e00000| Untracked 
| 319|0x0000000093f00000, 0x0000000093f00000, 0x0000000094000000|  0%| F|  |TAMS 0x0000000093f00000| PB 0x0000000093f00000| Untracked 
| 320|0x0000000094000000, 0x0000000094000000, 0x0000000094100000|  0%| F|  |TAMS 0x0000000094000000| PB 0x0000000094000000| Untracked 
| 321|0x0000000094100000, 0x0000000094100000, 0x0000000094200000|  0%| F|  |TAMS 0x0000000094100000| PB 0x0000000094100000| Untracked 
| 322|0x0000000094200000, 0x0000000094200000, 0x0000000094300000|  0%| F|  |TAMS 0x0000000094200000| PB 0x0000000094200000| Untracked 
| 323|0x0000000094300000, 0x0000000094300000, 0x0000000094400000|  0%| F|  |TAMS 0x0000000094300000| PB 0x0000000094300000| Untracked 
| 324|0x0000000094400000, 0x0000000094400000, 0x0000000094500000|  0%| F|  |TAMS 0x0000000094400000| PB 0x0000000094400000| Untracked 
| 325|0x0000000094500000, 0x0000000094500000, 0x0000000094600000|  0%| F|  |TAMS 0x0000000094500000| PB 0x0000000094500000| Untracked 
| 326|0x0000000094600000, 0x0000000094600000, 0x0000000094700000|  0%| F|  |TAMS 0x0000000094600000| PB 0x0000000094600000| Untracked 
| 327|0x0000000094700000, 0x0000000094700000, 0x0000000094800000|  0%| F|  |TAMS 0x0000000094700000| PB 0x0000000094700000| Untracked 
| 328|0x0000000094800000, 0x0000000094800000, 0x0000000094900000|  0%| F|  |TAMS 0x0000000094800000| PB 0x0000000094800000| Untracked 
| 329|0x0000000094900000, 0x0000000094900000, 0x0000000094a00000|  0%| F|  |TAMS 0x0000000094900000| PB 0x0000000094900000| Untracked 
| 330|0x0000000094a00000, 0x0000000094a00000, 0x0000000094b00000|  0%| F|  |TAMS 0x0000000094a00000| PB 0x0000000094a00000| Untracked 
| 331|0x0000000094b00000, 0x0000000094b00000, 0x0000000094c00000|  0%| F|  |TAMS 0x0000000094b00000| PB 0x0000000094b00000| Untracked 
| 332|0x0000000094c00000, 0x0000000094c00000, 0x0000000094d00000|  0%| F|  |TAMS 0x0000000094c00000| PB 0x0000000094c00000| Untracked 
| 333|0x0000000094d00000, 0x0000000094d00000, 0x0000000094e00000|  0%| F|  |TAMS 0x0000000094d00000| PB 0x0000000094d00000| Untracked 
| 334|0x0000000094e00000, 0x0000000094e00000, 0x0000000094f00000|  0%| F|  |TAMS 0x0000000094e00000| PB 0x0000000094e00000| Untracked 
| 335|0x0000000094f00000, 0x0000000094f00000, 0x0000000095000000|  0%| F|  |TAMS 0x0000000094f00000| PB 0x0000000094f00000| Untracked 
| 336|0x0000000095000000, 0x0000000095000000, 0x0000000095100000|  0%| F|  |TAMS 0x0000000095000000| PB 0x0000000095000000| Untracked 
| 337|0x0000000095100000, 0x0000000095100000, 0x0000000095200000|  0%| F|  |TAMS 0x0000000095100000| PB 0x0000000095100000| Untracked 
| 338|0x0000000095200000, 0x0000000095200000, 0x0000000095300000|  0%| F|  |TAMS 0x0000000095200000| PB 0x0000000095200000| Untracked 
| 339|0x0000000095300000, 0x0000000095300000, 0x0000000095400000|  0%| F|  |TAMS 0x0000000095300000| PB 0x0000000095300000| Untracked 
| 340|0x0000000095400000, 0x0000000095400000, 0x0000000095500000|  0%| F|  |TAMS 0x0000000095400000| PB 0x0000000095400000| Untracked 
| 341|0x0000000095500000, 0x0000000095500000, 0x0000000095600000|  0%| F|  |TAMS 0x0000000095500000| PB 0x0000000095500000| Untracked 
| 342|0x0000000095600000, 0x0000000095600000, 0x0000000095700000|  0%| F|  |TAMS 0x0000000095600000| PB 0x0000000095600000| Untracked 
| 343|0x0000000095700000, 0x0000000095700000, 0x0000000095800000|  0%| F|  |TAMS 0x0000000095700000| PB 0x0000000095700000| Untracked 
| 344|0x0000000095800000, 0x0000000095800000, 0x0000000095900000|  0%| F|  |TAMS 0x0000000095800000| PB 0x0000000095800000| Untracked 
| 345|0x0000000095900000, 0x0000000095900000, 0x0000000095a00000|  0%| F|  |TAMS 0x0000000095900000| PB 0x0000000095900000| Untracked 
| 346|0x0000000095a00000, 0x0000000095a00000, 0x0000000095b00000|  0%| F|  |TAMS 0x0000000095a00000| PB 0x0000000095a00000| Untracked 
| 347|0x0000000095b00000, 0x0000000095b00000, 0x0000000095c00000|  0%| F|  |TAMS 0x0000000095b00000| PB 0x0000000095b00000| Untracked 
| 348|0x0000000095c00000, 0x0000000095c00000, 0x0000000095d00000|  0%| F|  |TAMS 0x0000000095c00000| PB 0x0000000095c00000| Untracked 
| 349|0x0000000095d00000, 0x0000000095d858a0, 0x0000000095e00000| 52%| E|  |TAMS 0x0000000095d00000| PB 0x0000000095d00000| Complete 
| 350|0x0000000095e00000, 0x0000000095f00000, 0x0000000095f00000|100%| E|CS|TAMS 0x0000000095e00000| PB 0x0000000095e00000| Complete 
| 351|0x0000000095f00000, 0x0000000096000000, 0x0000000096000000|100%| E|CS|TAMS 0x0000000095f00000| PB 0x0000000095f00000| Complete 
| 352|0x0000000096000000, 0x0000000096100000, 0x0000000096100000|100%| E|CS|TAMS 0x0000000096000000| PB 0x0000000096000000| Complete 
| 353|0x0000000096100000, 0x0000000096200000, 0x0000000096200000|100%| E|CS|TAMS 0x0000000096100000| PB 0x0000000096100000| Complete 
| 354|0x0000000096200000, 0x0000000096300000, 0x0000000096300000|100%| E|CS|TAMS 0x0000000096200000| PB 0x0000000096200000| Complete 
| 355|0x0000000096300000, 0x0000000096400000, 0x0000000096400000|100%| E|CS|TAMS 0x0000000096300000| PB 0x0000000096300000| Complete 
| 356|0x0000000096400000, 0x0000000096500000, 0x0000000096500000|100%| E|CS|TAMS 0x0000000096400000| PB 0x0000000096400000| Complete 
| 357|0x0000000096500000, 0x0000000096600000, 0x0000000096600000|100%| E|CS|TAMS 0x0000000096500000| PB 0x0000000096500000| Complete 
| 358|0x0000000096600000, 0x0000000096700000, 0x0000000096700000|100%| E|CS|TAMS 0x0000000096600000| PB 0x0000000096600000| Complete 
| 359|0x0000000096700000, 0x0000000096800000, 0x0000000096800000|100%| E|CS|TAMS 0x0000000096700000| PB 0x0000000096700000| Complete 
| 360|0x0000000096800000, 0x0000000096900000, 0x0000000096900000|100%| E|CS|TAMS 0x0000000096800000| PB 0x0000000096800000| Complete 
| 361|0x0000000096900000, 0x0000000096a00000, 0x0000000096a00000|100%| E|CS|TAMS 0x0000000096900000| PB 0x0000000096900000| Complete 
| 362|0x0000000096a00000, 0x0000000096b00000, 0x0000000096b00000|100%| E|CS|TAMS 0x0000000096a00000| PB 0x0000000096a00000| Complete 
| 363|0x0000000096b00000, 0x0000000096c00000, 0x0000000096c00000|100%| E|CS|TAMS 0x0000000096b00000| PB 0x0000000096b00000| Complete 
| 364|0x0000000096c00000, 0x0000000096d00000, 0x0000000096d00000|100%| E|CS|TAMS 0x0000000096c00000| PB 0x0000000096c00000| Complete 
| 365|0x0000000096d00000, 0x0000000096e00000, 0x0000000096e00000|100%| E|CS|TAMS 0x0000000096d00000| PB 0x0000000096d00000| Complete 
| 366|0x0000000096e00000, 0x0000000096f00000, 0x0000000096f00000|100%| E|CS|TAMS 0x0000000096e00000| PB 0x0000000096e00000| Complete 
| 367|0x0000000096f00000, 0x0000000097000000, 0x0000000097000000|100%| E|CS|TAMS 0x0000000096f00000| PB 0x0000000096f00000| Complete 
| 368|0x0000000097000000, 0x0000000097100000, 0x0000000097100000|100%| E|CS|TAMS 0x0000000097000000| PB 0x0000000097000000| Complete 
| 369|0x0000000097100000, 0x0000000097200000, 0x0000000097200000|100%| E|CS|TAMS 0x0000000097100000| PB 0x0000000097100000| Complete 
| 370|0x0000000097200000, 0x0000000097300000, 0x0000000097300000|100%| E|CS|TAMS 0x0000000097200000| PB 0x0000000097200000| Complete 
|2024|0x00000000fe800000, 0x00000000fe900000, 0x00000000fe900000|100%| O|  |TAMS 0x00000000fe900000| PB 0x00000000fe900000| Updating 
|2025|0x00000000fe900000, 0x00000000fea00000, 0x00000000fea00000|100%| E|CS|TAMS 0x00000000fe900000| PB 0x00000000fe900000| Complete 
|2026|0x00000000fea00000, 0x00000000feb00000, 0x00000000feb00000|100%| E|CS|TAMS 0x00000000fea00000| PB 0x00000000fea00000| Complete 
|2027|0x00000000feb00000, 0x00000000fec00000, 0x00000000fec00000|100%| O|  |TAMS 0x00000000fec00000| PB 0x00000000fec00000| Updating 
|2028|0x00000000fec00000, 0x00000000fed00000, 0x00000000fed00000|100%| O|  |TAMS 0x00000000fed00000| PB 0x00000000fed00000| Untracked 
|2029|0x00000000fed00000, 0x00000000fee00000, 0x00000000fee00000|100%| O|  |TAMS 0x00000000fee00000| PB 0x00000000fee00000| Updating 
|2030|0x00000000fee00000, 0x00000000fef00000, 0x00000000fef00000|100%| O|  |TAMS 0x00000000fef00000| PB 0x00000000fef00000| Updating 
|2031|0x00000000fef00000, 0x00000000ff000000, 0x00000000ff000000|100%| O|  |TAMS 0x00000000ff000000| PB 0x00000000ff000000| Untracked 
|2032|0x00000000ff000000, 0x00000000ff100000, 0x00000000ff100000|100%| O|  |TAMS 0x00000000ff100000| PB 0x00000000ff100000| Untracked 
|2033|0x00000000ff100000, 0x00000000ff200000, 0x00000000ff200000|100%| O|  |TAMS 0x00000000ff200000| PB 0x00000000ff200000| Untracked 
|2034|0x00000000ff200000, 0x00000000ff300000, 0x00000000ff300000|100%| O|  |TAMS 0x00000000ff300000| PB 0x00000000ff300000| Untracked 
|2035|0x00000000ff300000, 0x00000000ff400000, 0x00000000ff400000|100%| O|  |TAMS 0x00000000ff400000| PB 0x00000000ff400000| Untracked 
|2036|0x00000000ff400000, 0x00000000ff500000, 0x00000000ff500000|100%| O|  |TAMS 0x00000000ff500000| PB 0x00000000ff500000| Untracked 
|2037|0x00000000ff500000, 0x00000000ff600000, 0x00000000ff600000|100%| O|  |TAMS 0x00000000ff600000| PB 0x00000000ff600000| Untracked 
|2038|0x00000000ff600000, 0x00000000ff700000, 0x00000000ff700000|100%| O|  |TAMS 0x00000000ff700000| PB 0x00000000ff700000| Untracked 
|2039|0x00000000ff700000, 0x00000000ff800000, 0x00000000ff800000|100%| E|CS|TAMS 0x00000000ff700000| PB 0x00000000ff700000| Complete 
|2040|0x00000000ff800000, 0x00000000ff900000, 0x00000000ff900000|100%| O|  |TAMS 0x00000000ff900000| PB 0x00000000ff900000| Updating 
|2041|0x00000000ff900000, 0x00000000ffa00000, 0x00000000ffa00000|100%| O|  |TAMS 0x00000000ffa00000| PB 0x00000000ffa00000| Untracked 
|2042|0x00000000ffa00000, 0x00000000ffb00000, 0x00000000ffb00000|100%| E|CS|TAMS 0x00000000ffa00000| PB 0x00000000ffa00000| Complete 
|2043|0x00000000ffb00000, 0x00000000ffc00000, 0x00000000ffc00000|100%| E|CS|TAMS 0x00000000ffb00000| PB 0x00000000ffb00000| Complete 
|2044|0x00000000ffc00000, 0x00000000ffd00000, 0x00000000ffd00000|100%| E|CS|TAMS 0x00000000ffc00000| PB 0x00000000ffc00000| Complete 
|2045|0x00000000ffd00000, 0x00000000ffe00000, 0x00000000ffe00000|100%| E|CS|TAMS 0x00000000ffd00000| PB 0x00000000ffd00000| Complete 
|2046|0x00000000ffe00000, 0x00000000fff00000, 0x00000000fff00000|100%| O|  |TAMS 0x00000000fff00000| PB 0x00000000fff00000| Updating 
|2047|0x00000000fff00000, 0x0000000100000000, 0x0000000100000000|100%| E|CS|TAMS 0x00000000fff00000| PB 0x00000000fff00000| Complete 

Card table byte_map: [0x000002a8f3bb0000,0x000002a8f3fb0000] _byte_map_base: 0x000002a8f37b0000

Marking Bits: (CMBitMap*) 0x000002a8da514600
 Bits: [0x000002a8f43b0000, 0x000002a8f63b0000)

Polling page: 0x000002a8da570000

Metaspace:

Usage:
  Non-class:     94.49 MB used.
      Class:     14.98 MB used.
       Both:    109.47 MB used.

Virtual space:
  Non-class space:      128.00 MB reserved,      95.62 MB ( 75%) committed,  2 nodes.
      Class space:        1.00 GB reserved,      16.12 MB (  2%) committed,  1 nodes.
             Both:        1.12 GB reserved,     111.75 MB ( 10%) committed. 

Chunk freelists:
   Non-Class:  288.00 KB
       Class:  3.72 MB
        Both:  4.00 MB

MaxMetaspaceSize: unlimited
CompressedClassSpaceSize: 1.00 GB
Initial GC threshold: 21.00 MB
Current GC threshold: 181.69 MB
CDS: on
MetaspaceReclaimPolicy: balanced
 - commit_granule_bytes: 65536.
 - commit_granule_words: 8192.
 - virtual_space_node_default_size: 8388608.
 - enlarge_chunks_in_place: 1.
 - new_chunks_are_fully_committed: 0.
 - uncommit_free_chunks: 1.
 - use_allocation_guard: 0.


Internal statistics:

num_allocs_failed_limit: 6.
num_arena_births: 4158.
num_arena_deaths: 0.
num_vsnodes_births: 3.
num_vsnodes_deaths: 0.
num_space_committed: 1787.
num_space_uncommitted: 0.
num_chunks_returned_to_freelist: 6.
num_chunks_taken_from_freelist: 9155.
num_chunk_merges: 6.
num_chunk_splits: 6076.
num_chunks_enlarged: 3944.
num_inconsistent_stats: 0.

CodeHeap 'non-profiled nmethods': size=120000Kb used=7368Kb max_used=7481Kb free=112631Kb
 bounds [0x000002a8eb820000, 0x000002a8ebf80000, 0x000002a8f2d50000]
CodeHeap 'profiled nmethods': size=120000Kb used=23900Kb max_used=24258Kb free=96099Kb
 bounds [0x000002a8e3d50000, 0x000002a8e5510000, 0x000002a8eb280000]
CodeHeap 'non-nmethods': size=5760Kb used=2999Kb max_used=3054Kb free=2760Kb
 bounds [0x000002a8eb280000, 0x000002a8eb590000, 0x000002a8eb820000]
 total_blobs=13716 nmethods=12694 adapters=932
 compilation: enabled
              stopped_count=0, restarted_count=0
 full_count=0

Compilation events (20 events):
Event: 53.430 Thread 0x000002a8f8e96650 15470       3       com.android.tools.r8.internal.hf0::hashCode (13 bytes)
Event: 53.430 Thread 0x000002a8f8e96650 nmethod 15470 0x000002a8e54f9110 code [0x000002a8e54f92a0, 0x000002a8e54f94a8]
Event: 53.431 Thread 0x000002a8f8e96650 15474       3       com.android.tools.r8.internal.pm0::<init> (7 bytes)
Event: 53.431 Thread 0x000002a8f8e96650 nmethod 15474 0x000002a8e54f9590 code [0x000002a8e54f9740, 0x000002a8e54f99e8]
Event: 53.432 Thread 0x000002a8f8e96650 15478   !   2       com.android.tools.r8.graph.u3::e (34 bytes)
Event: 53.433 Thread 0x000002a8f8e96650 nmethod 15478 0x000002a8e54f9b90 code [0x000002a8e54f9d40, 0x000002a8e54fa050]
Event: 53.433 Thread 0x000002a8f8e96650 15476       2       com.android.tools.r8.internal.rb0::<init> (7 bytes)
Event: 53.434 Thread 0x000002a8f8e96650 nmethod 15476 0x000002a8e54fa290 code [0x000002a8e54fa420, 0x000002a8e54fa538]
Event: 53.434 Thread 0x000002a8f8e96650 15469       2       com.android.tools.r8.internal.vp0::b (17 bytes)
Event: 53.435 Thread 0x000002a8f8e96650 nmethod 15469 0x000002a8e54fa610 code [0x000002a8e54fa7a0, 0x000002a8e54fa8b8]
Event: 53.435 Thread 0x000002a8f8e96650 15479       3       com.android.tools.r8.internal.uh0::<init> (13 bytes)
Event: 53.436 Thread 0x000002a8f8e96650 nmethod 15479 0x000002a8e54fa990 code [0x000002a8e54fab40, 0x000002a8e54fad50]
Event: 53.436 Thread 0x000002a8f8e96650 15480       3       com.android.tools.r8.internal.ej0::<init> (7 bytes)
Event: 53.436 Thread 0x000002a8f8e96650 nmethod 15480 0x000002a8e54fae90 code [0x000002a8e54fb020, 0x000002a8e54fb158]
Event: 53.448 Thread 0x000002a8f8e96650 15481       3       com.android.tools.r8.dex.c0::h (919 bytes)
Event: 53.456 Thread 0x000002a8f8e96650 nmethod 15481 0x000002a8e54fb210 code [0x000002a8e54fb900, 0x000002a8e54ff308]
Event: 53.457 Thread 0x000002a8f8e96650 15482       2       com.android.tools.r8.graph.o6$l::<init> (6 bytes)
Event: 53.458 Thread 0x000002a8f8e96650 nmethod 15482 0x000002a8e5500690 code [0x000002a8e5500820, 0x000002a8e5500978]
Event: 53.462 Thread 0x000002a8f8e92510 nmethod 15372 0x000002a8ebc61b10 code [0x000002a8ebc61ca0, 0x000002a8ebc62b50]
Event: 53.463 Thread 0x000002a8f8e92510 15463       4       com.android.tools.r8.graph.i6::a (113 bytes)

GC Heap History (20 events):
Event: 40.384 GC heap before
{Heap before GC invocations=42 (full 0):
 garbage-first heap   total 191488K, used 171874K [0x0000000080000000, 0x0000000100000000)
  region size 1024K, 59 young (60416K), 8 survivors (8192K)
 Metaspace       used 101098K, committed 103360K, reserved 1179648K
  class space    used 13755K, committed 14912K, reserved 1048576K
}
Event: 40.397 GC heap after
{Heap after GC invocations=43 (full 0):
 garbage-first heap   total 191488K, used 124245K [0x0000000080000000, 0x0000000100000000)
  region size 1024K, 5 young (5120K), 5 survivors (5120K)
 Metaspace       used 101098K, committed 103360K, reserved 1179648K
  class space    used 13755K, committed 14912K, reserved 1048576K
}
Event: 41.253 GC heap before
{Heap before GC invocations=44 (full 0):
 garbage-first heap   total 229376K, used 171349K [0x0000000080000000, 0x0000000100000000)
  region size 1024K, 52 young (53248K), 5 survivors (5120K)
 Metaspace       used 101251K, committed 103552K, reserved 1179648K
  class space    used 13768K, committed 14912K, reserved 1048576K
}
Event: 41.260 GC heap after
{Heap after GC invocations=45 (full 0):
 garbage-first heap   total 229376K, used 127347K [0x0000000080000000, 0x0000000100000000)
  region size 1024K, 5 young (5120K), 5 survivors (5120K)
 Metaspace       used 101251K, committed 103552K, reserved 1179648K
  class space    used 13768K, committed 14912K, reserved 1048576K
}
Event: 43.226 GC heap before
{Heap before GC invocations=45 (full 0):
 garbage-first heap   total 229376K, used 207219K [0x0000000080000000, 0x0000000100000000)
  region size 1024K, 84 young (86016K), 5 survivors (5120K)
 Metaspace       used 103952K, committed 106240K, reserved 1179648K
  class space    used 14087K, committed 15232K, reserved 1048576K
}
Event: 43.236 GC heap after
{Heap after GC invocations=46 (full 0):
 garbage-first heap   total 229376K, used 131317K [0x0000000080000000, 0x0000000100000000)
  region size 1024K, 10 young (10240K), 10 survivors (10240K)
 Metaspace       used 103952K, committed 106240K, reserved 1179648K
  class space    used 14087K, committed 15232K, reserved 1048576K
}
Event: 44.471 GC heap before
{Heap before GC invocations=46 (full 0):
 garbage-first heap   total 229376K, used 195829K [0x0000000080000000, 0x0000000100000000)
  region size 1024K, 75 young (76800K), 10 survivors (10240K)
 Metaspace       used 104604K, committed 106944K, reserved 1179648K
  class space    used 14159K, committed 15360K, reserved 1048576K
}
Event: 44.482 GC heap after
{Heap after GC invocations=47 (full 0):
 garbage-first heap   total 229376K, used 134812K [0x0000000080000000, 0x0000000100000000)
  region size 1024K, 6 young (6144K), 6 survivors (6144K)
 Metaspace       used 104604K, committed 106944K, reserved 1179648K
  class space    used 14159K, committed 15360K, reserved 1048576K
}
Event: 45.657 GC heap before
{Heap before GC invocations=48 (full 0):
 garbage-first heap   total 290816K, used 237212K [0x0000000080000000, 0x0000000100000000)
  region size 1024K, 76 young (77824K), 6 survivors (6144K)
 Metaspace       used 107152K, committed 109504K, reserved 1179648K
  class space    used 14491K, committed 15680K, reserved 1048576K
}
Event: 45.667 GC heap after
{Heap after GC invocations=49 (full 0):
 garbage-first heap   total 290816K, used 174062K [0x0000000080000000, 0x0000000100000000)
  region size 1024K, 10 young (10240K), 10 survivors (10240K)
 Metaspace       used 107152K, committed 109504K, reserved 1179648K
  class space    used 14491K, committed 15680K, reserved 1048576K
}
Event: 46.192 GC heap before
{Heap before GC invocations=49 (full 0):
 garbage-first heap   total 296960K, used 295918K [0x0000000080000000, 0x0000000100000000)
  region size 1024K, 52 young (53248K), 10 survivors (10240K)
 Metaspace       used 108912K, committed 111232K, reserved 1179648K
  class space    used 14721K, committed 15872K, reserved 1048576K
}
Event: 46.209 GC heap after
{Heap after GC invocations=50 (full 0):
 garbage-first heap   total 320512K, used 214223K [0x0000000080000000, 0x0000000100000000)
  region size 1024K, 8 young (8192K), 8 survivors (8192K)
 Metaspace       used 108912K, committed 111232K, reserved 1179648K
  class space    used 14721K, committed 15872K, reserved 1048576K
}
Event: 46.952 GC heap before
{Heap before GC invocations=50 (full 0):
 garbage-first heap   total 320512K, used 253135K [0x0000000080000000, 0x0000000100000000)
  region size 1024K, 48 young (49152K), 8 survivors (8192K)
 Metaspace       used 109258K, committed 111616K, reserved 1179648K
  class space    used 14764K, committed 15936K, reserved 1048576K
}
Event: 46.974 GC heap after
{Heap after GC invocations=51 (full 0):
 garbage-first heap   total 320512K, used 228352K [0x0000000080000000, 0x0000000100000000)
  region size 1024K, 11 young (11264K), 11 survivors (11264K)
 Metaspace       used 109258K, committed 111616K, reserved 1179648K
  class space    used 14764K, committed 15936K, reserved 1048576K
}
Event: 48.755 GC heap before
{Heap before GC invocations=52 (full 0):
 garbage-first heap   total 404480K, used 287744K [0x0000000080000000, 0x0000000100000000)
  region size 1024K, 66 young (67584K), 11 survivors (11264K)
 Metaspace       used 109305K, committed 111616K, reserved 1179648K
  class space    used 14773K, committed 15936K, reserved 1048576K
}
Event: 48.801 GC heap after
{Heap after GC invocations=53 (full 0):
 garbage-first heap   total 404480K, used 251501K [0x0000000080000000, 0x0000000100000000)
  region size 1024K, 9 young (9216K), 9 survivors (9216K)
 Metaspace       used 109305K, committed 111616K, reserved 1179648K
  class space    used 14773K, committed 15936K, reserved 1048576K
}
Event: 52.443 GC heap before
{Heap before GC invocations=53 (full 0):
 garbage-first heap   total 404480K, used 339565K [0x0000000080000000, 0x0000000100000000)
  region size 1024K, 93 young (95232K), 9 survivors (9216K)
 Metaspace       used 112054K, committed 114368K, reserved 1179648K
  class space    used 15335K, committed 16512K, reserved 1048576K
}
Event: 52.502 GC heap after
{Heap after GC invocations=54 (full 0):
 garbage-first heap   total 404480K, used 287232K [0x0000000080000000, 0x0000000100000000)
  region size 1024K, 12 young (12288K), 12 survivors (12288K)
 Metaspace       used 112054K, committed 114368K, reserved 1179648K
  class space    used 15335K, committed 16512K, reserved 1048576K
}
Event: 52.935 GC heap before
{Heap before GC invocations=54 (full 0):
 garbage-first heap   total 404480K, used 348672K [0x0000000080000000, 0x0000000100000000)
  region size 1024K, 73 young (74752K), 12 survivors (12288K)
 Metaspace       used 112090K, committed 114432K, reserved 1179648K
  class space    used 15337K, committed 16512K, reserved 1048576K
}
Event: 53.001 GC heap after
{Heap after GC invocations=55 (full 0):
 garbage-first heap   total 404480K, used 321024K [0x0000000080000000, 0x0000000100000000)
  region size 1024K, 10 young (10240K), 10 survivors (10240K)
 Metaspace       used 112090K, committed 114432K, reserved 1179648K
  class space    used 15337K, committed 16512K, reserved 1048576K
}

Dll operation events (15 events):
Event: 0.025 Loaded shared library C:\Program Files\Java\jdk-20\bin\java.dll
Event: 0.048 Loaded shared library C:\Program Files\Java\jdk-20\bin\jsvml.dll
Event: 0.183 Loaded shared library C:\Program Files\Java\jdk-20\bin\zip.dll
Event: 0.192 Loaded shared library C:\Program Files\Java\jdk-20\bin\instrument.dll
Event: 0.204 Loaded shared library C:\Program Files\Java\jdk-20\bin\net.dll
Event: 0.209 Loaded shared library C:\Program Files\Java\jdk-20\bin\nio.dll
Event: 0.217 Loaded shared library C:\Program Files\Java\jdk-20\bin\zip.dll
Event: 0.952 Loaded shared library C:\Program Files\Java\jdk-20\bin\jimage.dll
Event: 1.427 Loaded shared library C:\Program Files\Java\jdk-20\bin\verify.dll
Event: 1.763 Loaded shared library C:\Users\admin\.gradle\native\1def1411415f61bf3af743bc5b6707747c0891f09f0c88961ee8f79bc544acac\windows-amd64\native-platform.dll
Event: 1.816 Loaded shared library C:\Users\admin\.gradle\native\0.2.7\x86_64-windows-gnu\gradle-fileevents.dll
Event: 5.123 Loaded shared library C:\Program Files\Java\jdk-20\bin\management.dll
Event: 5.129 Loaded shared library C:\Program Files\Java\jdk-20\bin\management_ext.dll
Event: 5.825 Loaded shared library C:\Program Files\Java\jdk-20\bin\extnet.dll
Event: 6.514 Loaded shared library C:\Program Files\Java\jdk-20\bin\sunmscapi.dll

Deoptimization events (20 events):
Event: 53.411 Thread 0x000002a8fe21e000 DEOPT PACKING pc=0x000002a8e4e8b47c sp=0x000000f63d6fe6d0
Event: 53.411 Thread 0x000002a8fe21e000 DEOPT UNPACKING pc=0x000002a8eb2ea4c2 sp=0x000000f63d6fdd00 mode 0
Event: 53.414 Thread 0x000002a8fe21d560 DEOPT PACKING pc=0x000002a8e4f020a9 sp=0x000000f63d4fec30
Event: 53.414 Thread 0x000002a8fe21d560 DEOPT UNPACKING pc=0x000002a8eb2ea4c2 sp=0x000000f63d4fe1e8 mode 0
Event: 53.414 Thread 0x000002a8fe21eaa0 DEOPT PACKING pc=0x000002a8e4f020a9 sp=0x000000f63a0feda0
Event: 53.414 Thread 0x000002a8fe21eaa0 DEOPT UNPACKING pc=0x000002a8eb2ea4c2 sp=0x000000f63a0fe358 mode 0
Event: 53.423 Thread 0x000002a8fe21dab0 DEOPT PACKING pc=0x000002a8e4e8b47c sp=0x000000f63d5fe7e0
Event: 53.423 Thread 0x000002a8fe21dab0 DEOPT UNPACKING pc=0x000002a8eb2ea4c2 sp=0x000000f63d5fde10 mode 0
Event: 53.425 Thread 0x000002a8fe21dab0 DEOPT PACKING pc=0x000002a8e4f020a9 sp=0x000000f63d5febb0
Event: 53.425 Thread 0x000002a8fe21dab0 DEOPT UNPACKING pc=0x000002a8eb2ea4c2 sp=0x000000f63d5fe168 mode 0
Event: 53.439 Thread 0x000002a880b22540 DEOPT PACKING pc=0x000002a8e4f020a9 sp=0x000000f63d8fe990
Event: 53.439 Thread 0x000002a880b22540 DEOPT UNPACKING pc=0x000002a8eb2ea4c2 sp=0x000000f63d8fdf48 mode 0
Event: 53.443 Thread 0x000002a880b22540 DEOPT PACKING pc=0x000002a8e4e8b47c sp=0x000000f63d8fe5c0
Event: 53.444 Thread 0x000002a880b22540 DEOPT UNPACKING pc=0x000002a8eb2ea4c2 sp=0x000000f63d8fdbf0 mode 0
Event: 53.446 Thread 0x000002a8fe21e550 Uncommon trap: trap_request=0xffffff45 fr.pc=0x000002a8eb9ba660 relative=0x0000000000000d60
Event: 53.446 Thread 0x000002a8fe21e550 Uncommon trap: reason=unstable_if action=reinterpret pc=0x000002a8eb9ba660 method=com.android.tools.r8.dex.c0.h()Lcom/android/tools/r8/graph/o6; @ 37 c2
Event: 53.446 Thread 0x000002a8fe21e550 DEOPT PACKING pc=0x000002a8eb9ba660 sp=0x000000f63d7febb0
Event: 53.446 Thread 0x000002a8fe21e550 DEOPT UNPACKING pc=0x000002a8eb2e9d22 sp=0x000000f63d7feb78 mode 2
Event: 53.453 Thread 0x000002a880b22540 DEOPT PACKING pc=0x000002a8e4f020a9 sp=0x000000f63d8fe990
Event: 53.453 Thread 0x000002a880b22540 DEOPT UNPACKING pc=0x000002a8eb2ea4c2 sp=0x000000f63d8fdf48 mode 0

Classes loaded (20 events):
Event: 46.121 Loading class sun/nio/cs/ThreadLocalCoders$Cache done
Event: 46.121 Loading class sun/nio/cs/ThreadLocalCoders$1 done
Event: 46.121 Loading class sun/nio/cs/ThreadLocalCoders$2
Event: 46.122 Loading class sun/nio/cs/ThreadLocalCoders$2 done
Event: 48.807 Loading class java/util/concurrent/ConcurrentHashMap$TreeNode
Event: 48.808 Loading class java/util/concurrent/ConcurrentHashMap$TreeNode done
Event: 48.809 Loading class java/util/concurrent/ConcurrentHashMap$TreeBin
Event: 48.810 Loading class java/util/concurrent/ConcurrentHashMap$TreeBin done
Event: 49.272 Loading class java/util/concurrent/ForkJoinTask$AdaptedCallable
Event: 49.275 Loading class java/util/concurrent/ForkJoinTask$AdaptedCallable done
Event: 49.870 Loading class java/util/AbstractList$RandomAccessSubList
Event: 49.883 Loading class java/util/AbstractList$SubList
Event: 49.886 Loading class java/util/AbstractList$SubList done
Event: 49.886 Loading class java/util/AbstractList$RandomAccessSubList done
Event: 49.886 Loading class java/util/AbstractList$SubList$1
Event: 49.887 Loading class java/util/AbstractList$SubList$1 done
Event: 50.118 Loading class java/nio/ShortBuffer
Event: 50.119 Loading class java/nio/ShortBuffer done
Event: 50.120 Loading class java/nio/HeapShortBuffer
Event: 50.122 Loading class java/nio/HeapShortBuffer done

Classes unloaded (0 events):
No events

Classes redefined (0 events):
No events

Internal exceptions (20 events):
Event: 45.479 Thread 0x000002a8ff76eb80 Exception <a 'java/lang/NoSuchMethodError'{0x000000008e660e48}: static Lcom/android/build/api/variant/impl/SerializableApplicationMultiOutputHandler;.<clinit>()V> (0x000000008e660e48) 
thrown [s\open\src\hotspot\share\prims\jni.cpp, line 1105]
Event: 45.484 Thread 0x000002a8ff76eb80 Exception <a 'java/lang/NoSuchMethodError'{0x000000008e6a3ca0}: static Lcom/android/build/api/variant/impl/VariantOutputImpl$SerializedForm;.<clinit>()V> (0x000000008e6a3ca0) 
thrown [s\open\src\hotspot\share\prims\jni.cpp, line 1105]
Event: 45.488 Thread 0x000002a8ff76eb80 Exception <a 'java/lang/NoSuchMethodError'{0x000000008e6b9a30}: static Lcom/android/build/api/variant/impl/VariantOutputConfigurationImpl;.<clinit>()V> (0x000000008e6b9a30) 
thrown [s\open\src\hotspot\share\prims\jni.cpp, line 1105]
Event: 45.909 Thread 0x000002a8fe218b00 Exception <a 'java/lang/NoSuchMethodError'{0x0000000090a065a0}: 'void java.lang.invoke.DirectMethodHandle$Holder.invokeStatic(java.lang.Object, long)'> (0x0000000090a065a0) 
thrown [s\open\src\hotspot\share\interpreter\linkResolver.cpp, line 773]
Event: 45.913 Thread 0x000002a8fe218b00 Exception <a 'java/lang/NoSuchMethodError'{0x0000000090ae6520}: 'java.lang.Object java.lang.invoke.DirectMethodHandle$Holder.invokeStaticInit(java.lang.Object, long, java.lang.Object)'> (0x0000000090ae6520) 
thrown [s\open\src\hotspot\share\interpreter\linkResolver.cpp, line 773]
Event: 46.020 Thread 0x000002a880c8a6e0 Exception <a 'sun/nio/fs/WindowsException'{0x0000000090613550}> (0x0000000090613550) 
thrown [s\open\src\hotspot\share\prims\jni.cpp, line 519]
Event: 46.048 Thread 0x000002a880c8a6e0 Exception <a 'java/lang/NoSuchMethodError'{0x0000000090556600}: 'int java.lang.invoke.Invokers$Holder.invokeExact_MT(java.lang.Object, java.lang.Object, java.lang.Object)'> (0x0000000090556600) 
thrown [s\open\src\hotspot\share\interpreter\linkResolver.cpp, line 773]
Event: 46.080 Thread 0x000002a880c8a6e0 Exception <a 'sun/nio/fs/WindowsException'{0x00000000904adc08}> (0x00000000904adc08) 
thrown [s\open\src\hotspot\share\prims\jni.cpp, line 519]
Event: 46.083 Thread 0x000002a8fe21b580 Exception <a 'java/lang/NoSuchMethodError'{0x00000000904c4d78}: 'java.lang.Object java.lang.invoke.DirectMethodHandle$Holder.invokeStaticInit(java.lang.Object, java.lang.Object, java.lang.Object, java.lang.Object, java.lang.Object, java.lang.Object, java.lang.Object, java.lang.Object, java.lang.Object, java.lang.Object, java.lang.Object, java.lang.Object, java.lang.Object, java.lang.Object, java.lang.Object, java.lang.Object, java.lang.Object, java.lang.Object, java.lang.Object, java.lang.Object, int, java
Event: 46.089 Thread 0x000002a8fe21b580 Exception <a 'java/lang/IncompatibleClassChangeError'{0x00000000904df2a0}: Found class java.lang.Object, but interface was expected> (0x00000000904df2a0) 
thrown [s\open\src\hotspot\share\interpreter\linkResolver.cpp, line 840]
Event: 46.092 Thread 0x000002a8fe21b580 Exception <a 'java/lang/IncompatibleClassChangeError'{0x00000000904eae50}: Found class java.lang.Object, but interface was expected> (0x00000000904eae50) 
thrown [s\open\src\hotspot\share\interpreter\linkResolver.cpp, line 840]
Event: 49.291 Thread 0x000002a8fe21d560 Implicit null exception at 0x000002a8ebc16d31 to 0x000002a8ebc188e8
Event: 49.291 Thread 0x000002a8fe21d560 Implicit null exception at 0x000002a8ebc88e2b to 0x000002a8ebc89528
Event: 49.508 Thread 0x000002a8fe21dab0 Implicit null exception at 0x000002a8eb99576e to 0x000002a8eb995ff8
Event: 49.695 Thread 0x000002a8fe21aae0 Implicit null exception at 0x000002a8ebb88a6b to 0x000002a8ebb88b30
Event: 49.701 Thread 0x000002a8fe21aae0 Exception <a 'java/lang/IncompatibleClassChangeError'{0x0000000096077708}: Found class java.lang.Object, but interface was expected> (0x0000000096077708) 
thrown [s\open\src\hotspot\share\interpreter\linkResolver.cpp, line 840]
Event: 49.731 Thread 0x000002a8fe21aae0 Exception <a 'java/lang/IncompatibleClassChangeError'{0x0000000095e78218}: Found class java.lang.Object, but interface was expected> (0x0000000095e78218) 
thrown [s\open\src\hotspot\share\interpreter\linkResolver.cpp, line 840]
Event: 49.732 Thread 0x000002a8fe21aae0 Exception <a 'java/lang/IncompatibleClassChangeError'{0x0000000095e7c3e0}: Found class java.lang.Object, but interface was expected> (0x0000000095e7c3e0) 
thrown [s\open\src\hotspot\share\interpreter\linkResolver.cpp, line 840]
Event: 49.737 Thread 0x000002a880b22540 Implicit null exception at 0x000002a8ebaae8e7 to 0x000002a8ebaae9ac
Event: 49.921 Thread 0x000002a8fe21e550 Exception <a 'java/lang/NoSuchMethodError'{0x0000000095cc6dc8}: 'long java.lang.invoke.DirectMethodHandle$Holder.invokeStatic(java.lang.Object, java.lang.Object, java.lang.Object)'> (0x0000000095cc6dc8) 
thrown [s\open\src\hotspot\share\interpreter\linkResolver.cpp, line 773]

VM Operations (20 events):
Event: 46.209 Executing VM operation: G1CollectForAllocation done
Event: 46.952 Executing VM operation: G1TryInitiateConcMark
Event: 46.987 Executing VM operation: G1TryInitiateConcMark done
Event: 47.241 Executing VM operation: G1PauseRemark
Event: 47.263 Executing VM operation: G1PauseRemark done
Event: 47.361 Executing VM operation: G1PauseCleanup
Event: 47.364 Executing VM operation: G1PauseCleanup done
Event: 48.660 Executing VM operation: Cleanup
Event: 48.712 Executing VM operation: Cleanup done
Event: 48.754 Executing VM operation: G1CollectForAllocation
Event: 48.801 Executing VM operation: G1CollectForAllocation done
Event: 49.815 Executing VM operation: Cleanup
Event: 49.851 Executing VM operation: Cleanup done
Event: 51.856 Executing VM operation: Cleanup
Event: 52.237 Executing VM operation: Cleanup done
Event: 52.420 Executing VM operation: G1CollectForAllocation
Event: 52.504 Executing VM operation: G1CollectForAllocation done
Event: 52.918 Executing VM operation: G1CollectForAllocation
Event: 53.022 Executing VM operation: G1CollectForAllocation done
Event: 53.464 Executing VM operation: G1PauseRemark

Events (20 events):
Event: 53.509 Thread 0x000002a8f8e61160 flushing nmethod 0x000002a8ebed8a10
Event: 53.509 Thread 0x000002a8f8e61160 flushing nmethod 0x000002a8e3d61810
Event: 53.509 Thread 0x000002a8f8e61160 flushing nmethod 0x000002a8ebe0a010
Event: 53.509 Thread 0x000002a8f8e61160 flushing nmethod 0x000002a8ebe74b90
Event: 53.509 Thread 0x000002a8f8e61160 flushing nmethod 0x000002a8ebd5d810
Event: 53.509 Thread 0x000002a8f8e61160 flushing nmethod 0x000002a8ebd73690
Event: 53.509 Thread 0x000002a8f8e61160 flushing nmethod 0x000002a8ebcd3010
Event: 53.509 Thread 0x000002a8f8e61160 flushing nmethod 0x000002a8ebccdb90
Event: 53.509 Thread 0x000002a8f8e61160 flushing nmethod 0x000002a8ebbaa110
Event: 53.509 Thread 0x000002a8f8e61160 flushing nmethod 0x000002a8ebbcac90
Event: 53.509 Thread 0x000002a8f8e61160 flushing nmethod 0x000002a8ebb3ce90
Event: 53.509 Thread 0x000002a8f8e61160 flushing nmethod 0x000002a8ebaff190
Event: 53.509 Thread 0x000002a8f8e61160 flushing nmethod 0x000002a8eb9ce790
Event: 53.509 Thread 0x000002a8f8e61160 flushing nmethod 0x000002a8eba64d10
Event: 53.509 Thread 0x000002a8f8e61160 flushing nmethod 0x000002a8eb96cd90
Event: 53.509 Thread 0x000002a8f8e61160 flushing nmethod 0x000002a8eb96c990
Event: 53.509 Thread 0x000002a8f8e61160 flushing nmethod 0x000002a8eb9b6890
Event: 53.509 Thread 0x000002a8f8e61160 flushing nmethod 0x000002a8eb8b4590
Event: 53.509 Thread 0x000002a8f8e61160 flushing nmethod 0x000002a8eb877690
Event: 53.510 Thread 0x000002a8f8e61160 flushing nmethod 0x000002a8eb873d90


Dynamic libraries:
0x00007ff6dacc0000 - 0x00007ff6dacd0000 	C:\Program Files\Java\jdk-20\bin\java.exe
0x00007ff91c860000 - 0x00007ff91cac8000 	C:\WINDOWS\SYSTEM32\ntdll.dll
0x00007ff91c2f0000 - 0x00007ff91c3b9000 	C:\WINDOWS\System32\KERNEL32.DLL
0x00007ff919c50000 - 0x00007ff91a041000 	C:\WINDOWS\System32\KERNELBASE.dll
0x00007ff91a480000 - 0x00007ff91a5cb000 	C:\WINDOWS\System32\ucrtbase.dll
0x00007ff906bf0000 - 0x00007ff906c0b000 	C:\Program Files\Java\jdk-20\bin\VCRUNTIME140.dll
0x00007ff8f0d80000 - 0x00007ff8f0d99000 	C:\Program Files\Java\jdk-20\bin\jli.dll
0x00007ff91bfd0000 - 0x00007ff91c084000 	C:\WINDOWS\System32\ADVAPI32.dll
0x00007ff91bf20000 - 0x00007ff91bfc9000 	C:\WINDOWS\System32\msvcrt.dll
0x00007ff91bbd0000 - 0x00007ff91bc76000 	C:\WINDOWS\System32\sechost.dll
0x00007ff91af40000 - 0x00007ff91b058000 	C:\WINDOWS\System32\RPCRT4.dll
0x00007ff91c120000 - 0x00007ff91c2e6000 	C:\WINDOWS\System32\USER32.dll
0x00007ff91a5d0000 - 0x00007ff91a5f7000 	C:\WINDOWS\System32\win32u.dll
0x00007ff8f9f70000 - 0x00007ff8fa203000 	C:\WINDOWS\WinSxS\amd64_microsoft.windows.common-controls_6595b64144ccf1df_6.0.26100.7705_none_3e06597ae3363b04\COMCTL32.dll
0x00007ff91bba0000 - 0x00007ff91bbcb000 	C:\WINDOWS\System32\GDI32.dll
0x00007ff919140000 - 0x00007ff91926b000 	C:\WINDOWS\System32\gdi32full.dll
0x00007ff91a1a0000 - 0x00007ff91a243000 	C:\WINDOWS\System32\msvcp_win.dll
0x00007ff912690000 - 0x00007ff91269b000 	C:\WINDOWS\SYSTEM32\VERSION.dll
0x00007ff91bcb0000 - 0x00007ff91bce1000 	C:\WINDOWS\System32\IMM32.DLL
0x00007ff907db0000 - 0x00007ff907dbc000 	C:\Program Files\Java\jdk-20\bin\vcruntime140_1.dll
0x00007ff8b9bc0000 - 0x00007ff8b9c4e000 	C:\Program Files\Java\jdk-20\bin\msvcp140.dll
0x00007ff88ae70000 - 0x00007ff88bb07000 	C:\Program Files\Java\jdk-20\bin\server\jvm.dll
0x00007ff9162a0000 - 0x00007ff9162d5000 	C:\WINDOWS\SYSTEM32\WINMM.dll
0x00007ff8fc9e0000 - 0x00007ff8fc9ea000 	C:\WINDOWS\SYSTEM32\WSOCK32.dll
0x00007ff91bcf0000 - 0x00007ff91bd64000 	C:\WINDOWS\System32\WS2_32.dll
0x00007ff917ef0000 - 0x00007ff917f0b000 	C:\WINDOWS\SYSTEM32\kernel.appcore.dll
0x00007ff907090000 - 0x00007ff90709a000 	C:\Program Files\Java\jdk-20\bin\jimage.dll
0x00007ff916c20000 - 0x00007ff916e62000 	C:\WINDOWS\SYSTEM32\DBGHELP.DLL
0x00007ff91b680000 - 0x00007ff91ba06000 	C:\WINDOWS\System32\combase.dll
0x00007ff91bd70000 - 0x00007ff91be47000 	C:\WINDOWS\System32\OLEAUT32.dll
0x00007ff8fe9e0000 - 0x00007ff8fea1b000 	C:\WINDOWS\SYSTEM32\dbgcore.DLL
0x00007ff91a3d0000 - 0x00007ff91a475000 	C:\WINDOWS\System32\bcryptPrimitives.dll
0x00007ff8f1f50000 - 0x00007ff8f1f5e000 	C:\Program Files\Java\jdk-20\bin\instrument.dll
0x00007ff8f0d50000 - 0x00007ff8f0d76000 	C:\Program Files\Java\jdk-20\bin\java.dll
0x00007ff8b9650000 - 0x00007ff8b9727000 	C:\Program Files\Java\jdk-20\bin\jsvml.dll
0x00007ff91a7e0000 - 0x00007ff91af31000 	C:\WINDOWS\System32\SHELL32.dll
0x00007ff919270000 - 0x00007ff9193da000 	C:\WINDOWS\System32\wintypes.dll
0x00007ff9193e0000 - 0x00007ff919c42000 	C:\WINDOWS\System32\windows.storage.dll
0x00007ff91a6e0000 - 0x00007ff91a7d6000 	C:\WINDOWS\System32\SHCORE.dll
0x00007ff91a610000 - 0x00007ff91a677000 	C:\WINDOWS\System32\shlwapi.dll
0x00007ff919060000 - 0x00007ff919089000 	C:\WINDOWS\SYSTEM32\profapi.dll
0x00007ff8e8f70000 - 0x00007ff8e8f88000 	C:\Program Files\Java\jdk-20\bin\zip.dll
0x00007ff8f0d30000 - 0x00007ff8f0d43000 	C:\Program Files\Java\jdk-20\bin\net.dll
0x00007ff90de90000 - 0x00007ff90dfb7000 	C:\WINDOWS\SYSTEM32\WINHTTP.dll
0x00007ff918460000 - 0x00007ff9184cb000 	C:\WINDOWS\system32\mswsock.dll
0x00007ff8e8f90000 - 0x00007ff8e8fa6000 	C:\Program Files\Java\jdk-20\bin\nio.dll
0x00007ff906fd0000 - 0x00007ff906fe0000 	C:\Program Files\Java\jdk-20\bin\verify.dll
0x00007ff9070a0000 - 0x00007ff9070c7000 	C:\Users\admin\.gradle\native\1def1411415f61bf3af743bc5b6707747c0891f09f0c88961ee8f79bc544acac\windows-amd64\native-platform.dll
0x00007ff8d3320000 - 0x00007ff8d3398000 	C:\Users\admin\.gradle\native\0.2.7\x86_64-windows-gnu\gradle-fileevents.dll
0x00007ff8fa2d0000 - 0x00007ff8fa2da000 	C:\Program Files\Java\jdk-20\bin\management.dll
0x00007ff8fa210000 - 0x00007ff8fa21b000 	C:\Program Files\Java\jdk-20\bin\management_ext.dll
0x00007ff91a600000 - 0x00007ff91a608000 	C:\WINDOWS\System32\PSAPI.DLL
0x00007ff917970000 - 0x00007ff9179a4000 	C:\WINDOWS\SYSTEM32\IPHLPAPI.DLL
0x00007ff91bb10000 - 0x00007ff91bb1a000 	C:\WINDOWS\System32\NSI.dll
0x00007ff90e010000 - 0x00007ff90e02e000 	C:\WINDOWS\SYSTEM32\dhcpcsvc6.DLL
0x00007ff90dba0000 - 0x00007ff90dbc3000 	C:\WINDOWS\SYSTEM32\dhcpcsvc.DLL
0x00007ff9179b0000 - 0x00007ff917adc000 	C:\WINDOWS\SYSTEM32\DNSAPI.dll
0x00007ff8f2560000 - 0x00007ff8f2567000 	C:\Program Files\Java\jdk-20\bin\extnet.dll
0x00007ff918720000 - 0x00007ff91873b000 	C:\WINDOWS\SYSTEM32\CRYPTSP.dll
0x00007ff917e50000 - 0x00007ff917e89000 	C:\WINDOWS\system32\rsaenh.dll
0x00007ff918510000 - 0x00007ff91853b000 	C:\WINDOWS\SYSTEM32\USERENV.dll
0x00007ff919030000 - 0x00007ff91905a000 	C:\WINDOWS\SYSTEM32\bcrypt.dll
0x00007ff918740000 - 0x00007ff91874c000 	C:\WINDOWS\SYSTEM32\CRYPTBASE.dll
0x00007ff8e8f60000 - 0x00007ff8e8f6e000 	C:\Program Files\Java\jdk-20\bin\sunmscapi.dll
0x00007ff91a250000 - 0x00007ff91a3c7000 	C:\WINDOWS\System32\CRYPT32.dll
0x00007ff918940000 - 0x00007ff918970000 	C:\WINDOWS\SYSTEM32\ncrypt.dll
0x00007ff9188f0000 - 0x00007ff91892f000 	C:\WINDOWS\SYSTEM32\NTASN1.dll
0x00007ff8e81d0000 - 0x00007ff8e81d8000 	C:\WINDOWS\system32\wshunix.dll
0x00007ff8b4f70000 - 0x00007ff8b4f88000 	C:\WINDOWS\system32\napinsp.dll
0x00007ff8b4f90000 - 0x00007ff8b4fa2000 	C:\WINDOWS\System32\winrnr.dll
0x00007ff8b4fb0000 - 0x00007ff8b4fd2000 	C:\WINDOWS\system32\nlansp_c.dll
0x00007ff90e1c0000 - 0x00007ff90e1d6000 	C:\WINDOWS\system32\wshbth.dll
0x00007ff90c700000 - 0x00007ff90c70b000 	C:\Windows\System32\rasadhlp.dll
0x00007ff90c740000 - 0x00007ff90c7c6000 	C:\WINDOWS\System32\fwpuclnt.dll

dbghelp: loaded successfully - version: 4.0.5 - missing functions: none
symbol engine: initialized successfully - sym options: 0x614 - pdb path: .;C:\Program Files\Java\jdk-20\bin;C:\WINDOWS\SYSTEM32;C:\WINDOWS\WinSxS\amd64_microsoft.windows.common-controls_6595b64144ccf1df_6.0.26100.7705_none_3e06597ae3363b04;C:\Program Files\Java\jdk-20\bin\server;C:\Users\admin\.gradle\native\1def1411415f61bf3af743bc5b6707747c0891f09f0c88961ee8f79bc544acac\windows-amd64;C:\Users\admin\.gradle\native\0.2.7\x86_64-windows-gnu

VM Arguments:
jvm_args: --add-opens=java.base/java.lang=ALL-UNNAMED --add-opens=java.base/java.lang.invoke=ALL-UNNAMED --add-opens=java.base/java.util=ALL-UNNAMED --add-opens=java.prefs/java.util.prefs=ALL-UNNAMED --add-exports=jdk.compiler/com.sun.tools.javac.api=ALL-UNNAMED --add-exports=jdk.compiler/com.sun.tools.javac.util=ALL-UNNAMED --add-opens=java.base/java.util=ALL-UNNAMED --add-opens=java.prefs/java.util.prefs=ALL-UNNAMED --add-opens=java.base/java.nio.charset=ALL-UNNAMED --add-opens=java.base/java.net=ALL-UNNAMED --add-opens=java.base/java.util.concurrent.atomic=ALL-UNNAMED --add-opens=java.xml/javax.xml.namespace=ALL-UNNAMED -Xmx2048m -Dfile.encoding=UTF-8 -Duser.country=GB -Duser.language=en -Duser.variant -javaagent:C:\Users\admin\.gradle\wrapper\dists\gradle-8.14.4-bin\92wwslzcyst3phie3o264zltu\gradle-8.14.4\lib\agents\gradle-instrumentation-agent-8.14.4.jar 
java_command: org.gradle.launcher.daemon.bootstrap.GradleDaemon 8.14.4
java_class_path (initial): C:\Users\admin\.gradle\wrapper\dists\gradle-8.14.4-bin\92wwslzcyst3phie3o264zltu\gradle-8.14.4\lib\gradle-daemon-main-8.14.4.jar
Launcher Type: SUN_STANDARD

[Global flags]
     intx CICompilerCount                          = 4                                         {product} {ergonomic}
     uint ConcGCThreads                            = 2                                         {product} {ergonomic}
     uint G1ConcRefinementThreads                  = 8                                         {product} {ergonomic}
   size_t G1HeapRegionSize                         = 1048576                                   {product} {ergonomic}
    uintx GCDrainStackTargetSize                   = 64                                        {product} {ergonomic}
   size_t InitialHeapSize                          = 117440512                                 {product} {ergonomic}
   size_t MarkStackSize                            = 4194304                                   {product} {ergonomic}
   size_t MaxHeapSize                              = 2147483648                                {product} {command line}
   size_t MaxNewSize                               = 1287651328                                {product} {ergonomic}
   size_t MinHeapDeltaBytes                        = 1048576                                   {product} {ergonomic}
   size_t MinHeapSize                              = 8388608                                   {product} {ergonomic}
    uintx NonNMethodCodeHeapSize                   = 5839372                                {pd product} {ergonomic}
    uintx NonProfiledCodeHeapSize                  = 122909434                              {pd product} {ergonomic}
    uintx ProfiledCodeHeapSize                     = 122909434                              {pd product} {ergonomic}
    uintx ReservedCodeCacheSize                    = 251658240                              {pd product} {ergonomic}
     bool SegmentedCodeCache                       = true                                      {product} {ergonomic}
   size_t SoftMaxHeapSize                          = 2147483648                             {manageable} {ergonomic}
     bool UseCompressedClassPointers               = true                           {product lp64_product} {ergonomic}
     bool UseCompressedOops                        = true                           {product lp64_product} {ergonomic}
     bool UseG1GC                                  = true                                      {product} {ergonomic}
     bool UseLargePagesIndividualAllocation        = false                                  {pd product} {ergonomic}

Logging:
Log output configuration:
 #0: stdout all=warning uptime,level,tags foldmultilines=false
 #1: stderr all=off uptime,level,tags foldmultilines=false

Environment Variables:
JAVA_HOME=C:\Program Files\Java\jdk-20
PATH=C:\Program Files\Common Files\Oracle\Java\javapath;C:\WINDOWS\system32;C:\WINDOWS;C:\WINDOWS\System32\Wbem;C:\WINDOWS\System32\WindowsPowerShell\v1.0\;C:\WINDOWS\System32\OpenSSH\;C:\Program Files\Java\jdk-20\bin;C:\Users\admin\AppData\Local\Packages\PythonSoftwareFoundation.Python.3.11_qbz5n2kfra8p0\LocalCache\local-packages\Python311\Scripts;C:\Users\admin\AppData\Local\Programs\Python\Python311\python.exe;C:\Users\admin\OneDrive\Apps\Documents\chromedriver-win64\chromedriver.exe;C:\Program Files\Git\cmd;C:\Users\admin\AppData\Local\Pub\Cache\bin\flutterfire.bat;C:\Users\admin\Documents\firebase-tools-instant-win.exe;C:\Users\admin\shorebird\bin;C:\Users\admin\flutter\bin;C:\Users\admin\flutter\dev;C:\Program Files\Docker\Docker\resources\bin;C:\Program Files\Amazon\AWSCLIV2\;C:\Program Files\PowerShell\7\;%NVM_HOME%;%NVM_SYMLINK%;C:\Users\admin\.local\bin;C:\Users\admin\AppData\Local\Programs\Python\Python311\Scripts\;C:\Users\admin\AppData\Local\Programs\Python\Python311\;C:\Users\admin\AppData\Local\Microsoft\WindowsApps;C:\Program Files\JetBrains\IntelliJ IDEA Community Edition 2023.1.2\bin;C:\Program Files\JetBrains\PyCharm 2023.2.1\bin;C:\Program Files\JetBrains\PyCharm Community Edition 2023.2.1\bin;C:\Users\admin\AppData\Local\JetBrains\Toolbox\scripts;C:\Program Files\JetBrains\PyCharm 2024.1.1\bin;;C:\dart-sdk\bin;C:\Users\admin\Documents\firebase-tools-instant-win.exe;C:\Users\admin\AppData\Local\Pub\Cache\bin;C:\Users\admin\AppData\Roaming\npm;C:\Users\admin\shorebird\bin;C:\Users\admin\flutter\bin;C:\Users\admin\flutter\dev;C:\Users\admin\AppData\Local\Microsoft\WindowsApps;C:\Users\admin\AppData\Local\Programs\Ollama;C:\Users\admin\AppData\Local\Programs\Microsoft VS Code\bin;C:\Users\admin\AppData\Local\nvm;C:\nvm4w\nodejs
USERNAME=admin
OS=Windows_NT
PROCESSOR_IDENTIFIER=AMD64 Family 23 Model 24 Stepping 1, AuthenticAMD
TMP=C:\Users\admin\AppData\Local\Temp
TEMP=C:\Users\admin\AppData\Local\Temp




---------------  S Y S T E M  ---------------

OS:
 Windows 11 , 64 bit Build 26100 (10.0.26100.7705)
OS uptime: 0 days 4:30 hours
Hyper-V role detected

CPU: total 8 (initial active 8) (8 cores per cpu, 2 threads per core) family 23 model 24 stepping 1 microcode 0x8108109, cx8, cmov, fxsr, ht, mmx, 3dnowpref, sse, sse2, sse3, ssse3, sse4a, sse4.1, sse4.2, popcnt, lzcnt, tsc, tscinvbit, avx, avx2, aes, clmul, bmi1, bmi2, adx, sha, fma, vzeroupper, clflush, clflushopt, hv, rdtscp, f16c

Memory: 4k page, system-wide physical 7103M (481M free)
TotalPageFile size 15103M (AvailPageFile size 71M)
current process WorkingSet (physical memory assigned to process): 544M, peak: 604M
current process commit charge ("private bytes"): 793M, peak: 972M

vm_info: Java HotSpot(TM) 64-Bit Server VM (20.0.1+9-29) for windows-amd64 JRE (20.0.1+9-29), built on 2023-03-07T13:56:11Z by "mach5one" with MS VC++ 17.1 (VS2022)

END.
